[2026-10-02 17:47:15] heartbeat start: node=fstdd003 url=http://120.55.159.42:8788 loop=False interval=60s token=MISSING
[2026-10-02 17:47:15] ⚠️ FSTDD_TOKEN 未设置 → multihub 会返回 credential rejected → 先等 K 注册
[2026-10-02 17:47:20] token-missed beat result: ok=False detail=URLError: timed out
[2026-10-02 17:47:42] heartbeat start: node=fstdd003 url=http://127.0.0.1:8788 loop=False interval=60s token=MISSING
[2026-10-02 17:47:42] ⚠️ FSTDD_TOKEN 未设置 → multihub 会返回 credential rejected → 先等 K 注册
[2026-10-02 17:47:44] token-missed beat result: ok=False detail=HTTP 401: {"error": "credential rejected", "reason": "missing_or_unknown_credential", "fix": "检查 X-FSTDD-Token 是否为有效且未吊销的节点凭据；若遗失请联系管理节点(K)重新签发"}
[2026-10-02 19:01:14] heartbeat start: node=fstdd003 url=http://127.0.0.1:8788 loop=False interval=60s token=SET
[2026-10-02 19:01:17] single beat: ok=False detail=HTTP 400: {"error": "node not registered"}
[2026-10-02 19:01:17] heartbeat start: node=fstdd003 url=http://127.0.0.1:8788 loop=True interval=60s token=SET
[2026-10-02 19:01:18] ❌ beat fail (1/30): HTTP 400: {"error": "node not registered"}
[2026-10-02 19:01:39] heartbeat start: node=FSTDD003 url=http://120.55.159.42:8788 loop=False interval=60s token=MISSING
[2026-10-02 19:01:39] ⚠️ FSTDD_TOKEN 未设置 → multihub 会返回 credential rejected → 先等 K 注册
[2026-10-02 19:01:44] token-missed beat result: ok=False detail=URLError: timed out
[2026-10-02 19:02:17] heartbeat start: node=FSTDD003 url=http://120.55.159.42:8788 loop=False interval=60s token=MISSING
[2026-10-02 19:02:17] ⚠️ FSTDD_TOKEN 未设置 → multihub 会返回 credential rejected → 先等 K 注册
[2026-10-02 19:02:19] ❌ beat fail (2/30): HTTP 400: {"error": "node not registered"}
[2026-10-02 19:02:22] token-missed beat result: ok=False detail=URLError: timed out
[2026-10-02 19:02:47] heartbeat start: node=FSTDD003 url=http://127.0.0.1:8788 loop=False interval=60s token=MISSING
[2026-10-02 19:02:47] ⚠️ FSTDD_TOKEN 未设置 → multihub 会返回 credential rejected → 先等 K 注册
[2026-10-02 19:02:48] token-missed beat result: ok=False detail=HTTP 401: {"error": "credential rejected", "reason": "missing_or_unknown_credential", "fix": "检查 X-FSTDD-Token 是否为有效且未吊销的节点凭据；若遗失请联系管理节点(K)重新签发"}
[2026-10-02 19:02:49] heartbeat start: node=FSTDD003 url=http://127.0.0.1:8788 loop=True interval=60s token=MISSING
[2026-10-02 19:02:49] ⚠️ FSTDD_TOKEN 未设置 → multihub 会返回 credential rejected → 先等 K 注册
[2026-10-02 19:02:50] token-missed beat result: ok=False detail=HTTP 401: {"error": "credential rejected", "reason": "missing_or_unknown_credential", "fix": "检查 X-FSTDD-Token 是否为有效且未吊销的节点凭据；若遗失请联系管理节点(K)重新签发"}
[2026-10-02 19:03:20] ❌ beat fail (3/30): HTTP 400: {"error": "node not registered"}
[2026-10-02 19:03:27] heartbeat start: node=FSTDD003 url=http://127.0.0.1:8788 loop=False interval=60s token=SET
[2026-10-02 19:03:28] single beat: ok=True detail=node_id=FSTDD003 last_seen=1790939008.1534667
[2026-10-02 19:03:28] heartbeat start: node=FSTDD003 url=http://127.0.0.1:8788 loop=True interval=60s token=SET
[2026-10-02 19:03:30] ✅ beat ok: node_id=FSTDD003 last_seen=1790939009.5646257
[2026-10-02 19:04:21] ❌ beat fail (4/30): HTTP 400: {"error": "node not registered"}
[2026-10-02 19:04:30] ✅ beat ok: node_id=FSTDD003 last_seen=1790939070.661221
[2026-10-02 19:05:22] ❌ beat fail (5/30): HTTP 400: {"error": "node not registered"}
[2026-10-02 19:05:31] ✅ beat ok: node_id=FSTDD003 last_seen=1790939131.3528442
[2026-10-02 19:06:23] ❌ beat fail (6/30): HTTP 400: {"error": "node not registered"}
[2026-10-02 19:06:32] ✅ beat ok: node_id=FSTDD003 last_seen=1790939192.4363124
[2026-10-02 19:07:24] ❌ beat fail (7/30): HTTP 400: {"error": "node not registered"}
[2026-10-02 19:07:33] ✅ beat ok: node_id=FSTDD003 last_seen=1790939253.1589668
[2026-10-02 19:08:25] ❌ beat fail (8/30): HTTP 400: {"error": "node not registered"}
[2026-10-02 19:08:34] ✅ beat ok: node_id=FSTDD003 last_seen=1790939314.241981
[2026-10-02 19:09:25] ❌ beat fail (9/30): HTTP 400: {"error": "node not registered"}
[2026-10-02 19:09:35] ✅ beat ok: node_id=FSTDD003 last_seen=1790939375.3269687
[2026-10-02 19:10:26] ❌ beat fail (10/30): HTTP 400: {"error": "node not registered"}
[2026-10-02 19:10:36] ✅ beat ok: node_id=FSTDD003 last_seen=1790939436.02158
[2026-10-02 19:11:27] ❌ beat fail (11/30): HTTP 400: {"error": "node not registered"}
[2026-10-02 19:11:37] ✅ beat ok: node_id=FSTDD003 last_seen=1790939497.1169572
[2026-10-02 19:12:29] ❌ beat fail (12/30): HTTP 400: {"error": "node not registered"}
[2026-10-02 19:12:38] ✅ beat ok: node_id=FSTDD003 last_seen=1790939557.8449383
[2026-10-02 19:13:30] ❌ beat fail (13/30): HTTP 400: {"error": "node not registered"}
[2026-10-02 19:13:39] ✅ beat ok: node_id=FSTDD003 last_seen=1790939618.9377904
[2026-10-02 19:14:31] ❌ beat fail (14/30): HTTP 400: {"error": "node not registered"}
[2026-10-02 19:14:40] ✅ beat ok: node_id=FSTDD003 last_seen=1790939680.0489876
[2026-10-02 19:15:32] ❌ beat fail (15/30): HTTP 400: {"error": "node not registered"}
[2026-10-02 19:15:41] ✅ beat ok: node_id=FSTDD003 last_seen=1790939741.1276977
[2026-10-02 19:16:32] ❌ beat fail (16/30): HTTP 400: {"error": "node not registered"}
[2026-10-02 19:16:42] ✅ beat ok: node_id=FSTDD003 last_seen=1790939802.2118134
[2026-10-02 19:17:34] ❌ beat fail (17/30): HTTP 400: {"error": "node not registered"}
[2026-10-02 19:17:43] ✅ beat ok: node_id=FSTDD003 last_seen=1790939863.2856023
[2026-10-02 19:18:35] ❌ beat fail (18/30): HTTP 400: {"error": "node not registered"}
[2026-10-02 19:18:44] ✅ beat ok: node_id=FSTDD003 last_seen=1790939924.3733218
[2026-10-02 19:19:36] ❌ beat fail (19/30): HTTP 400: {"error": "node not registered"}
[2026-10-02 19:19:46] ✅ beat ok: node_id=FSTDD003 last_seen=1790939985.5040512
[2026-10-02 19:20:37] ❌ beat fail (20/30): HTTP 400: {"error": "node not registered"}
[2026-10-02 19:20:47] ✅ beat ok: node_id=FSTDD003 last_seen=1790940046.6155314
[2026-10-02 19:21:37] ❌ beat fail (21/30): HTTP 400: {"error": "node not registered"}
[2026-10-02 19:21:48] ✅ beat ok: node_id=FSTDD003 last_seen=1790940107.6885614
[2026-10-02 19:22:38] ❌ beat fail (22/30): HTTP 400: {"error": "node not registered"}
[2026-10-02 19:22:48] ✅ beat ok: node_id=FSTDD003 last_seen=1790940168.7587886
[2026-10-02 19:23:39] ❌ beat fail (23/30): HTTP 400: {"error": "node not registered"}
[2026-10-02 19:23:50] ✅ beat ok: node_id=FSTDD003 last_seen=1790940229.4552362
[2026-10-02 19:24:40] ❌ beat fail (24/30): HTTP 400: {"error": "node not registered"}
[2026-10-02 19:24:51] ✅ beat ok: node_id=FSTDD003 last_seen=1790940290.5504525
[2026-10-02 19:25:41] ❌ beat fail (25/30): HTTP 400: {"error": "node not registered"}
[2026-10-02 19:25:52] ✅ beat ok: node_id=FSTDD003 last_seen=1790940351.6565456
[2026-10-02 19:26:41] ❌ beat fail (26/30): HTTP 400: {"error": "node not registered"}
[2026-10-02 19:26:52] ✅ beat ok: node_id=FSTDD003 last_seen=1790940412.7397978
[2026-10-02 19:27:42] ❌ beat fail (27/30): HTTP 400: {"error": "node not registered"}
[2026-10-02 19:27:53] ✅ beat ok: node_id=FSTDD003 last_seen=1790940473.4459226
[2026-10-02 19:28:43] ❌ beat fail (28/30): HTTP 400: {"error": "node not registered"}
[2026-10-02 19:28:55] ✅ beat ok: node_id=FSTDD003 last_seen=1790940534.5286553
[2026-10-02 19:29:44] ❌ beat fail (29/30): HTTP 400: {"error": "node not registered"}
[2026-10-02 19:29:56] ✅ beat ok: node_id=FSTDD003 last_seen=1790940595.6031148
[2026-10-02 19:30:45] ❌ beat fail (30/30): HTTP 400: {"error": "node not registered"}
[2026-10-02 19:30:45] ⚠️ 连续失败超限 → 继续但标记告警
[2026-10-02 19:30:57] ✅ beat ok: node_id=FSTDD003 last_seen=1790940656.6862595
[2026-10-02 19:31:46] ❌ beat fail (31/30): HTTP 400: {"error": "node not registered"}
[2026-10-02 19:31:46] ⚠️ 连续失败超限 → 继续但标记告警
[2026-10-02 19:31:58] ✅ beat ok: node_id=FSTDD003 last_seen=1790940717.7993286
[2026-10-02 19:32:47] ❌ beat fail (32/30): HTTP 400: {"error": "node not registered"}
[2026-10-02 19:32:47] ⚠️ 连续失败超限 → 继续但标记告警
[2026-10-02 19:32:59] ✅ beat ok: node_id=FSTDD003 last_seen=1790940778.8253067
[2026-10-02 19:33:48] ❌ beat fail (33/30): HTTP 400: {"error": "node not registered"}
[2026-10-02 19:33:48] ⚠️ 连续失败超限 → 继续但标记告警
[2026-10-02 19:34:00] ✅ beat ok: node_id=FSTDD003 last_seen=1790940840.001889
[2026-10-02 19:34:49] ❌ beat fail (34/30): HTTP 400: {"error": "node not registered"}
[2026-10-02 19:34:49] ⚠️ 连续失败超限 → 继续但标记告警
[2026-10-02 19:35:01] ✅ beat ok: node_id=FSTDD003 last_seen=1790940901.093073
[2026-10-02 19:35:50] ❌ beat fail (35/30): HTTP 400: {"error": "node not registered"}
[2026-10-02 19:35:50] ⚠️ 连续失败超限 → 继续但标记告警
[2026-10-02 19:36:02] ✅ beat ok: node_id=FSTDD003 last_seen=1790940962.175706
[2026-10-02 19:36:52] ❌ beat fail (36/30): HTTP 400: {"error": "node not registered"}
[2026-10-02 19:36:52] ⚠️ 连续失败超限 → 继续但标记告警
[2026-10-02 19:37:03] ✅ beat ok: node_id=FSTDD003 last_seen=1790941022.8920627
[2026-10-02 19:37:53] ❌ beat fail (37/30): HTTP 400: {"error": "node not registered"}
[2026-10-02 19:37:53] ⚠️ 连续失败超限 → 继续但标记告警
[2026-10-02 19:38:04] ✅ beat ok: node_id=FSTDD003 last_seen=1790941084.0513415
[2026-10-02 19:38:54] ❌ beat fail (38/30): HTTP 400: {"error": "node not registered"}
[2026-10-02 19:38:54] ⚠️ 连续失败超限 → 继续但标记告警
[2026-10-02 19:39:06] ✅ beat ok: node_id=FSTDD003 last_seen=1790941145.5190008
[2026-10-02 19:39:55] ❌ beat fail (39/30): HTTP 400: {"error": "node not registered"}
[2026-10-02 19:39:55] ⚠️ 连续失败超限 → 继续但标记告警
[2026-10-02 19:40:06] ✅ beat ok: node_id=FSTDD003 last_seen=1790941206.5925336
[2026-10-02 19:40:57] ❌ beat fail (40/30): HTTP 400: {"error": "node not registered"}
[2026-10-02 19:40:57] ⚠️ 连续失败超限 → 继续但标记告警
[2026-10-02 19:41:07] ✅ beat ok: node_id=FSTDD003 last_seen=1790941267.3760107
[2026-10-02 19:41:58] ❌ beat fail (41/30): HTTP 400: {"error": "node not registered"}
[2026-10-02 19:41:58] ⚠️ 连续失败超限 → 继续但标记告警
[2026-10-02 19:42:08] ✅ beat ok: node_id=FSTDD003 last_seen=1790941328.593643
[2026-10-02 19:42:59] ❌ beat fail (42/30): HTTP 400: {"error": "node not registered"}
[2026-10-02 19:42:59] ⚠️ 连续失败超限 → 继续但标记告警
[2026-10-02 19:43:10] ✅ beat ok: node_id=FSTDD003 last_seen=1790941389.5206618
[2026-10-02 19:44:00] ❌ beat fail (43/30): HTTP 400: {"error": "node not registered"}
[2026-10-02 19:44:00] ⚠️ 连续失败超限 → 继续但标记告警
[2026-10-02 19:44:11] ✅ beat ok: node_id=FSTDD003 last_seen=1790941450.8346794
[2026-10-02 19:45:02] ❌ beat fail (44/30): HTTP 400: {"error": "node not registered"}
[2026-10-02 19:45:02] ⚠️ 连续失败超限 → 继续但标记告警
[2026-10-02 19:45:12] ✅ beat ok: node_id=FSTDD003 last_seen=1790941512.1039517
[2026-10-02 19:46:03] ❌ beat fail (45/30): HTTP 400: {"error": "node not registered"}
[2026-10-02 19:46:03] ⚠️ 连续失败超限 → 继续但标记告警
[2026-10-02 19:46:13] ✅ beat ok: node_id=FSTDD003 last_seen=1790941573.320232
[2026-10-02 19:47:04] ❌ beat fail (46/30): HTTP 400: {"error": "node not registered"}
[2026-10-02 19:47:04] ⚠️ 连续失败超限 → 继续但标记告警
[2026-10-02 19:47:14] ✅ beat ok: node_id=FSTDD003 last_seen=1790941634.5202146
[2026-10-02 19:48:05] ❌ beat fail (47/30): HTTP 400: {"error": "node not registered"}
[2026-10-02 19:48:05] ⚠️ 连续失败超限 → 继续但标记告警
[2026-10-02 19:48:15] ✅ beat ok: node_id=FSTDD003 last_seen=1790941695.3425329
[2026-10-02 19:49:06] ❌ beat fail (48/30): HTTP 400: {"error": "node not registered"}
[2026-10-02 19:49:06] ⚠️ 连续失败超限 → 继续但标记告警
[2026-10-02 19:49:17] ✅ beat ok: node_id=FSTDD003 last_seen=1790941756.5503626
[2026-10-02 19:50:08] ❌ beat fail (49/30): HTTP 400: {"error": "node not registered"}
[2026-10-02 19:50:08] ⚠️ 连续失败超限 → 继续但标记告警
[2026-10-02 19:50:17] ✅ beat ok: node_id=FSTDD003 last_seen=1790941817.6853547
[2026-10-02 19:51:08] ❌ beat fail (50/30): HTTP 400: {"error": "node not registered"}
[2026-10-02 19:51:08] ⚠️ 连续失败超限 → 继续但标记告警
[2026-10-02 19:51:19] ✅ beat ok: node_id=FSTDD003 last_seen=1790941878.4768555
[2026-10-02 19:52:10] ❌ beat fail (51/30): HTTP 400: {"error": "node not registered"}
[2026-10-02 19:52:10] ⚠️ 连续失败超限 → 继续但标记告警
[2026-10-02 19:52:20] ✅ beat ok: node_id=FSTDD003 last_seen=1790941939.7336354
[2026-10-02 19:53:11] ❌ beat fail (52/30): HTTP 400: {"error": "node not registered"}
[2026-10-02 19:53:11] ⚠️ 连续失败超限 → 继续但标记告警
[2026-10-02 19:53:21] ✅ beat ok: node_id=FSTDD003 last_seen=1790942001.0882146
[2026-10-02 19:54:12] ❌ beat fail (53/30): HTTP 400: {"error": "node not registered"}
[2026-10-02 19:54:14] ⚠️ 连续失败超限 → 继续但标记告警
[2026-10-02 19:54:22] ✅ beat ok: node_id=FSTDD003 last_seen=1790942062.3974197
[2026-10-02 19:55:15] ❌ beat fail (54/30): HTTP 400: {"error": "node not registered"}
[2026-10-02 19:55:15] ⚠️ 连续失败超限 → 继续但标记告警
[2026-10-02 19:55:23] ✅ beat ok: node_id=FSTDD003 last_seen=1790942123.2294028
[2026-10-02 19:56:16] ❌ beat fail (55/30): HTTP 400: {"error": "node not registered"}
[2026-10-02 19:56:16] ⚠️ 连续失败超限 → 继续但标记告警
[2026-10-02 19:56:24] ✅ beat ok: node_id=FSTDD003 last_seen=1790942184.0205462
[2026-10-02 19:57:17] ❌ beat fail (56/30): HTTP 400: {"error": "node not registered"}
[2026-10-02 19:57:17] ⚠️ 连续失败超限 → 继续但标记告警
[2026-10-02 19:57:25] ✅ beat ok: node_id=FSTDD003 last_seen=1790942244.7650416
[2026-10-02 19:58:18] ❌ beat fail (57/30): HTTP 400: {"error": "node not registered"}
[2026-10-02 19:58:18] ⚠️ 连续失败超限 → 继续但标记告警
[2026-10-02 19:58:26] ✅ beat ok: node_id=FSTDD003 last_seen=1790942305.9596446
[2026-10-02 19:59:19] ❌ beat fail (58/30): HTTP 400: {"error": "node not registered"}
[2026-10-02 19:59:19] ⚠️ 连续失败超限 → 继续但标记告警
[2026-10-02 19:59:27] ✅ beat ok: node_id=FSTDD003 last_seen=1790942367.186945
[2026-10-02 20:00:20] ❌ beat fail (59/30): HTTP 400: {"error": "node not registered"}
[2026-10-02 20:00:20] ⚠️ 连续失败超限 → 继续但标记告警
[2026-10-02 20:00:28] ✅ beat ok: node_id=FSTDD003 last_seen=1790942428.371108
[2026-10-02 20:01:21] ❌ beat fail (60/30): HTTP 400: {"error": "node not registered"}
[2026-10-02 20:01:21] ⚠️ 连续失败超限 → 继续但标记告警
[2026-10-02 20:01:29] ✅ beat ok: node_id=FSTDD003 last_seen=1790942489.0766478
[2026-10-02 20:02:22] ❌ beat fail (61/30): HTTP 400: {"error": "node not registered"}
[2026-10-02 20:02:22] ⚠️ 连续失败超限 → 继续但标记告警
[2026-10-02 20:02:30] ✅ beat ok: node_id=FSTDD003 last_seen=1790942549.7834373
[2026-10-02 20:03:24] ❌ beat fail (62/30): HTTP 400: {"error": "node not registered"}
[2026-10-02 20:03:24] ⚠️ 连续失败超限 → 继续但标记告警
[2026-10-02 20:03:31] ✅ beat ok: node_id=FSTDD003 last_seen=1790942611.0054424
[2026-10-02 20:04:25] ❌ beat fail (63/30): HTTP 400: {"error": "node not registered"}
[2026-10-02 20:04:25] ⚠️ 连续失败超限 → 继续但标记告警
[2026-10-02 20:04:32] ✅ beat ok: node_id=FSTDD003 last_seen=1790942672.2894182
[2026-10-02 20:05:26] ❌ beat fail (64/30): HTTP 400: {"error": "node not registered"}
[2026-10-02 20:05:26] ⚠️ 连续失败超限 → 继续但标记告警
[2026-10-02 20:05:34] ✅ beat ok: node_id=FSTDD003 last_seen=1790942733.5686839
[2026-10-02 20:06:27] ❌ beat fail (65/30): HTTP 400: {"error": "node not registered"}
[2026-10-02 20:06:27] ⚠️ 连续失败超限 → 继续但标记告警
[2026-10-02 20:06:35] ✅ beat ok: node_id=FSTDD003 last_seen=1790942794.7809818
[2026-10-02 20:07:28] ❌ beat fail (66/30): HTTP 400: {"error": "node not registered"}
[2026-10-02 20:07:28] ⚠️ 连续失败超限 → 继续但标记告警
[2026-10-02 20:07:36] ✅ beat ok: node_id=FSTDD003 last_seen=1790942855.968204
[2026-10-02 20:08:29] ❌ beat fail (67/30): HTTP 400: {"error": "node not registered"}
[2026-10-02 20:08:29] ⚠️ 连续失败超限 → 继续但标记告警
[2026-10-02 20:08:37] ✅ beat ok: node_id=FSTDD003 last_seen=1790942916.7378972
[2026-10-02 20:09:30] ❌ beat fail (68/30): HTTP 400: {"error": "node not registered"}
[2026-10-02 20:09:30] ⚠️ 连续失败超限 → 继续但标记告警
[2026-10-02 20:09:38] ✅ beat ok: node_id=FSTDD003 last_seen=1790942977.92701
[2026-10-02 20:10:32] ❌ beat fail (69/30): HTTP 400: {"error": "node not registered"}
[2026-10-02 20:10:32] ⚠️ 连续失败超限 → 继续但标记告警
[2026-10-02 20:10:39] ✅ beat ok: node_id=FSTDD003 last_seen=1790943038.8304558
[2026-10-02 20:11:32] ❌ beat fail (70/30): HTTP 400: {"error": "node not registered"}
[2026-10-02 20:11:32] ⚠️ 连续失败超限 → 继续但标记告警
[2026-10-02 20:11:40] ✅ beat ok: node_id=FSTDD003 last_seen=1790943100.1477942
[2026-10-02 20:12:34] ❌ beat fail (71/30): HTTP 400: {"error": "node not registered"}
[2026-10-02 20:12:34] ⚠️ 连续失败超限 → 继续但标记告警
[2026-10-02 20:12:41] ✅ beat ok: node_id=FSTDD003 last_seen=1790943161.4436507
[2026-10-02 20:13:35] ❌ beat fail (72/30): HTTP 400: {"error": "node not registered"}
[2026-10-02 20:13:35] ⚠️ 连续失败超限 → 继续但标记告警
[2026-10-02 20:13:42] ✅ beat ok: node_id=FSTDD003 last_seen=1790943222.2694175
[2026-10-02 20:14:36] ❌ beat fail (73/30): HTTP 400: {"error": "node not registered"}
[2026-10-02 20:14:36] ⚠️ 连续失败超限 → 继续但标记告警
[2026-10-02 20:14:43] ✅ beat ok: node_id=FSTDD003 last_seen=1790943283.5832324
[2026-10-02 20:15:37] ❌ beat fail (74/30): HTTP 400: {"error": "node not registered"}
[2026-10-02 20:15:37] ⚠️ 连续失败超限 → 继续但标记告警
[2026-10-02 20:15:44] ✅ beat ok: node_id=FSTDD003 last_seen=1790943344.35678
[2026-10-02 20:16:38] ❌ beat fail (75/30): HTTP 400: {"error": "node not registered"}
[2026-10-02 20:16:38] ⚠️ 连续失败超限 → 继续但标记告警
[2026-10-02 20:16:45] ✅ beat ok: node_id=FSTDD003 last_seen=1790943405.1326673
[2026-10-02 20:17:40] ❌ beat fail (76/30): HTTP 400: {"error": "node not registered"}
[2026-10-02 20:17:40] ⚠️ 连续失败超限 → 继续但标记告警
[2026-10-02 20:17:46] ✅ beat ok: node_id=FSTDD003 last_seen=1790943465.948843
[2026-10-02 20:18:41] ❌ beat fail (77/30): HTTP 400: {"error": "node not registered"}
[2026-10-02 20:18:41] ⚠️ 连续失败超限 → 继续但标记告警
[2026-10-02 20:18:47] ✅ beat ok: node_id=FSTDD003 last_seen=1790943527.1359642
[2026-10-02 20:19:42] ❌ beat fail (78/30): HTTP 400: {"error": "node not registered"}
[2026-10-02 20:19:42] ⚠️ 连续失败超限 → 继续但标记告警
[2026-10-02 20:19:48] ✅ beat ok: node_id=FSTDD003 last_seen=1790943588.3704376
[2026-10-02 20:20:43] ❌ beat fail (79/30): HTTP 400: {"error": "node not registered"}
[2026-10-02 20:20:43] ⚠️ 连续失败超限 → 继续但标记告警
[2026-10-02 20:20:49] ✅ beat ok: node_id=FSTDD003 last_seen=1790943649.108156
[2026-10-02 20:21:44] ❌ beat fail (80/30): HTTP 400: {"error": "node not registered"}
[2026-10-02 20:21:44] ⚠️ 连续失败超限 → 继续但标记告警
[2026-10-02 20:21:50] ✅ beat ok: node_id=FSTDD003 last_seen=1790943709.9224627
[2026-10-02 20:22:46] ❌ beat fail (81/30): HTTP 400: {"error": "node not registered"}
[2026-10-02 20:22:46] ⚠️ 连续失败超限 → 继续但标记告警
[2026-10-02 20:22:51] ✅ beat ok: node_id=FSTDD003 last_seen=1790943770.679122
[2026-10-02 20:23:47] ❌ beat fail (82/30): HTTP 400: {"error": "node not registered"}
[2026-10-02 20:23:47] ⚠️ 连续失败超限 → 继续但标记告警
[2026-10-02 20:23:52] ✅ beat ok: node_id=FSTDD003 last_seen=1790943831.9252286
[2026-10-02 20:24:48] ❌ beat fail (83/30): HTTP 400: {"error": "node not registered"}
[2026-10-02 20:24:48] ⚠️ 连续失败超限 → 继续但标记告警
[2026-10-02 20:24:53] ✅ beat ok: node_id=FSTDD003 last_seen=1790943893.2184982
[2026-10-02 20:25:49] ❌ beat fail (84/30): HTTP 400: {"error": "node not registered"}
[2026-10-02 20:25:49] ⚠️ 连续失败超限 → 继续但标记告警
[2026-10-02 20:25:55] ✅ beat ok: node_id=FSTDD003 last_seen=1790943954.5100641
[2026-10-02 20:26:50] ❌ beat fail (85/30): HTTP 400: {"error": "node not registered"}
[2026-10-02 20:26:50] ⚠️ 连续失败超限 → 继续但标记告警
[2026-10-02 20:26:55] ✅ beat ok: node_id=FSTDD003 last_seen=1790944015.8247757
[2026-10-02 20:27:51] ❌ beat fail (86/30): HTTP 400: {"error": "node not registered"}
[2026-10-02 20:27:51] ⚠️ 连续失败超限 → 继续但标记告警
[2026-10-02 20:27:57] ✅ beat ok: node_id=FSTDD003 last_seen=1790944076.6419618
[2026-10-02 20:28:52] ❌ beat fail (87/30): HTTP 400: {"error": "node not registered"}
[2026-10-02 20:28:52] ⚠️ 连续失败超限 → 继续但标记告警
[2026-10-02 20:28:58] ✅ beat ok: node_id=FSTDD003 last_seen=1790944137.917635
[2026-10-02 20:29:53] ❌ beat fail (88/30): HTTP 400: {"error": "node not registered"}
[2026-10-02 20:29:53] ⚠️ 连续失败超限 → 继续但标记告警
[2026-10-02 20:29:59] ✅ beat ok: node_id=FSTDD003 last_seen=1790944199.277591
[2026-10-02 20:30:58] ❌ beat fail (89/30): TimeoutError: timed out
[2026-10-02 20:30:58] ⚠️ 连续失败超限 → 继续但标记告警
[2026-10-02 20:31:04] ❌ beat fail (1/30): TimeoutError: timed out
[2026-10-02 20:32:03] ❌ beat fail (90/30): TimeoutError: timed out
[2026-10-02 20:32:03] ⚠️ 连续失败超限 → 继续但标记告警
[2026-10-02 20:32:09] ❌ beat fail (2/30): TimeoutError: timed out
[2026-10-02 20:33:08] ❌ beat fail (91/30): TimeoutError: timed out
[2026-10-02 20:33:08] ⚠️ 连续失败超限 → 继续但标记告警
[2026-10-02 20:33:14] ❌ beat fail (3/30): TimeoutError: timed out
[2026-10-02 20:34:13] ❌ beat fail (92/30): TimeoutError: timed out
[2026-10-02 20:34:13] ⚠️ 连续失败超限 → 继续但标记告警
[2026-10-02 20:34:19] ❌ beat fail (4/30): TimeoutError: timed out
[2026-10-02 20:35:18] ❌ beat fail (93/30): TimeoutError: timed out
[2026-10-02 20:35:18] ⚠️ 连续失败超限 → 继续但标记告警
[2026-10-02 20:35:24] ❌ beat fail (5/30): TimeoutError: timed out
[2026-10-02 20:36:20] ❌ beat fail (94/30): HTTP 400: {"error": "node not registered"}
[2026-10-02 20:36:20] ⚠️ 连续失败超限 → 继续但标记告警
[2026-10-02 20:36:25] ✅ beat ok: node_id=FSTDD003 last_seen=1790944585.2133331
[2026-10-02 20:37:21] ❌ beat fail (95/30): HTTP 400: {"error": "node not registered"}
[2026-10-02 20:37:21] ⚠️ 连续失败超限 → 继续但标记告警
[2026-10-02 20:37:27] ✅ beat ok: node_id=FSTDD003 last_seen=1790944646.564426
[2026-10-02 20:38:22] ❌ beat fail (96/30): HTTP 400: {"error": "node not registered"}
[2026-10-02 20:38:22] ⚠️ 连续失败超限 → 继续但标记告警
[2026-10-02 20:38:27] ✅ beat ok: node_id=FSTDD003 last_seen=1790944707.8593016
[2026-10-02 20:39:23] ❌ beat fail (97/30): HTTP 400: {"error": "node not registered"}
[2026-10-02 20:39:23] ⚠️ 连续失败超限 → 继续但标记告警
[2026-10-02 20:39:29] ✅ beat ok: node_id=FSTDD003 last_seen=1790944768.7669516
[2026-10-02 20:40:24] ❌ beat fail (98/30): HTTP 400: {"error": "node not registered"}
[2026-10-02 20:40:24] ⚠️ 连续失败超限 → 继续但标记告警
[2026-10-02 20:40:30] ✅ beat ok: node_id=FSTDD003 last_seen=1790944830.1575222
[2026-10-02 20:41:26] ❌ beat fail (99/30): HTTP 400: {"error": "node not registered"}
[2026-10-02 20:41:26] ⚠️ 连续失败超限 → 继续但标记告警
[2026-10-02 20:41:31] ✅ beat ok: node_id=FSTDD003 last_seen=1790944891.4819329
[2026-10-02 20:42:27] ❌ beat fail (100/30): HTTP 400: {"error": "node not registered"}
[2026-10-02 20:42:27] ⚠️ 连续失败超限 → 继续但标记告警
[2026-10-02 20:42:32] ✅ beat ok: node_id=FSTDD003 last_seen=1790944952.2976766
[2026-10-02 20:43:28] ❌ beat fail (101/30): HTTP 400: {"error": "node not registered"}
[2026-10-02 20:43:28] ⚠️ 连续失败超限 → 继续但标记告警
[2026-10-02 20:43:33] ✅ beat ok: node_id=FSTDD003 last_seen=1790945013.1400301
[2026-10-02 20:44:30] ❌ beat fail (102/30): HTTP 400: {"error": "node not registered"}
[2026-10-02 20:44:30] ⚠️ 连续失败超限 → 继续但标记告警
[2026-10-02 20:44:34] ✅ beat ok: node_id=FSTDD003 last_seen=1790945074.038934
[2026-10-02 20:45:31] ❌ beat fail (103/30): HTTP 400: {"error": "node not registered"}
[2026-10-02 20:45:31] ⚠️ 连续失败超限 → 继续但标记告警
[2026-10-02 20:45:35] ✅ beat ok: node_id=FSTDD003 last_seen=1790945134.894288
[2026-10-02 20:46:32] ❌ beat fail (104/30): HTTP 400: {"error": "node not registered"}
[2026-10-02 20:46:32] ⚠️ 连续失败超限 → 继续但标记告警
[2026-10-02 20:46:35] ✅ beat ok: node_id=FSTDD003 last_seen=1790945195.8056467
[2026-10-02 20:47:33] ❌ beat fail (105/30): HTTP 400: {"error": "node not registered"}
[2026-10-02 20:47:33] ⚠️ 连续失败超限 → 继续但标记告警
[2026-10-02 20:47:37] ✅ beat ok: node_id=FSTDD003 last_seen=1790945256.7180526
[2026-10-02 20:48:34] ❌ beat fail (106/30): HTTP 403: {"error": "credential rejected", "reason": "credential_revoked", "fix": "检查 X-FSTDD-Token 是否为有效且未吊销的节点凭据；若遗失请联系管理节点(K)重新签发"}
[2026-10-02 20:48:34] ⚠️ 连续失败超限 → 继续但标记告警
[2026-10-02 20:48:38] ❌ beat fail (1/30): HTTP 403: {"error": "credential rejected", "reason": "credential_revoked", "fix": "检查 X-FSTDD-Token 是否为有效且未吊销的节点凭据；若遗失请联系管理节点(K)重新签发"}
[2026-10-02 20:49:35] ❌ beat fail (107/30): HTTP 403: {"error": "credential rejected", "reason": "credential_revoked", "fix": "检查 X-FSTDD-Token 是否为有效且未吊销的节点凭据；若遗失请联系管理节点(K)重新签发"}
[2026-10-02 20:49:35] ⚠️ 连续失败超限 → 继续但标记告警
[2026-10-02 20:49:39] ❌ beat fail (2/30): HTTP 403: {"error": "credential rejected", "reason": "credential_revoked", "fix": "检查 X-FSTDD-Token 是否为有效且未吊销的节点凭据；若遗失请联系管理节点(K)重新签发"}
[2026-10-02 20:50:36] ❌ beat fail (108/30): HTTP 403: {"error": "credential rejected", "reason": "credential_revoked", "fix": "检查 X-FSTDD-Token 是否为有效且未吊销的节点凭据；若遗失请联系管理节点(K)重新签发"}
[2026-10-02 20:50:36] ⚠️ 连续失败超限 → 继续但标记告警
[2026-10-02 20:50:41] ❌ beat fail (3/30): HTTP 403: {"error": "credential rejected", "reason": "credential_revoked", "fix": "检查 X-FSTDD-Token 是否为有效且未吊销的节点凭据；若遗失请联系管理节点(K)重新签发"}
[2026-10-02 20:51:41] ❌ beat fail (109/30): TimeoutError: timed out
[2026-10-02 20:51:41] ⚠️ 连续失败超限 → 继续但标记告警
[2026-10-02 20:51:46] ❌ beat fail (4/30): TimeoutError: timed out
[2026-10-02 20:52:42] ❌ beat fail (110/30): HTTP 403: {"error": "credential rejected", "reason": "credential_revoked", "fix": "检查 X-FSTDD-Token 是否为有效且未吊销的节点凭据；若遗失请联系管理节点(K)重新签发"}
[2026-10-02 20:52:42] ⚠️ 连续失败超限 → 继续但标记告警
[2026-10-02 20:52:47] ❌ beat fail (5/30): HTTP 403: {"error": "credential rejected", "reason": "credential_revoked", "fix": "检查 X-FSTDD-Token 是否为有效且未吊销的节点凭据；若遗失请联系管理节点(K)重新签发"}
[2026-10-02 20:53:43] ❌ beat fail (111/30): HTTP 403: {"error": "credential rejected", "reason": "credential_revoked", "fix": "检查 X-FSTDD-Token 是否为有效且未吊销的节点凭据；若遗失请联系管理节点(K)重新签发"}
[2026-10-02 20:53:43] ⚠️ 连续失败超限 → 继续但标记告警
[2026-10-02 20:53:48] ❌ beat fail (6/30): HTTP 403: {"error": "credential rejected", "reason": "credential_revoked", "fix": "检查 X-FSTDD-Token 是否为有效且未吊销的节点凭据；若遗失请联系管理节点(K)重新签发"}
[2026-10-02 20:54:44] ❌ beat fail (112/30): HTTP 403: {"error": "credential rejected", "reason": "credential_revoked", "fix": "检查 X-FSTDD-Token 是否为有效且未吊销的节点凭据；若遗失请联系管理节点(K)重新签发"}
[2026-10-02 20:54:44] ⚠️ 连续失败超限 → 继续但标记告警
[2026-10-02 20:54:49] ❌ beat fail (7/30): HTTP 403: {"error": "credential rejected", "reason": "credential_revoked", "fix": "检查 X-FSTDD-Token 是否为有效且未吊销的节点凭据；若遗失请联系管理节点(K)重新签发"}
[2026-10-02 20:55:45] ❌ beat fail (113/30): HTTP 403: {"error": "credential rejected", "reason": "credential_revoked", "fix": "检查 X-FSTDD-Token 是否为有效且未吊销的节点凭据；若遗失请联系管理节点(K)重新签发"}
[2026-10-02 20:55:45] ⚠️ 连续失败超限 → 继续但标记告警
[2026-10-02 20:55:50] ❌ beat fail (8/30): HTTP 403: {"error": "credential rejected", "reason": "credential_revoked", "fix": "检查 X-FSTDD-Token 是否为有效且未吊销的节点凭据；若遗失请联系管理节点(K)重新签发"}
[2026-10-02 20:56:46] ❌ beat fail (114/30): HTTP 403: {"error": "credential rejected", "reason": "credential_revoked", "fix": "检查 X-FSTDD-Token 是否为有效且未吊销的节点凭据；若遗失请联系管理节点(K)重新签发"}
[2026-10-02 20:56:46] ⚠️ 连续失败超限 → 继续但标记告警
[2026-10-02 20:56:51] ❌ beat fail (9/30): HTTP 403: {"error": "credential rejected", "reason": "credential_revoked", "fix": "检查 X-FSTDD-Token 是否为有效且未吊销的节点凭据；若遗失请联系管理节点(K)重新签发"}
[2026-10-02 20:57:47] ❌ beat fail (115/30): HTTP 403: {"error": "credential rejected", "reason": "credential_revoked", "fix": "检查 X-FSTDD-Token 是否为有效且未吊销的节点凭据；若遗失请联系管理节点(K)重新签发"}
[2026-10-02 20:57:47] ⚠️ 连续失败超限 → 继续但标记告警
[2026-10-02 20:57:53] ❌ beat fail (10/30): HTTP 403: {"error": "credential rejected", "reason": "credential_revoked", "fix": "检查 X-FSTDD-Token 是否为有效且未吊销的节点凭据；若遗失请联系管理节点(K)重新签发"}
[2026-10-02 20:58:48] ❌ beat fail (116/30): HTTP 403: {"error": "credential rejected", "reason": "credential_revoked", "fix": "检查 X-FSTDD-Token 是否为有效且未吊销的节点凭据；若遗失请联系管理节点(K)重新签发"}
[2026-10-02 20:58:48] ⚠️ 连续失败超限 → 继续但标记告警
[2026-10-02 20:58:53] ❌ beat fail (11/30): HTTP 403: {"error": "credential rejected", "reason": "credential_revoked", "fix": "检查 X-FSTDD-Token 是否为有效且未吊销的节点凭据；若遗失请联系管理节点(K)重新签发"}
[2026-10-02 20:59:50] ❌ beat fail (117/30): HTTP 403: {"error": "credential rejected", "reason": "credential_revoked", "fix": "检查 X-FSTDD-Token 是否为有效且未吊销的节点凭据；若遗失请联系管理节点(K)重新签发"}
[2026-10-02 20:59:50] ⚠️ 连续失败超限 → 继续但标记告警
[2026-10-02 20:59:54] ❌ beat fail (12/30): HTTP 403: {"error": "credential rejected", "reason": "credential_revoked", "fix": "检查 X-FSTDD-Token 是否为有效且未吊销的节点凭据；若遗失请联系管理节点(K)重新签发"}
[2026-10-02 21:00:50] ❌ beat fail (118/30): HTTP 403: {"error": "credential rejected", "reason": "credential_revoked", "fix": "检查 X-FSTDD-Token 是否为有效且未吊销的节点凭据；若遗失请联系管理节点(K)重新签发"}
[2026-10-02 21:00:50] ⚠️ 连续失败超限 → 继续但标记告警
[2026-10-02 21:00:55] ❌ beat fail (13/30): HTTP 403: {"error": "credential rejected", "reason": "credential_revoked", "fix": "检查 X-FSTDD-Token 是否为有效且未吊销的节点凭据；若遗失请联系管理节点(K)重新签发"}
[2026-10-02 21:01:52] ❌ beat fail (119/30): HTTP 403: {"error": "credential rejected", "reason": "credential_revoked", "fix": "检查 X-FSTDD-Token 是否为有效且未吊销的节点凭据；若遗失请联系管理节点(K)重新签发"}
[2026-10-02 21:01:52] ⚠️ 连续失败超限 → 继续但标记告警
[2026-10-02 21:01:56] ❌ beat fail (14/30): HTTP 403: {"error": "credential rejected", "reason": "credential_revoked", "fix": "检查 X-FSTDD-Token 是否为有效且未吊销的节点凭据；若遗失请联系管理节点(K)重新签发"}
[2026-10-02 21:02:53] ❌ beat fail (120/30): HTTP 403: {"error": "credential rejected", "reason": "credential_revoked", "fix": "检查 X-FSTDD-Token 是否为有效且未吊销的节点凭据；若遗失请联系管理节点(K)重新签发"}
[2026-10-02 21:02:53] ⚠️ 连续失败超限 → 继续但标记告警
[2026-10-02 21:02:57] ❌ beat fail (15/30): HTTP 403: {"error": "credential rejected", "reason": "credential_revoked", "fix": "检查 X-FSTDD-Token 是否为有效且未吊销的节点凭据；若遗失请联系管理节点(K)重新签发"}
[2026-10-02 21:03:54] ❌ beat fail (121/30): HTTP 403: {"error": "credential rejected", "reason": "credential_revoked", "fix": "检查 X-FSTDD-Token 是否为有效且未吊销的节点凭据；若遗失请联系管理节点(K)重新签发"}
[2026-10-02 21:03:54] ⚠️ 连续失败超限 → 继续但标记告警
[2026-10-02 21:03:59] ❌ beat fail (16/30): HTTP 403: {"error": "credential rejected", "reason": "credential_revoked", "fix": "检查 X-FSTDD-Token 是否为有效且未吊销的节点凭据；若遗失请联系管理节点(K)重新签发"}
[2026-10-02 21:04:55] ❌ beat fail (122/30): HTTP 403: {"error": "credential rejected", "reason": "credential_revoked", "fix": "检查 X-FSTDD-Token 是否为有效且未吊销的节点凭据；若遗失请联系管理节点(K)重新签发"}
[2026-10-02 21:04:55] ⚠️ 连续失败超限 → 继续但标记告警
[2026-10-02 21:05:00] ❌ beat fail (17/30): HTTP 403: {"error": "credential rejected", "reason": "credential_revoked", "fix": "检查 X-FSTDD-Token 是否为有效且未吊销的节点凭据；若遗失请联系管理节点(K)重新签发"}
[2026-10-02 21:05:56] ❌ beat fail (123/30): HTTP 403: {"error": "credential rejected", "reason": "credential_revoked", "fix": "检查 X-FSTDD-Token 是否为有效且未吊销的节点凭据；若遗失请联系管理节点(K)重新签发"}
[2026-10-02 21:05:56] ⚠️ 连续失败超限 → 继续但标记告警
[2026-10-02 21:06:01] ❌ beat fail (18/30): HTTP 403: {"error": "credential rejected", "reason": "credential_revoked", "fix": "检查 X-FSTDD-Token 是否为有效且未吊销的节点凭据；若遗失请联系管理节点(K)重新签发"}
[2026-10-02 21:06:57] ❌ beat fail (124/30): HTTP 403: {"error": "credential rejected", "reason": "credential_revoked", "fix": "检查 X-FSTDD-Token 是否为有效且未吊销的节点凭据；若遗失请联系管理节点(K)重新签发"}
[2026-10-02 21:06:57] ⚠️ 连续失败超限 → 继续但标记告警
[2026-10-02 21:07:02] ❌ beat fail (19/30): HTTP 403: {"error": "credential rejected", "reason": "credential_revoked", "fix": "检查 X-FSTDD-Token 是否为有效且未吊销的节点凭据；若遗失请联系管理节点(K)重新签发"}
[2026-10-02 21:07:59] ❌ beat fail (125/30): HTTP 403: {"error": "credential rejected", "reason": "credential_revoked", "fix": "检查 X-FSTDD-Token 是否为有效且未吊销的节点凭据；若遗失请联系管理节点(K)重新签发"}
[2026-10-02 21:07:59] ⚠️ 连续失败超限 → 继续但标记告警
[2026-10-02 21:08:03] ❌ beat fail (20/30): HTTP 403: {"error": "credential rejected", "reason": "credential_revoked", "fix": "检查 X-FSTDD-Token 是否为有效且未吊销的节点凭据；若遗失请联系管理节点(K)重新签发"}
[2026-10-02 21:09:00] ❌ beat fail (126/30): HTTP 403: {"error": "credential rejected", "reason": "credential_revoked", "fix": "检查 X-FSTDD-Token 是否为有效且未吊销的节点凭据；若遗失请联系管理节点(K)重新签发"}
[2026-10-02 21:09:00] ⚠️ 连续失败超限 → 继续但标记告警
[2026-10-02 21:09:04] ❌ beat fail (21/30): HTTP 403: {"error": "credential rejected", "reason": "credential_revoked", "fix": "检查 X-FSTDD-Token 是否为有效且未吊销的节点凭据；若遗失请联系管理节点(K)重新签发"}
[2026-10-02 21:10:05] ❌ beat fail (127/30): TimeoutError: timed out
[2026-10-02 21:10:05] ⚠️ 连续失败超限 → 继续但标记告警
[2026-10-02 21:10:09] ❌ beat fail (22/30): TimeoutError: timed out
[2026-10-02 21:11:10] ❌ beat fail (128/30): TimeoutError: timed out
[2026-10-02 21:11:10] ⚠️ 连续失败超限 → 继续但标记告警
[2026-10-02 21:11:14] ❌ beat fail (23/30): TimeoutError: timed out
[2026-10-02 21:12:15] ❌ beat fail (129/30): TimeoutError: timed out
[2026-10-02 21:12:15] ⚠️ 连续失败超限 → 继续但标记告警
[2026-10-02 21:12:19] ❌ beat fail (24/30): TimeoutError: timed out
[2026-10-02 21:13:20] ❌ beat fail (130/30): TimeoutError: timed out
[2026-10-02 21:13:20] ⚠️ 连续失败超限 → 继续但标记告警
[2026-10-02 21:13:24] ❌ beat fail (25/30): TimeoutError: timed out
[2026-10-02 21:14:21] ❌ beat fail (131/30): HTTP 403: {"error": "credential rejected", "reason": "credential_revoked", "fix": "检查 X-FSTDD-Token 是否为有效且未吊销的节点凭据；若遗失请联系管理节点(K)重新签发"}
[2026-10-02 21:14:21] ⚠️ 连续失败超限 → 继续但标记告警
[2026-10-02 21:14:25] ❌ beat fail (26/30): HTTP 403: {"error": "credential rejected", "reason": "credential_revoked", "fix": "检查 X-FSTDD-Token 是否为有效且未吊销的节点凭据；若遗失请联系管理节点(K)重新签发"}
[2026-10-02 21:15:22] ❌ beat fail (132/30): HTTP 403: {"error": "credential rejected", "reason": "credential_revoked", "fix": "检查 X-FSTDD-Token 是否为有效且未吊销的节点凭据；若遗失请联系管理节点(K)重新签发"}
[2026-10-02 21:15:22] ⚠️ 连续失败超限 → 继续但标记告警
[2026-10-02 21:15:27] ❌ beat fail (27/30): HTTP 403: {"error": "credential rejected", "reason": "credential_revoked", "fix": "检查 X-FSTDD-Token 是否为有效且未吊销的节点凭据；若遗失请联系管理节点(K)重新签发"}
[2026-10-02 21:16:24] ❌ beat fail (133/30): HTTP 403: {"error": "credential rejected", "reason": "credential_revoked", "fix": "检查 X-FSTDD-Token 是否为有效且未吊销的节点凭据；若遗失请联系管理节点(K)重新签发"}
[2026-10-02 21:16:24] ⚠️ 连续失败超限 → 继续但标记告警
[2026-10-02 21:16:28] ❌ beat fail (28/30): HTTP 403: {"error": "credential rejected", "reason": "credential_revoked", "fix": "检查 X-FSTDD-Token 是否为有效且未吊销的节点凭据；若遗失请联系管理节点(K)重新签发"}
[2026-10-02 21:17:24] ❌ beat fail (134/30): HTTP 403: {"error": "credential rejected", "reason": "credential_revoked", "fix": "检查 X-FSTDD-Token 是否为有效且未吊销的节点凭据；若遗失请联系管理节点(K)重新签发"}
[2026-10-02 21:17:24] ⚠️ 连续失败超限 → 继续但标记告警
[2026-10-02 21:17:30] ❌ beat fail (29/30): HTTP 403: {"error": "credential rejected", "reason": "credential_revoked", "fix": "检查 X-FSTDD-Token 是否为有效且未吊销的节点凭据；若遗失请联系管理节点(K)重新签发"}
[2026-10-02 21:18:26] ❌ beat fail (135/30): HTTP 403: {"error": "credential rejected", "reason": "credential_revoked", "fix": "检查 X-FSTDD-Token 是否为有效且未吊销的节点凭据；若遗失请联系管理节点(K)重新签发"}
[2026-10-02 21:18:26] ⚠️ 连续失败超限 → 继续但标记告警
[2026-10-02 21:18:31] ❌ beat fail (30/30): HTTP 403: {"error": "credential rejected", "reason": "credential_revoked", "fix": "检查 X-FSTDD-Token 是否为有效且未吊销的节点凭据；若遗失请联系管理节点(K)重新签发"}
[2026-10-02 21:18:31] ⚠️ 连续失败超限 → 继续但标记告警
[2026-10-02 21:19:27] ❌ beat fail (136/30): HTTP 403: {"error": "credential rejected", "reason": "credential_revoked", "fix": "检查 X-FSTDD-Token 是否为有效且未吊销的节点凭据；若遗失请联系管理节点(K)重新签发"}
[2026-10-02 21:19:27] ⚠️ 连续失败超限 → 继续但标记告警
[2026-10-02 21:19:32] ❌ beat fail (31/30): HTTP 403: {"error": "credential rejected", "reason": "credential_revoked", "fix": "检查 X-FSTDD-Token 是否为有效且未吊销的节点凭据；若遗失请联系管理节点(K)重新签发"}
[2026-10-02 21:19:32] ⚠️ 连续失败超限 → 继续但标记告警
[2026-10-02 21:20:28] ❌ beat fail (137/30): HTTP 403: {"error": "credential rejected", "reason": "credential_revoked", "fix": "检查 X-FSTDD-Token 是否为有效且未吊销的节点凭据；若遗失请联系管理节点(K)重新签发"}
[2026-10-02 21:20:28] ⚠️ 连续失败超限 → 继续但标记告警
[2026-10-02 21:20:33] ❌ beat fail (32/30): HTTP 403: {"error": "credential rejected", "reason": "credential_revoked", "fix": "检查 X-FSTDD-Token 是否为有效且未吊销的节点凭据；若遗失请联系管理节点(K)重新签发"}
[2026-10-02 21:20:33] ⚠️ 连续失败超限 → 继续但标记告警
[2026-10-02 21:21:29] ❌ beat fail (138/30): HTTP 403: {"error": "credential rejected", "reason": "credential_revoked", "fix": "检查 X-FSTDD-Token 是否为有效且未吊销的节点凭据；若遗失请联系管理节点(K)重新签发"}
[2026-10-02 21:21:29] ⚠️ 连续失败超限 → 继续但标记告警
[2026-10-02 21:21:34] ❌ beat fail (33/30): HTTP 403: {"error": "credential rejected", "reason": "credential_revoked", "fix": "检查 X-FSTDD-Token 是否为有效且未吊销的节点凭据；若遗失请联系管理节点(K)重新签发"}
[2026-10-02 21:21:34] ⚠️ 连续失败超限 → 继续但标记告警
[2026-10-02 21:22:30] ❌ beat fail (139/30): HTTP 403: {"error": "credential rejected", "reason": "credential_revoked", "fix": "检查 X-FSTDD-Token 是否为有效且未吊销的节点凭据；若遗失请联系管理节点(K)重新签发"}
[2026-10-02 21:22:30] ⚠️ 连续失败超限 → 继续但标记告警
[2026-10-02 21:22:35] ❌ beat fail (34/30): HTTP 403: {"error": "credential rejected", "reason": "credential_revoked", "fix": "检查 X-FSTDD-Token 是否为有效且未吊销的节点凭据；若遗失请联系管理节点(K)重新签发"}
[2026-10-02 21:22:35] ⚠️ 连续失败超限 → 继续但标记告警
[2026-10-02 21:23:31] ❌ beat fail (140/30): HTTP 403: {"error": "credential rejected", "reason": "credential_revoked", "fix": "检查 X-FSTDD-Token 是否为有效且未吊销的节点凭据；若遗失请联系管理节点(K)重新签发"}
[2026-10-02 21:23:31] ⚠️ 连续失败超限 → 继续但标记告警
[2026-10-02 21:23:36] ❌ beat fail (35/30): HTTP 403: {"error": "credential rejected", "reason": "credential_revoked", "fix": "检查 X-FSTDD-Token 是否为有效且未吊销的节点凭据；若遗失请联系管理节点(K)重新签发"}
[2026-10-02 21:23:36] ⚠️ 连续失败超限 → 继续但标记告警
[2026-10-02 21:24:33] ❌ beat fail (141/30): HTTP 403: {"error": "credential rejected", "reason": "credential_revoked", "fix": "检查 X-FSTDD-Token 是否为有效且未吊销的节点凭据；若遗失请联系管理节点(K)重新签发"}
[2026-10-02 21:24:33] ⚠️ 连续失败超限 → 继续但标记告警
[2026-10-02 21:24:37] ❌ beat fail (36/30): HTTP 403: {"error": "credential rejected", "reason": "credential_revoked", "fix": "检查 X-FSTDD-Token 是否为有效且未吊销的节点凭据；若遗失请联系管理节点(K)重新签发"}
[2026-10-02 21:24:37] ⚠️ 连续失败超限 → 继续但标记告警
[2026-10-02 21:25:34] ❌ beat fail (142/30): HTTP 403: {"error": "credential rejected", "reason": "credential_revoked", "fix": "检查 X-FSTDD-Token 是否为有效且未吊销的节点凭据；若遗失请联系管理节点(K)重新签发"}
[2026-10-02 21:25:34] ⚠️ 连续失败超限 → 继续但标记告警
[2026-10-02 21:25:38] ❌ beat fail (37/30): HTTP 403: {"error": "credential rejected", "reason": "credential_revoked", "fix": "检查 X-FSTDD-Token 是否为有效且未吊销的节点凭据；若遗失请联系管理节点(K)重新签发"}
[2026-10-02 21:25:38] ⚠️ 连续失败超限 → 继续但标记告警
[2026-10-02 21:26:35] ❌ beat fail (143/30): HTTP 403: {"error": "credential rejected", "reason": "credential_revoked", "fix": "检查 X-FSTDD-Token 是否为有效且未吊销的节点凭据；若遗失请联系管理节点(K)重新签发"}
[2026-10-02 21:26:35] ⚠️ 连续失败超限 → 继续但标记告警
[2026-10-02 21:26:39] ❌ beat fail (38/30): HTTP 403: {"error": "credential rejected", "reason": "credential_revoked", "fix": "检查 X-FSTDD-Token 是否为有效且未吊销的节点凭据；若遗失请联系管理节点(K)重新签发"}
[2026-10-02 21:26:39] ⚠️ 连续失败超限 → 继续但标记告警
[2026-10-02 21:27:36] ❌ beat fail (144/30): HTTP 403: {"error": "credential rejected", "reason": "credential_revoked", "fix": "检查 X-FSTDD-Token 是否为有效且未吊销的节点凭据；若遗失请联系管理节点(K)重新签发"}
[2026-10-02 21:27:36] ⚠️ 连续失败超限 → 继续但标记告警
[2026-10-02 21:27:40] ❌ beat fail (39/30): HTTP 403: {"error": "credential rejected", "reason": "credential_revoked", "fix": "检查 X-FSTDD-Token 是否为有效且未吊销的节点凭据；若遗失请联系管理节点(K)重新签发"}
[2026-10-02 21:27:40] ⚠️ 连续失败超限 → 继续但标记告警
[2026-10-02 21:28:37] ❌ beat fail (145/30): HTTP 403: {"error": "credential rejected", "reason": "credential_revoked", "fix": "检查 X-FSTDD-Token 是否为有效且未吊销的节点凭据；若遗失请联系管理节点(K)重新签发"}
[2026-10-02 21:28:37] ⚠️ 连续失败超限 → 继续但标记告警
[2026-10-02 21:28:41] ❌ beat fail (40/30): HTTP 403: {"error": "credential rejected", "reason": "credential_revoked", "fix": "检查 X-FSTDD-Token 是否为有效且未吊销的节点凭据；若遗失请联系管理节点(K)重新签发"}
[2026-10-02 21:28:41] ⚠️ 连续失败超限 → 继续但标记告警
[2026-10-02 21:29:38] ❌ beat fail (146/30): HTTP 403: {"error": "credential rejected", "reason": "credential_revoked", "fix": "检查 X-FSTDD-Token 是否为有效且未吊销的节点凭据；若遗失请联系管理节点(K)重新签发"}
[2026-10-02 21:29:38] ⚠️ 连续失败超限 → 继续但标记告警
[2026-10-02 21:29:43] ❌ beat fail (41/30): HTTP 403: {"error": "credential rejected", "reason": "credential_revoked", "fix": "检查 X-FSTDD-Token 是否为有效且未吊销的节点凭据；若遗失请联系管理节点(K)重新签发"}
[2026-10-02 21:29:43] ⚠️ 连续失败超限 → 继续但标记告警
[2026-10-02 21:30:39] ❌ beat fail (147/30): HTTP 403: {"error": "credential rejected", "reason": "credential_revoked", "fix": "检查 X-FSTDD-Token 是否为有效且未吊销的节点凭据；若遗失请联系管理节点(K)重新签发"}
[2026-10-02 21:30:39] ⚠️ 连续失败超限 → 继续但标记告警
[2026-10-02 21:30:44] ❌ beat fail (42/30): HTTP 403: {"error": "credential rejected", "reason": "credential_revoked", "fix": "检查 X-FSTDD-Token 是否为有效且未吊销的节点凭据；若遗失请联系管理节点(K)重新签发"}
[2026-10-02 21:30:44] ⚠️ 连续失败超限 → 继续但标记告警
[2026-10-02 21:31:40] ❌ beat fail (148/30): HTTP 403: {"error": "credential rejected", "reason": "credential_revoked", "fix": "检查 X-FSTDD-Token 是否为有效且未吊销的节点凭据；若遗失请联系管理节点(K)重新签发"}
[2026-10-02 21:31:40] ⚠️ 连续失败超限 → 继续但标记告警
[2026-10-02 21:31:44] ❌ beat fail (43/30): HTTP 403: {"error": "credential rejected", "reason": "credential_revoked", "fix": "检查 X-FSTDD-Token 是否为有效且未吊销的节点凭据；若遗失请联系管理节点(K)重新签发"}
[2026-10-02 21:31:44] ⚠️ 连续失败超限 → 继续但标记告警
[2026-10-02 21:32:41] ❌ beat fail (149/30): HTTP 403: {"error": "credential rejected", "reason": "credential_revoked", "fix": "检查 X-FSTDD-Token 是否为有效且未吊销的节点凭据；若遗失请联系管理节点(K)重新签发"}
[2026-10-02 21:32:41] ⚠️ 连续失败超限 → 继续但标记告警
[2026-10-02 21:32:45] ❌ beat fail (44/30): HTTP 403: {"error": "credential rejected", "reason": "credential_revoked", "fix": "检查 X-FSTDD-Token 是否为有效且未吊销的节点凭据；若遗失请联系管理节点(K)重新签发"}
[2026-10-02 21:32:45] ⚠️ 连续失败超限 → 继续但标记告警
[2026-10-02 21:33:42] ❌ beat fail (150/30): HTTP 403: {"error": "credential rejected", "reason": "credential_revoked", "fix": "检查 X-FSTDD-Token 是否为有效且未吊销的节点凭据；若遗失请联系管理节点(K)重新签发"}
[2026-10-02 21:33:42] ⚠️ 连续失败超限 → 继续但标记告警
[2026-10-02 21:33:46] ❌ beat fail (45/30): HTTP 403: {"error": "credential rejected", "reason": "credential_revoked", "fix": "检查 X-FSTDD-Token 是否为有效且未吊销的节点凭据；若遗失请联系管理节点(K)重新签发"}
[2026-10-02 21:33:46] ⚠️ 连续失败超限 → 继续但标记告警
[2026-10-02 21:34:43] ❌ beat fail (151/30): HTTP 403: {"error": "credential rejected", "reason": "credential_revoked", "fix": "检查 X-FSTDD-Token 是否为有效且未吊销的节点凭据；若遗失请联系管理节点(K)重新签发"}
[2026-10-02 21:34:43] ⚠️ 连续失败超限 → 继续但标记告警
[2026-10-02 21:34:47] ❌ beat fail (46/30): HTTP 403: {"error": "credential rejected", "reason": "credential_revoked", "fix": "检查 X-FSTDD-Token 是否为有效且未吊销的节点凭据；若遗失请联系管理节点(K)重新签发"}
[2026-10-02 21:34:47] ⚠️ 连续失败超限 → 继续但标记告警
[2026-10-02 21:35:44] ❌ beat fail (152/30): HTTP 403: {"error": "credential rejected", "reason": "credential_revoked", "fix": "检查 X-FSTDD-Token 是否为有效且未吊销的节点凭据；若遗失请联系管理节点(K)重新签发"}
[2026-10-02 21:35:44] ⚠️ 连续失败超限 → 继续但标记告警
[2026-10-02 21:35:48] ❌ beat fail (47/30): HTTP 403: {"error": "credential rejected", "reason": "credential_revoked", "fix": "检查 X-FSTDD-Token 是否为有效且未吊销的节点凭据；若遗失请联系管理节点(K)重新签发"}
[2026-10-02 21:35:48] ⚠️ 连续失败超限 → 继续但标记告警
[2026-10-02 21:36:45] ❌ beat fail (153/30): HTTP 403: {"error": "credential rejected", "reason": "credential_revoked", "fix": "检查 X-FSTDD-Token 是否为有效且未吊销的节点凭据；若遗失请联系管理节点(K)重新签发"}
[2026-10-02 21:36:45] ⚠️ 连续失败超限 → 继续但标记告警
[2026-10-02 21:36:49] ❌ beat fail (48/30): HTTP 403: {"error": "credential rejected", "reason": "credential_revoked", "fix": "检查 X-FSTDD-Token 是否为有效且未吊销的节点凭据；若遗失请联系管理节点(K)重新签发"}
[2026-10-02 21:36:49] ⚠️ 连续失败超限 → 继续但标记告警
[2026-10-02 21:37:46] ❌ beat fail (154/30): HTTP 403: {"error": "credential rejected", "reason": "credential_revoked", "fix": "检查 X-FSTDD-Token 是否为有效且未吊销的节点凭据；若遗失请联系管理节点(K)重新签发"}
[2026-10-02 21:37:46] ⚠️ 连续失败超限 → 继续但标记告警
[2026-10-02 21:37:50] ❌ beat fail (49/30): HTTP 403: {"error": "credential rejected", "reason": "credential_revoked", "fix": "检查 X-FSTDD-Token 是否为有效且未吊销的节点凭据；若遗失请联系管理节点(K)重新签发"}
[2026-10-02 21:37:50] ⚠️ 连续失败超限 → 继续但标记告警
[2026-10-02 21:38:47] ❌ beat fail (155/30): HTTP 403: {"error": "credential rejected", "reason": "credential_revoked", "fix": "检查 X-FSTDD-Token 是否为有效且未吊销的节点凭据；若遗失请联系管理节点(K)重新签发"}
[2026-10-02 21:38:47] ⚠️ 连续失败超限 → 继续但标记告警
[2026-10-02 21:38:51] ❌ beat fail (50/30): HTTP 403: {"error": "credential rejected", "reason": "credential_revoked", "fix": "检查 X-FSTDD-Token 是否为有效且未吊销的节点凭据；若遗失请联系管理节点(K)重新签发"}
[2026-10-02 21:38:51] ⚠️ 连续失败超限 → 继续但标记告警
[2026-10-02 21:39:48] ❌ beat fail (156/30): HTTP 403: {"error": "credential rejected", "reason": "credential_revoked", "fix": "检查 X-FSTDD-Token 是否为有效且未吊销的节点凭据；若遗失请联系管理节点(K)重新签发"}
[2026-10-02 21:39:48] ⚠️ 连续失败超限 → 继续但标记告警
[2026-10-02 21:39:53] ❌ beat fail (51/30): HTTP 403: {"error": "credential rejected", "reason": "credential_revoked", "fix": "检查 X-FSTDD-Token 是否为有效且未吊销的节点凭据；若遗失请联系管理节点(K)重新签发"}
[2026-10-02 21:39:53] ⚠️ 连续失败超限 → 继续但标记告警
[2026-10-02 21:40:49] ❌ beat fail (157/30): HTTP 403: {"error": "credential rejected", "reason": "credential_revoked", "fix": "检查 X-FSTDD-Token 是否为有效且未吊销的节点凭据；若遗失请联系管理节点(K)重新签发"}
[2026-10-02 21:40:49] ⚠️ 连续失败超限 → 继续但标记告警
[2026-10-02 21:40:54] ❌ beat fail (52/30): HTTP 403: {"error": "credential rejected", "reason": "credential_revoked", "fix": "检查 X-FSTDD-Token 是否为有效且未吊销的节点凭据；若遗失请联系管理节点(K)重新签发"}
[2026-10-02 21:40:54] ⚠️ 连续失败超限 → 继续但标记告警
[2026-10-02 21:41:50] ❌ beat fail (158/30): HTTP 403: {"error": "credential rejected", "reason": "credential_revoked", "fix": "检查 X-FSTDD-Token 是否为有效且未吊销的节点凭据；若遗失请联系管理节点(K)重新签发"}
[2026-10-02 21:41:50] ⚠️ 连续失败超限 → 继续但标记告警
[2026-10-02 21:41:55] ❌ beat fail (53/30): HTTP 403: {"error": "credential rejected", "reason": "credential_revoked", "fix": "检查 X-FSTDD-Token 是否为有效且未吊销的节点凭据；若遗失请联系管理节点(K)重新签发"}
[2026-10-02 21:41:55] ⚠️ 连续失败超限 → 继续但标记告警
[2026-10-02 21:42:52] ❌ beat fail (159/30): HTTP 403: {"error": "credential rejected", "reason": "credential_revoked", "fix": "检查 X-FSTDD-Token 是否为有效且未吊销的节点凭据；若遗失请联系管理节点(K)重新签发"}
[2026-10-02 21:42:52] ⚠️ 连续失败超限 → 继续但标记告警
[2026-10-02 21:42:56] ❌ beat fail (54/30): HTTP 403: {"error": "credential rejected", "reason": "credential_revoked", "fix": "检查 X-FSTDD-Token 是否为有效且未吊销的节点凭据；若遗失请联系管理节点(K)重新签发"}
[2026-10-02 21:42:56] ⚠️ 连续失败超限 → 继续但标记告警
[2026-10-02 21:43:53] ❌ beat fail (160/30): HTTP 403: {"error": "credential rejected", "reason": "credential_revoked", "fix": "检查 X-FSTDD-Token 是否为有效且未吊销的节点凭据；若遗失请联系管理节点(K)重新签发"}
[2026-10-02 21:43:53] ⚠️ 连续失败超限 → 继续但标记告警
[2026-10-02 21:43:57] ❌ beat fail (55/30): HTTP 403: {"error": "credential rejected", "reason": "credential_revoked", "fix": "检查 X-FSTDD-Token 是否为有效且未吊销的节点凭据；若遗失请联系管理节点(K)重新签发"}
[2026-10-02 21:43:57] ⚠️ 连续失败超限 → 继续但标记告警
[2026-10-02 21:44:54] ❌ beat fail (161/30): HTTP 403: {"error": "credential rejected", "reason": "credential_revoked", "fix": "检查 X-FSTDD-Token 是否为有效且未吊销的节点凭据；若遗失请联系管理节点(K)重新签发"}
[2026-10-02 21:44:54] ⚠️ 连续失败超限 → 继续但标记告警
[2026-10-02 21:44:58] ❌ beat fail (56/30): HTTP 403: {"error": "credential rejected", "reason": "credential_revoked", "fix": "检查 X-FSTDD-Token 是否为有效且未吊销的节点凭据；若遗失请联系管理节点(K)重新签发"}
[2026-10-02 21:44:58] ⚠️ 连续失败超限 → 继续但标记告警
[2026-10-02 21:45:55] ❌ beat fail (162/30): HTTP 403: {"error": "credential rejected", "reason": "credential_revoked", "fix": "检查 X-FSTDD-Token 是否为有效且未吊销的节点凭据；若遗失请联系管理节点(K)重新签发"}
[2026-10-02 21:45:55] ⚠️ 连续失败超限 → 继续但标记告警
[2026-10-02 21:45:59] ❌ beat fail (57/30): HTTP 403: {"error": "credential rejected", "reason": "credential_revoked", "fix": "检查 X-FSTDD-Token 是否为有效且未吊销的节点凭据；若遗失请联系管理节点(K)重新签发"}
[2026-10-02 21:45:59] ⚠️ 连续失败超限 → 继续但标记告警
[2026-10-02 21:46:56] ❌ beat fail (163/30): HTTP 403: {"error": "credential rejected", "reason": "credential_revoked", "fix": "检查 X-FSTDD-Token 是否为有效且未吊销的节点凭据；若遗失请联系管理节点(K)重新签发"}
[2026-10-02 21:46:56] ⚠️ 连续失败超限 → 继续但标记告警
[2026-10-02 21:47:01] ❌ beat fail (58/30): HTTP 403: {"error": "credential rejected", "reason": "credential_revoked", "fix": "检查 X-FSTDD-Token 是否为有效且未吊销的节点凭据；若遗失请联系管理节点(K)重新签发"}
[2026-10-02 21:47:01] ⚠️ 连续失败超限 → 继续但标记告警
[2026-10-02 21:47:58] ❌ beat fail (164/30): HTTP 403: {"error": "credential rejected", "reason": "credential_revoked", "fix": "检查 X-FSTDD-Token 是否为有效且未吊销的节点凭据；若遗失请联系管理节点(K)重新签发"}
[2026-10-02 21:47:58] ⚠️ 连续失败超限 → 继续但标记告警
[2026-10-02 21:48:02] ❌ beat fail (59/30): HTTP 403: {"error": "credential rejected", "reason": "credential_revoked", "fix": "检查 X-FSTDD-Token 是否为有效且未吊销的节点凭据；若遗失请联系管理节点(K)重新签发"}
[2026-10-02 21:48:02] ⚠️ 连续失败超限 → 继续但标记告警
[2026-10-02 21:48:59] ❌ beat fail (165/30): HTTP 403: {"error": "credential rejected", "reason": "credential_revoked", "fix": "检查 X-FSTDD-Token 是否为有效且未吊销的节点凭据；若遗失请联系管理节点(K)重新签发"}
[2026-10-02 21:48:59] ⚠️ 连续失败超限 → 继续但标记告警
[2026-10-02 21:49:04] ❌ beat fail (60/30): HTTP 403: {"error": "credential rejected", "reason": "credential_revoked", "fix": "检查 X-FSTDD-Token 是否为有效且未吊销的节点凭据；若遗失请联系管理节点(K)重新签发"}
[2026-10-02 21:49:04] ⚠️ 连续失败超限 → 继续但标记告警
[2026-10-02 21:49:59] ❌ beat fail (166/30): HTTP 403: {"error": "credential rejected", "reason": "credential_revoked", "fix": "检查 X-FSTDD-Token 是否为有效且未吊销的节点凭据；若遗失请联系管理节点(K)重新签发"}
[2026-10-02 21:49:59] ⚠️ 连续失败超限 → 继续但标记告警
[2026-10-02 21:50:05] ❌ beat fail (61/30): HTTP 403: {"error": "credential rejected", "reason": "credential_revoked", "fix": "检查 X-FSTDD-Token 是否为有效且未吊销的节点凭据；若遗失请联系管理节点(K)重新签发"}
[2026-10-02 21:50:05] ⚠️ 连续失败超限 → 继续但标记告警
[2026-10-02 21:51:01] ❌ beat fail (167/30): HTTP 403: {"error": "credential rejected", "reason": "credential_revoked", "fix": "检查 X-FSTDD-Token 是否为有效且未吊销的节点凭据；若遗失请联系管理节点(K)重新签发"}
[2026-10-02 21:51:01] ⚠️ 连续失败超限 → 继续但标记告警
[2026-10-02 21:51:06] ❌ beat fail (62/30): HTTP 403: {"error": "credential rejected", "reason": "credential_revoked", "fix": "检查 X-FSTDD-Token 是否为有效且未吊销的节点凭据；若遗失请联系管理节点(K)重新签发"}
[2026-10-02 21:51:06] ⚠️ 连续失败超限 → 继续但标记告警
[2026-10-02 21:52:03] ❌ beat fail (168/30): HTTP 403: {"error": "credential rejected", "reason": "credential_revoked", "fix": "检查 X-FSTDD-Token 是否为有效且未吊销的节点凭据；若遗失请联系管理节点(K)重新签发"}
[2026-10-02 21:52:03] ⚠️ 连续失败超限 → 继续但标记告警
[2026-10-02 21:52:08] ❌ beat fail (63/30): HTTP 403: {"error": "credential rejected", "reason": "credential_revoked", "fix": "检查 X-FSTDD-Token 是否为有效且未吊销的节点凭据；若遗失请联系管理节点(K)重新签发"}
[2026-10-02 21:52:08] ⚠️ 连续失败超限 → 继续但标记告警
[2026-10-02 21:53:04] ❌ beat fail (169/30): HTTP 403: {"error": "credential rejected", "reason": "credential_revoked", "fix": "检查 X-FSTDD-Token 是否为有效且未吊销的节点凭据；若遗失请联系管理节点(K)重新签发"}
[2026-10-02 21:53:04] ⚠️ 连续失败超限 → 继续但标记告警
[2026-10-02 21:53:09] ❌ beat fail (64/30): HTTP 403: {"error": "credential rejected", "reason": "credential_revoked", "fix": "检查 X-FSTDD-Token 是否为有效且未吊销的节点凭据；若遗失请联系管理节点(K)重新签发"}
[2026-10-02 21:53:09] ⚠️ 连续失败超限 → 继续但标记告警
[2026-10-02 21:54:06] ❌ beat fail (170/30): HTTP 403: {"error": "credential rejected", "reason": "credential_revoked", "fix": "检查 X-FSTDD-Token 是否为有效且未吊销的节点凭据；若遗失请联系管理节点(K)重新签发"}
[2026-10-02 21:54:06] ⚠️ 连续失败超限 → 继续但标记告警
[2026-10-02 21:54:10] ❌ beat fail (65/30): HTTP 403: {"error": "credential rejected", "reason": "credential_revoked", "fix": "检查 X-FSTDD-Token 是否为有效且未吊销的节点凭据；若遗失请联系管理节点(K)重新签发"}
[2026-10-02 21:54:10] ⚠️ 连续失败超限 → 继续但标记告警
[2026-10-02 21:55:07] ❌ beat fail (171/30): HTTP 403: {"error": "credential rejected", "reason": "credential_revoked", "fix": "检查 X-FSTDD-Token 是否为有效且未吊销的节点凭据；若遗失请联系管理节点(K)重新签发"}
[2026-10-02 21:55:07] ⚠️ 连续失败超限 → 继续但标记告警
[2026-10-02 21:55:11] ❌ beat fail (66/30): HTTP 403: {"error": "credential rejected", "reason": "credential_revoked", "fix": "检查 X-FSTDD-Token 是否为有效且未吊销的节点凭据；若遗失请联系管理节点(K)重新签发"}
[2026-10-02 21:55:11] ⚠️ 连续失败超限 → 继续但标记告警
[2026-10-02 21:56:08] ❌ beat fail (172/30): HTTP 403: {"error": "credential rejected", "reason": "credential_revoked", "fix": "检查 X-FSTDD-Token 是否为有效且未吊销的节点凭据；若遗失请联系管理节点(K)重新签发"}
[2026-10-02 21:56:08] ⚠️ 连续失败超限 → 继续但标记告警
[2026-10-02 21:56:13] ❌ beat fail (67/30): HTTP 403: {"error": "credential rejected", "reason": "credential_revoked", "fix": "检查 X-FSTDD-Token 是否为有效且未吊销的节点凭据；若遗失请联系管理节点(K)重新签发"}
[2026-10-02 21:56:13] ⚠️ 连续失败超限 → 继续但标记告警
[2026-10-02 21:57:10] ❌ beat fail (173/30): HTTP 403: {"error": "credential rejected", "reason": "credential_revoked", "fix": "检查 X-FSTDD-Token 是否为有效且未吊销的节点凭据；若遗失请联系管理节点(K)重新签发"}
[2026-10-02 21:57:10] ⚠️ 连续失败超限 → 继续但标记告警
[2026-10-02 21:57:14] ❌ beat fail (68/30): HTTP 403: {"error": "credential rejected", "reason": "credential_revoked", "fix": "检查 X-FSTDD-Token 是否为有效且未吊销的节点凭据；若遗失请联系管理节点(K)重新签发"}
[2026-10-02 21:57:14] ⚠️ 连续失败超限 → 继续但标记告警
[2026-10-02 21:58:12] ❌ beat fail (174/30): HTTP 403: {"error": "credential rejected", "reason": "credential_revoked", "fix": "检查 X-FSTDD-Token 是否为有效且未吊销的节点凭据；若遗失请联系管理节点(K)重新签发"}
[2026-10-02 21:58:12] ⚠️ 连续失败超限 → 继续但标记告警
[2026-10-02 21:58:15] ❌ beat fail (69/30): HTTP 403: {"error": "credential rejected", "reason": "credential_revoked", "fix": "检查 X-FSTDD-Token 是否为有效且未吊销的节点凭据；若遗失请联系管理节点(K)重新签发"}
[2026-10-02 21:58:15] ⚠️ 连续失败超限 → 继续但标记告警
[2026-10-02 21:59:13] ❌ beat fail (175/30): HTTP 403: {"error": "credential rejected", "reason": "credential_revoked", "fix": "检查 X-FSTDD-Token 是否为有效且未吊销的节点凭据；若遗失请联系管理节点(K)重新签发"}
[2026-10-02 21:59:13] ⚠️ 连续失败超限 → 继续但标记告警
[2026-10-02 21:59:16] ❌ beat fail (70/30): HTTP 403: {"error": "credential rejected", "reason": "credential_revoked", "fix": "检查 X-FSTDD-Token 是否为有效且未吊销的节点凭据；若遗失请联系管理节点(K)重新签发"}
[2026-10-02 21:59:16] ⚠️ 连续失败超限 → 继续但标记告警
[2026-10-02 22:00:14] ❌ beat fail (176/30): HTTP 403: {"error": "credential rejected", "reason": "credential_revoked", "fix": "检查 X-FSTDD-Token 是否为有效且未吊销的节点凭据；若遗失请联系管理节点(K)重新签发"}
[2026-10-02 22:00:14] ⚠️ 连续失败超限 → 继续但标记告警
[2026-10-02 22:00:18] ❌ beat fail (71/30): HTTP 403: {"error": "credential rejected", "reason": "credential_revoked", "fix": "检查 X-FSTDD-Token 是否为有效且未吊销的节点凭据；若遗失请联系管理节点(K)重新签发"}
[2026-10-02 22:00:18] ⚠️ 连续失败超限 → 继续但标记告警
[2026-10-02 22:01:16] ❌ beat fail (177/30): HTTP 403: {"error": "credential rejected", "reason": "credential_revoked", "fix": "检查 X-FSTDD-Token 是否为有效且未吊销的节点凭据；若遗失请联系管理节点(K)重新签发"}
[2026-10-02 22:01:16] ⚠️ 连续失败超限 → 继续但标记告警
[2026-10-02 22:01:18] ❌ beat fail (72/30): HTTP 403: {"error": "credential rejected", "reason": "credential_revoked", "fix": "检查 X-FSTDD-Token 是否为有效且未吊销的节点凭据；若遗失请联系管理节点(K)重新签发"}
[2026-10-02 22:01:18] ⚠️ 连续失败超限 → 继续但标记告警
[2026-10-02 22:02:17] ❌ beat fail (178/30): HTTP 403: {"error": "credential rejected", "reason": "credential_revoked", "fix": "检查 X-FSTDD-Token 是否为有效且未吊销的节点凭据；若遗失请联系管理节点(K)重新签发"}
[2026-10-02 22:02:17] ⚠️ 连续失败超限 → 继续但标记告警
[2026-10-02 22:02:20] ❌ beat fail (73/30): HTTP 403: {"error": "credential rejected", "reason": "credential_revoked", "fix": "检查 X-FSTDD-Token 是否为有效且未吊销的节点凭据；若遗失请联系管理节点(K)重新签发"}
[2026-10-02 22:02:20] ⚠️ 连续失败超限 → 继续但标记告警
[2026-10-02 22:03:18] ❌ beat fail (179/30): HTTP 403: {"error": "credential rejected", "reason": "credential_revoked", "fix": "检查 X-FSTDD-Token 是否为有效且未吊销的节点凭据；若遗失请联系管理节点(K)重新签发"}
[2026-10-02 22:03:18] ⚠️ 连续失败超限 → 继续但标记告警
[2026-10-02 22:03:21] ❌ beat fail (74/30): HTTP 403: {"error": "credential rejected", "reason": "credential_revoked", "fix": "检查 X-FSTDD-Token 是否为有效且未吊销的节点凭据；若遗失请联系管理节点(K)重新签发"}
[2026-10-02 22:03:21] ⚠️ 连续失败超限 → 继续但标记告警
[2026-10-02 22:04:19] ❌ beat fail (180/30): HTTP 403: {"error": "credential rejected", "reason": "credential_revoked", "fix": "检查 X-FSTDD-Token 是否为有效且未吊销的节点凭据；若遗失请联系管理节点(K)重新签发"}
[2026-10-02 22:04:19] ⚠️ 连续失败超限 → 继续但标记告警
[2026-10-02 22:04:22] ❌ beat fail (75/30): HTTP 403: {"error": "credential rejected", "reason": "credential_revoked", "fix": "检查 X-FSTDD-Token 是否为有效且未吊销的节点凭据；若遗失请联系管理节点(K)重新签发"}
[2026-10-02 22:04:22] ⚠️ 连续失败超限 → 继续但标记告警
[2026-10-02 22:05:20] ❌ beat fail (181/30): HTTP 403: {"error": "credential rejected", "reason": "credential_revoked", "fix": "检查 X-FSTDD-Token 是否为有效且未吊销的节点凭据；若遗失请联系管理节点(K)重新签发"}
[2026-10-02 22:05:20] ⚠️ 连续失败超限 → 继续但标记告警
[2026-10-02 22:05:24] ❌ beat fail (76/30): HTTP 403: {"error": "credential rejected", "reason": "credential_revoked", "fix": "检查 X-FSTDD-Token 是否为有效且未吊销的节点凭据；若遗失请联系管理节点(K)重新签发"}
[2026-10-02 22:05:24] ⚠️ 连续失败超限 → 继续但标记告警
[2026-10-02 22:06:22] ❌ beat fail (182/30): HTTP 403: {"error": "credential rejected", "reason": "credential_revoked", "fix": "检查 X-FSTDD-Token 是否为有效且未吊销的节点凭据；若遗失请联系管理节点(K)重新签发"}
[2026-10-02 22:06:22] ⚠️ 连续失败超限 → 继续但标记告警
[2026-10-02 22:06:25] ❌ beat fail (77/30): HTTP 403: {"error": "credential rejected", "reason": "credential_revoked", "fix": "检查 X-FSTDD-Token 是否为有效且未吊销的节点凭据；若遗失请联系管理节点(K)重新签发"}
[2026-10-02 22:06:25] ⚠️ 连续失败超限 → 继续但标记告警
[2026-10-02 22:07:23] ❌ beat fail (183/30): HTTP 403: {"error": "credential rejected", "reason": "credential_revoked", "fix": "检查 X-FSTDD-Token 是否为有效且未吊销的节点凭据；若遗失请联系管理节点(K)重新签发"}
[2026-10-02 22:07:23] ⚠️ 连续失败超限 → 继续但标记告警
[2026-10-02 22:07:27] ❌ beat fail (78/30): HTTP 403: {"error": "credential rejected", "reason": "credential_revoked", "fix": "检查 X-FSTDD-Token 是否为有效且未吊销的节点凭据；若遗失请联系管理节点(K)重新签发"}
[2026-10-02 22:07:27] ⚠️ 连续失败超限 → 继续但标记告警
[2026-10-02 22:08:24] ❌ beat fail (184/30): HTTP 403: {"error": "credential rejected", "reason": "credential_revoked", "fix": "检查 X-FSTDD-Token 是否为有效且未吊销的节点凭据；若遗失请联系管理节点(K)重新签发"}
[2026-10-02 22:08:24] ⚠️ 连续失败超限 → 继续但标记告警
[2026-10-02 22:08:28] ❌ beat fail (79/30): HTTP 403: {"error": "credential rejected", "reason": "credential_revoked", "fix": "检查 X-FSTDD-Token 是否为有效且未吊销的节点凭据；若遗失请联系管理节点(K)重新签发"}
[2026-10-02 22:08:28] ⚠️ 连续失败超限 → 继续但标记告警
[2026-10-02 22:09:25] ❌ beat fail (185/30): HTTP 403: {"error": "credential rejected", "reason": "credential_revoked", "fix": "检查 X-FSTDD-Token 是否为有效且未吊销的节点凭据；若遗失请联系管理节点(K)重新签发"}
[2026-10-02 22:09:25] ⚠️ 连续失败超限 → 继续但标记告警
[2026-10-02 22:09:29] ❌ beat fail (80/30): HTTP 403: {"error": "credential rejected", "reason": "credential_revoked", "fix": "检查 X-FSTDD-Token 是否为有效且未吊销的节点凭据；若遗失请联系管理节点(K)重新签发"}
[2026-10-02 22:09:29] ⚠️ 连续失败超限 → 继续但标记告警
[2026-10-02 22:10:27] ❌ beat fail (186/30): HTTP 403: {"error": "credential rejected", "reason": "credential_revoked", "fix": "检查 X-FSTDD-Token 是否为有效且未吊销的节点凭据；若遗失请联系管理节点(K)重新签发"}
[2026-10-02 22:10:27] ⚠️ 连续失败超限 → 继续但标记告警
[2026-10-02 22:10:31] ❌ beat fail (81/30): HTTP 403: {"error": "credential rejected", "reason": "credential_revoked", "fix": "检查 X-FSTDD-Token 是否为有效且未吊销的节点凭据；若遗失请联系管理节点(K)重新签发"}
[2026-10-02 22:10:31] ⚠️ 连续失败超限 → 继续但标记告警
[2026-10-02 22:11:29] ❌ beat fail (187/30): HTTP 403: {"error": "credential rejected", "reason": "credential_revoked", "fix": "检查 X-FSTDD-Token 是否为有效且未吊销的节点凭据；若遗失请联系管理节点(K)重新签发"}
[2026-10-02 22:11:29] ⚠️ 连续失败超限 → 继续但标记告警
[2026-10-02 22:11:32] ❌ beat fail (82/30): HTTP 403: {"error": "credential rejected", "reason": "credential_revoked", "fix": "检查 X-FSTDD-Token 是否为有效且未吊销的节点凭据；若遗失请联系管理节点(K)重新签发"}
[2026-10-02 22:11:32] ⚠️ 连续失败超限 → 继续但标记告警
[2026-10-02 22:12:30] ❌ beat fail (188/30): HTTP 403: {"error": "credential rejected", "reason": "credential_revoked", "fix": "检查 X-FSTDD-Token 是否为有效且未吊销的节点凭据；若遗失请联系管理节点(K)重新签发"}
[2026-10-02 22:12:30] ⚠️ 连续失败超限 → 继续但标记告警
[2026-10-02 22:12:34] ❌ beat fail (83/30): HTTP 403: {"error": "credential rejected", "reason": "credential_revoked", "fix": "检查 X-FSTDD-Token 是否为有效且未吊销的节点凭据；若遗失请联系管理节点(K)重新签发"}
[2026-10-02 22:12:34] ⚠️ 连续失败超限 → 继续但标记告警
[2026-10-02 22:13:31] ❌ beat fail (189/30): HTTP 403: {"error": "credential rejected", "reason": "credential_revoked", "fix": "检查 X-FSTDD-Token 是否为有效且未吊销的节点凭据；若遗失请联系管理节点(K)重新签发"}
[2026-10-02 22:13:31] ⚠️ 连续失败超限 → 继续但标记告警
[2026-10-02 22:13:35] ❌ beat fail (84/30): HTTP 403: {"error": "credential rejected", "reason": "credential_revoked", "fix": "检查 X-FSTDD-Token 是否为有效且未吊销的节点凭据；若遗失请联系管理节点(K)重新签发"}
[2026-10-02 22:13:35] ⚠️ 连续失败超限 → 继续但标记告警
[2026-10-02 22:14:33] ❌ beat fail (190/30): HTTP 403: {"error": "credential rejected", "reason": "credential_revoked", "fix": "检查 X-FSTDD-Token 是否为有效且未吊销的节点凭据；若遗失请联系管理节点(K)重新签发"}
[2026-10-02 22:14:33] ⚠️ 连续失败超限 → 继续但标记告警
[2026-10-02 22:14:37] ❌ beat fail (85/30): HTTP 403: {"error": "credential rejected", "reason": "credential_revoked", "fix": "检查 X-FSTDD-Token 是否为有效且未吊销的节点凭据；若遗失请联系管理节点(K)重新签发"}
[2026-10-02 22:14:37] ⚠️ 连续失败超限 → 继续但标记告警
[2026-10-02 22:15:33] ❌ beat fail (191/30): HTTP 403: {"error": "credential rejected", "reason": "credential_revoked", "fix": "检查 X-FSTDD-Token 是否为有效且未吊销的节点凭据；若遗失请联系管理节点(K)重新签发"}
[2026-10-02 22:15:33] ⚠️ 连续失败超限 → 继续但标记告警
[2026-10-02 22:15:38] ❌ beat fail (86/30): HTTP 403: {"error": "credential rejected", "reason": "credential_revoked", "fix": "检查 X-FSTDD-Token 是否为有效且未吊销的节点凭据；若遗失请联系管理节点(K)重新签发"}
[2026-10-02 22:15:38] ⚠️ 连续失败超限 → 继续但标记告警
[2026-10-02 22:16:35] ❌ beat fail (192/30): HTTP 403: {"error": "credential rejected", "reason": "credential_revoked", "fix": "检查 X-FSTDD-Token 是否为有效且未吊销的节点凭据；若遗失请联系管理节点(K)重新签发"}
[2026-10-02 22:16:35] ⚠️ 连续失败超限 → 继续但标记告警
[2026-10-02 22:16:39] ❌ beat fail (87/30): HTTP 403: {"error": "credential rejected", "reason": "credential_revoked", "fix": "检查 X-FSTDD-Token 是否为有效且未吊销的节点凭据；若遗失请联系管理节点(K)重新签发"}
[2026-10-02 22:16:39] ⚠️ 连续失败超限 → 继续但标记告警
[2026-10-02 22:17:36] ❌ beat fail (193/30): HTTP 403: {"error": "credential rejected", "reason": "credential_revoked", "fix": "检查 X-FSTDD-Token 是否为有效且未吊销的节点凭据；若遗失请联系管理节点(K)重新签发"}
[2026-10-02 22:17:36] ⚠️ 连续失败超限 → 继续但标记告警
[2026-10-02 22:17:41] ❌ beat fail (88/30): HTTP 403: {"error": "credential rejected", "reason": "credential_revoked", "fix": "检查 X-FSTDD-Token 是否为有效且未吊销的节点凭据；若遗失请联系管理节点(K)重新签发"}
[2026-10-02 22:17:41] ⚠️ 连续失败超限 → 继续但标记告警
[2026-10-02 22:18:38] ❌ beat fail (194/30): HTTP 403: {"error": "credential rejected", "reason": "credential_revoked", "fix": "检查 X-FSTDD-Token 是否为有效且未吊销的节点凭据；若遗失请联系管理节点(K)重新签发"}
[2026-10-02 22:18:38] ⚠️ 连续失败超限 → 继续但标记告警
[2026-10-02 22:18:43] ❌ beat fail (89/30): HTTP 403: {"error": "credential rejected", "reason": "credential_revoked", "fix": "检查 X-FSTDD-Token 是否为有效且未吊销的节点凭据；若遗失请联系管理节点(K)重新签发"}
[2026-10-02 22:18:43] ⚠️ 连续失败超限 → 继续但标记告警
[2026-10-02 22:19:39] ❌ beat fail (195/30): HTTP 403: {"error": "credential rejected", "reason": "credential_revoked", "fix": "检查 X-FSTDD-Token 是否为有效且未吊销的节点凭据；若遗失请联系管理节点(K)重新签发"}
[2026-10-02 22:19:39] ⚠️ 连续失败超限 → 继续但标记告警
[2026-10-02 22:19:44] ❌ beat fail (90/30): HTTP 403: {"error": "credential rejected", "reason": "credential_revoked", "fix": "检查 X-FSTDD-Token 是否为有效且未吊销的节点凭据；若遗失请联系管理节点(K)重新签发"}
[2026-10-02 22:19:44] ⚠️ 连续失败超限 → 继续但标记告警
[2026-10-02 22:20:41] ❌ beat fail (196/30): HTTP 403: {"error": "credential rejected", "reason": "credential_revoked", "fix": "检查 X-FSTDD-Token 是否为有效且未吊销的节点凭据；若遗失请联系管理节点(K)重新签发"}
[2026-10-02 22:20:41] ⚠️ 连续失败超限 → 继续但标记告警
[2026-10-02 22:20:45] ❌ beat fail (91/30): HTTP 403: {"error": "credential rejected", "reason": "credential_revoked", "fix": "检查 X-FSTDD-Token 是否为有效且未吊销的节点凭据；若遗失请联系管理节点(K)重新签发"}
[2026-10-02 22:20:45] ⚠️ 连续失败超限 → 继续但标记告警
[2026-10-02 22:21:42] ❌ beat fail (197/30): HTTP 403: {"error": "credential rejected", "reason": "credential_revoked", "fix": "检查 X-FSTDD-Token 是否为有效且未吊销的节点凭据；若遗失请联系管理节点(K)重新签发"}
[2026-10-02 22:21:42] ⚠️ 连续失败超限 → 继续但标记告警
[2026-10-02 22:21:47] ❌ beat fail (92/30): HTTP 403: {"error": "credential rejected", "reason": "credential_revoked", "fix": "检查 X-FSTDD-Token 是否为有效且未吊销的节点凭据；若遗失请联系管理节点(K)重新签发"}
[2026-10-02 22:21:47] ⚠️ 连续失败超限 → 继续但标记告警
[2026-10-02 22:22:44] ❌ beat fail (198/30): HTTP 403: {"error": "credential rejected", "reason": "credential_revoked", "fix": "检查 X-FSTDD-Token 是否为有效且未吊销的节点凭据；若遗失请联系管理节点(K)重新签发"}
[2026-10-02 22:22:44] ⚠️ 连续失败超限 → 继续但标记告警
[2026-10-02 22:22:48] ❌ beat fail (93/30): HTTP 403: {"error": "credential rejected", "reason": "credential_revoked", "fix": "检查 X-FSTDD-Token 是否为有效且未吊销的节点凭据；若遗失请联系管理节点(K)重新签发"}
[2026-10-02 22:22:48] ⚠️ 连续失败超限 → 继续但标记告警
[2026-10-02 22:23:45] ❌ beat fail (199/30): HTTP 403: {"error": "credential rejected", "reason": "credential_revoked", "fix": "检查 X-FSTDD-Token 是否为有效且未吊销的节点凭据；若遗失请联系管理节点(K)重新签发"}
[2026-10-02 22:23:45] ⚠️ 连续失败超限 → 继续但标记告警
[2026-10-02 22:23:49] ❌ beat fail (94/30): HTTP 403: {"error": "credential rejected", "reason": "credential_revoked", "fix": "检查 X-FSTDD-Token 是否为有效且未吊销的节点凭据；若遗失请联系管理节点(K)重新签发"}
[2026-10-02 22:23:49] ⚠️ 连续失败超限 → 继续但标记告警
[2026-10-02 22:24:46] ❌ beat fail (200/30): HTTP 403: {"error": "credential rejected", "reason": "credential_revoked", "fix": "检查 X-FSTDD-Token 是否为有效且未吊销的节点凭据；若遗失请联系管理节点(K)重新签发"}
[2026-10-02 22:24:46] ⚠️ 连续失败超限 → 继续但标记告警
[2026-10-02 22:24:50] ❌ beat fail (95/30): HTTP 403: {"error": "credential rejected", "reason": "credential_revoked", "fix": "检查 X-FSTDD-Token 是否为有效且未吊销的节点凭据；若遗失请联系管理节点(K)重新签发"}
[2026-10-02 22:24:50] ⚠️ 连续失败超限 → 继续但标记告警
[2026-10-02 22:25:48] ❌ beat fail (201/30): HTTP 403: {"error": "credential rejected", "reason": "credential_revoked", "fix": "检查 X-FSTDD-Token 是否为有效且未吊销的节点凭据；若遗失请联系管理节点(K)重新签发"}
[2026-10-02 22:25:48] ⚠️ 连续失败超限 → 继续但标记告警
[2026-10-02 22:25:51] ❌ beat fail (96/30): HTTP 403: {"error": "credential rejected", "reason": "credential_revoked", "fix": "检查 X-FSTDD-Token 是否为有效且未吊销的节点凭据；若遗失请联系管理节点(K)重新签发"}
[2026-10-02 22:25:51] ⚠️ 连续失败超限 → 继续但标记告警
[2026-10-02 22:26:49] ❌ beat fail (202/30): HTTP 403: {"error": "credential rejected", "reason": "credential_revoked", "fix": "检查 X-FSTDD-Token 是否为有效且未吊销的节点凭据；若遗失请联系管理节点(K)重新签发"}
[2026-10-02 22:26:49] ⚠️ 连续失败超限 → 继续但标记告警
[2026-10-02 22:26:53] ❌ beat fail (97/30): HTTP 403: {"error": "credential rejected", "reason": "credential_revoked", "fix": "检查 X-FSTDD-Token 是否为有效且未吊销的节点凭据；若遗失请联系管理节点(K)重新签发"}
[2026-10-02 22:26:53] ⚠️ 连续失败超限 → 继续但标记告警
[2026-10-02 22:27:50] ❌ beat fail (203/30): HTTP 403: {"error": "credential rejected", "reason": "credential_revoked", "fix": "检查 X-FSTDD-Token 是否为有效且未吊销的节点凭据；若遗失请联系管理节点(K)重新签发"}
[2026-10-02 22:27:50] ⚠️ 连续失败超限 → 继续但标记告警
[2026-10-02 22:27:53] ❌ beat fail (98/30): HTTP 403: {"error": "credential rejected", "reason": "credential_revoked", "fix": "检查 X-FSTDD-Token 是否为有效且未吊销的节点凭据；若遗失请联系管理节点(K)重新签发"}
[2026-10-02 22:27:53] ⚠️ 连续失败超限 → 继续但标记告警
[2026-10-02 22:28:52] ❌ beat fail (204/30): HTTP 403: {"error": "credential rejected", "reason": "credential_revoked", "fix": "检查 X-FSTDD-Token 是否为有效且未吊销的节点凭据；若遗失请联系管理节点(K)重新签发"}
[2026-10-02 22:28:52] ⚠️ 连续失败超限 → 继续但标记告警
[2026-10-02 22:28:54] ❌ beat fail (99/30): HTTP 403: {"error": "credential rejected", "reason": "credential_revoked", "fix": "检查 X-FSTDD-Token 是否为有效且未吊销的节点凭据；若遗失请联系管理节点(K)重新签发"}
[2026-10-02 22:28:54] ⚠️ 连续失败超限 → 继续但标记告警
[2026-10-02 22:29:53] ❌ beat fail (205/30): HTTP 403: {"error": "credential rejected", "reason": "credential_revoked", "fix": "检查 X-FSTDD-Token 是否为有效且未吊销的节点凭据；若遗失请联系管理节点(K)重新签发"}
[2026-10-02 22:29:53] ⚠️ 连续失败超限 → 继续但标记告警
[2026-10-02 22:29:56] ❌ beat fail (100/30): HTTP 403: {"error": "credential rejected", "reason": "credential_revoked", "fix": "检查 X-FSTDD-Token 是否为有效且未吊销的节点凭据；若遗失请联系管理节点(K)重新签发"}
[2026-10-02 22:29:56] ⚠️ 连续失败超限 → 继续但标记告警
[2026-10-02 22:30:54] ❌ beat fail (206/30): HTTP 403: {"error": "credential rejected", "reason": "credential_revoked", "fix": "检查 X-FSTDD-Token 是否为有效且未吊销的节点凭据；若遗失请联系管理节点(K)重新签发"}
[2026-10-02 22:30:54] ⚠️ 连续失败超限 → 继续但标记告警
[2026-10-02 22:30:57] ❌ beat fail (101/30): HTTP 403: {"error": "credential rejected", "reason": "credential_revoked", "fix": "检查 X-FSTDD-Token 是否为有效且未吊销的节点凭据；若遗失请联系管理节点(K)重新签发"}
[2026-10-02 22:30:57] ⚠️ 连续失败超限 → 继续但标记告警
[2026-10-02 22:31:56] ❌ beat fail (207/30): HTTP 403: {"error": "credential rejected", "reason": "credential_revoked", "fix": "检查 X-FSTDD-Token 是否为有效且未吊销的节点凭据；若遗失请联系管理节点(K)重新签发"}
[2026-10-02 22:31:56] ⚠️ 连续失败超限 → 继续但标记告警
[2026-10-02 22:31:59] ❌ beat fail (102/30): HTTP 403: {"error": "credential rejected", "reason": "credential_revoked", "fix": "检查 X-FSTDD-Token 是否为有效且未吊销的节点凭据；若遗失请联系管理节点(K)重新签发"}
[2026-10-02 22:31:59] ⚠️ 连续失败超限 → 继续但标记告警
[2026-10-02 22:32:58] ❌ beat fail (208/30): HTTP 403: {"error": "credential rejected", "reason": "credential_revoked", "fix": "检查 X-FSTDD-Token 是否为有效且未吊销的节点凭据；若遗失请联系管理节点(K)重新签发"}
[2026-10-02 22:32:58] ⚠️ 连续失败超限 → 继续但标记告警
[2026-10-02 22:33:00] ❌ beat fail (103/30): HTTP 403: {"error": "credential rejected", "reason": "credential_revoked", "fix": "检查 X-FSTDD-Token 是否为有效且未吊销的节点凭据；若遗失请联系管理节点(K)重新签发"}
[2026-10-02 22:33:00] ⚠️ 连续失败超限 → 继续但标记告警
[2026-10-02 22:33:59] ❌ beat fail (209/30): HTTP 403: {"error": "credential rejected", "reason": "credential_revoked", "fix": "检查 X-FSTDD-Token 是否为有效且未吊销的节点凭据；若遗失请联系管理节点(K)重新签发"}
[2026-10-02 22:33:59] ⚠️ 连续失败超限 → 继续但标记告警
[2026-10-02 22:34:02] ❌ beat fail (104/30): HTTP 403: {"error": "credential rejected", "reason": "credential_revoked", "fix": "检查 X-FSTDD-Token 是否为有效且未吊销的节点凭据；若遗失请联系管理节点(K)重新签发"}
[2026-10-02 22:34:02] ⚠️ 连续失败超限 → 继续但标记告警
[2026-10-02 22:35:00] ❌ beat fail (210/30): HTTP 403: {"error": "credential rejected", "reason": "credential_revoked", "fix": "检查 X-FSTDD-Token 是否为有效且未吊销的节点凭据；若遗失请联系管理节点(K)重新签发"}
[2026-10-02 22:35:00] ⚠️ 连续失败超限 → 继续但标记告警
[2026-10-02 22:35:03] ❌ beat fail (105/30): HTTP 403: {"error": "credential rejected", "reason": "credential_revoked", "fix": "检查 X-FSTDD-Token 是否为有效且未吊销的节点凭据；若遗失请联系管理节点(K)重新签发"}
[2026-10-02 22:35:03] ⚠️ 连续失败超限 → 继续但标记告警
[2026-10-02 22:36:01] ❌ beat fail (211/30): HTTP 403: {"error": "credential rejected", "reason": "credential_revoked", "fix": "检查 X-FSTDD-Token 是否为有效且未吊销的节点凭据；若遗失请联系管理节点(K)重新签发"}
[2026-10-02 22:36:01] ⚠️ 连续失败超限 → 继续但标记告警
[2026-10-02 22:36:04] ❌ beat fail (106/30): HTTP 403: {"error": "credential rejected", "reason": "credential_revoked", "fix": "检查 X-FSTDD-Token 是否为有效且未吊销的节点凭据；若遗失请联系管理节点(K)重新签发"}
[2026-10-02 22:36:04] ⚠️ 连续失败超限 → 继续但标记告警
[2026-10-02 22:37:03] ❌ beat fail (212/30): HTTP 403: {"error": "credential rejected", "reason": "credential_revoked", "fix": "检查 X-FSTDD-Token 是否为有效且未吊销的节点凭据；若遗失请联系管理节点(K)重新签发"}
[2026-10-02 22:37:03] ⚠️ 连续失败超限 → 继续但标记告警
[2026-10-02 22:37:06] ❌ beat fail (107/30): HTTP 403: {"error": "credential rejected", "reason": "credential_revoked", "fix": "检查 X-FSTDD-Token 是否为有效且未吊销的节点凭据；若遗失请联系管理节点(K)重新签发"}
[2026-10-02 22:37:06] ⚠️ 连续失败超限 → 继续但标记告警
[2026-10-02 22:38:04] ❌ beat fail (213/30): HTTP 403: {"error": "credential rejected", "reason": "credential_revoked", "fix": "检查 X-FSTDD-Token 是否为有效且未吊销的节点凭据；若遗失请联系管理节点(K)重新签发"}
[2026-10-02 22:38:04] ⚠️ 连续失败超限 → 继续但标记告警
[2026-10-02 22:38:07] ❌ beat fail (108/30): HTTP 403: {"error": "credential rejected", "reason": "credential_revoked", "fix": "检查 X-FSTDD-Token 是否为有效且未吊销的节点凭据；若遗失请联系管理节点(K)重新签发"}
[2026-10-02 22:38:07] ⚠️ 连续失败超限 → 继续但标记告警
[2026-10-02 22:39:05] ❌ beat fail (214/30): HTTP 403: {"error": "credential rejected", "reason": "credential_revoked", "fix": "检查 X-FSTDD-Token 是否为有效且未吊销的节点凭据；若遗失请联系管理节点(K)重新签发"}
[2026-10-02 22:39:05] ⚠️ 连续失败超限 → 继续但标记告警
[2026-10-02 22:39:08] ❌ beat fail (109/30): HTTP 403: {"error": "credential rejected", "reason": "credential_revoked", "fix": "检查 X-FSTDD-Token 是否为有效且未吊销的节点凭据；若遗失请联系管理节点(K)重新签发"}
[2026-10-02 22:39:08] ⚠️ 连续失败超限 → 继续但标记告警
[2026-10-02 22:40:07] ❌ beat fail (215/30): HTTP 403: {"error": "credential rejected", "reason": "credential_revoked", "fix": "检查 X-FSTDD-Token 是否为有效且未吊销的节点凭据；若遗失请联系管理节点(K)重新签发"}
[2026-10-02 22:40:07] ⚠️ 连续失败超限 → 继续但标记告警
[2026-10-02 22:40:10] ❌ beat fail (110/30): HTTP 403: {"error": "credential rejected", "reason": "credential_revoked", "fix": "检查 X-FSTDD-Token 是否为有效且未吊销的节点凭据；若遗失请联系管理节点(K)重新签发"}
[2026-10-02 22:40:10] ⚠️ 连续失败超限 → 继续但标记告警
[2026-10-02 22:41:08] ❌ beat fail (216/30): HTTP 403: {"error": "credential rejected", "reason": "credential_revoked", "fix": "检查 X-FSTDD-Token 是否为有效且未吊销的节点凭据；若遗失请联系管理节点(K)重新签发"}
[2026-10-02 22:41:08] ⚠️ 连续失败超限 → 继续但标记告警
[2026-10-02 22:41:12] ❌ beat fail (111/30): HTTP 403: {"error": "credential rejected", "reason": "credential_revoked", "fix": "检查 X-FSTDD-Token 是否为有效且未吊销的节点凭据；若遗失请联系管理节点(K)重新签发"}
[2026-10-02 22:41:12] ⚠️ 连续失败超限 → 继续但标记告警
[2026-10-02 22:42:09] ❌ beat fail (217/30): HTTP 403: {"error": "credential rejected", "reason": "credential_revoked", "fix": "检查 X-FSTDD-Token 是否为有效且未吊销的节点凭据；若遗失请联系管理节点(K)重新签发"}
[2026-10-02 22:42:09] ⚠️ 连续失败超限 → 继续但标记告警
[2026-10-02 22:42:13] ❌ beat fail (112/30): HTTP 403: {"error": "credential rejected", "reason": "credential_revoked", "fix": "检查 X-FSTDD-Token 是否为有效且未吊销的节点凭据；若遗失请联系管理节点(K)重新签发"}
[2026-10-02 22:42:13] ⚠️ 连续失败超限 → 继续但标记告警
[2026-10-02 22:43:11] ❌ beat fail (218/30): HTTP 403: {"error": "credential rejected", "reason": "credential_revoked", "fix": "检查 X-FSTDD-Token 是否为有效且未吊销的节点凭据；若遗失请联系管理节点(K)重新签发"}
[2026-10-02 22:43:11] ⚠️ 连续失败超限 → 继续但标记告警
[2026-10-02 22:43:15] ❌ beat fail (113/30): HTTP 403: {"error": "credential rejected", "reason": "credential_revoked", "fix": "检查 X-FSTDD-Token 是否为有效且未吊销的节点凭据；若遗失请联系管理节点(K)重新签发"}
[2026-10-02 22:43:15] ⚠️ 连续失败超限 → 继续但标记告警
[2026-10-02 22:44:12] ❌ beat fail (219/30): HTTP 403: {"error": "credential rejected", "reason": "credential_revoked", "fix": "检查 X-FSTDD-Token 是否为有效且未吊销的节点凭据；若遗失请联系管理节点(K)重新签发"}
[2026-10-02 22:44:12] ⚠️ 连续失败超限 → 继续但标记告警
[2026-10-02 22:44:16] ❌ beat fail (114/30): HTTP 403: {"error": "credential rejected", "reason": "credential_revoked", "fix": "检查 X-FSTDD-Token 是否为有效且未吊销的节点凭据；若遗失请联系管理节点(K)重新签发"}
[2026-10-02 22:44:16] ⚠️ 连续失败超限 → 继续但标记告警
[2026-10-02 22:45:13] ❌ beat fail (220/30): HTTP 403: {"error": "credential rejected", "reason": "credential_revoked", "fix": "检查 X-FSTDD-Token 是否为有效且未吊销的节点凭据；若遗失请联系管理节点(K)重新签发"}
[2026-10-02 22:45:13] ⚠️ 连续失败超限 → 继续但标记告警
[2026-10-02 22:45:18] ❌ beat fail (115/30): HTTP 403: {"error": "credential rejected", "reason": "credential_revoked", "fix": "检查 X-FSTDD-Token 是否为有效且未吊销的节点凭据；若遗失请联系管理节点(K)重新签发"}
[2026-10-02 22:45:18] ⚠️ 连续失败超限 → 继续但标记告警
[2026-10-02 22:46:15] ❌ beat fail (221/30): HTTP 403: {"error": "credential rejected", "reason": "credential_revoked", "fix": "检查 X-FSTDD-Token 是否为有效且未吊销的节点凭据；若遗失请联系管理节点(K)重新签发"}
[2026-10-02 22:46:15] ⚠️ 连续失败超限 → 继续但标记告警
[2026-10-02 22:46:19] ❌ beat fail (116/30): HTTP 403: {"error": "credential rejected", "reason": "credential_revoked", "fix": "检查 X-FSTDD-Token 是否为有效且未吊销的节点凭据；若遗失请联系管理节点(K)重新签发"}
[2026-10-02 22:46:19] ⚠️ 连续失败超限 → 继续但标记告警
[2026-10-02 22:47:16] ❌ beat fail (222/30): HTTP 403: {"error": "credential rejected", "reason": "credential_revoked", "fix": "检查 X-FSTDD-Token 是否为有效且未吊销的节点凭据；若遗失请联系管理节点(K)重新签发"}
[2026-10-02 22:47:16] ⚠️ 连续失败超限 → 继续但标记告警
[2026-10-02 22:47:21] ❌ beat fail (117/30): HTTP 403: {"error": "credential rejected", "reason": "credential_revoked", "fix": "检查 X-FSTDD-Token 是否为有效且未吊销的节点凭据；若遗失请联系管理节点(K)重新签发"}
[2026-10-02 22:47:21] ⚠️ 连续失败超限 → 继续但标记告警
[2026-10-02 22:48:18] ❌ beat fail (223/30): HTTP 403: {"error": "credential rejected", "reason": "credential_revoked", "fix": "检查 X-FSTDD-Token 是否为有效且未吊销的节点凭据；若遗失请联系管理节点(K)重新签发"}
[2026-10-02 22:48:18] ⚠️ 连续失败超限 → 继续但标记告警
[2026-10-02 22:48:22] ❌ beat fail (118/30): HTTP 403: {"error": "credential rejected", "reason": "credential_revoked", "fix": "检查 X-FSTDD-Token 是否为有效且未吊销的节点凭据；若遗失请联系管理节点(K)重新签发"}
[2026-10-02 22:48:22] ⚠️ 连续失败超限 → 继续但标记告警
[2026-10-02 22:49:19] ❌ beat fail (224/30): HTTP 403: {"error": "credential rejected", "reason": "credential_revoked", "fix": "检查 X-FSTDD-Token 是否为有效且未吊销的节点凭据；若遗失请联系管理节点(K)重新签发"}
[2026-10-02 22:49:19] ⚠️ 连续失败超限 → 继续但标记告警
[2026-10-02 22:49:23] ❌ beat fail (119/30): HTTP 403: {"error": "credential rejected", "reason": "credential_revoked", "fix": "检查 X-FSTDD-Token 是否为有效且未吊销的节点凭据；若遗失请联系管理节点(K)重新签发"}
[2026-10-02 22:49:23] ⚠️ 连续失败超限 → 继续但标记告警
[2026-10-02 22:50:21] ❌ beat fail (225/30): HTTP 403: {"error": "credential rejected", "reason": "credential_revoked", "fix": "检查 X-FSTDD-Token 是否为有效且未吊销的节点凭据；若遗失请联系管理节点(K)重新签发"}
[2026-10-02 22:50:21] ⚠️ 连续失败超限 → 继续但标记告警
[2026-10-02 22:50:25] ❌ beat fail (120/30): HTTP 403: {"error": "credential rejected", "reason": "credential_revoked", "fix": "检查 X-FSTDD-Token 是否为有效且未吊销的节点凭据；若遗失请联系管理节点(K)重新签发"}
[2026-10-02 22:50:25] ⚠️ 连续失败超限 → 继续但标记告警
[2026-10-02 22:51:22] ❌ beat fail (226/30): HTTP 403: {"error": "credential rejected", "reason": "credential_revoked", "fix": "检查 X-FSTDD-Token 是否为有效且未吊销的节点凭据；若遗失请联系管理节点(K)重新签发"}
[2026-10-02 22:51:22] ⚠️ 连续失败超限 → 继续但标记告警
[2026-10-02 22:51:26] ❌ beat fail (121/30): HTTP 403: {"error": "credential rejected", "reason": "credential_revoked", "fix": "检查 X-FSTDD-Token 是否为有效且未吊销的节点凭据；若遗失请联系管理节点(K)重新签发"}
[2026-10-02 22:51:26] ⚠️ 连续失败超限 → 继续但标记告警
[2026-10-02 22:52:23] ❌ beat fail (227/30): HTTP 403: {"error": "credential rejected", "reason": "credential_revoked", "fix": "检查 X-FSTDD-Token 是否为有效且未吊销的节点凭据；若遗失请联系管理节点(K)重新签发"}
[2026-10-02 22:52:23] ⚠️ 连续失败超限 → 继续但标记告警
[2026-10-02 22:52:27] ❌ beat fail (122/30): HTTP 403: {"error": "credential rejected", "reason": "credential_revoked", "fix": "检查 X-FSTDD-Token 是否为有效且未吊销的节点凭据；若遗失请联系管理节点(K)重新签发"}
[2026-10-02 22:52:27] ⚠️ 连续失败超限 → 继续但标记告警
[2026-10-02 22:53:25] ❌ beat fail (228/30): HTTP 403: {"error": "credential rejected", "reason": "credential_revoked", "fix": "检查 X-FSTDD-Token 是否为有效且未吊销的节点凭据；若遗失请联系管理节点(K)重新签发"}
[2026-10-02 22:53:25] ⚠️ 连续失败超限 → 继续但标记告警
[2026-10-02 22:53:28] ❌ beat fail (123/30): HTTP 403: {"error": "credential rejected", "reason": "credential_revoked", "fix": "检查 X-FSTDD-Token 是否为有效且未吊销的节点凭据；若遗失请联系管理节点(K)重新签发"}
[2026-10-02 22:53:28] ⚠️ 连续失败超限 → 继续但标记告警
[2026-10-02 22:54:26] ❌ beat fail (229/30): HTTP 403: {"error": "credential rejected", "reason": "credential_revoked", "fix": "检查 X-FSTDD-Token 是否为有效且未吊销的节点凭据；若遗失请联系管理节点(K)重新签发"}
[2026-10-02 22:54:26] ⚠️ 连续失败超限 → 继续但标记告警
[2026-10-02 22:54:29] ❌ beat fail (124/30): HTTP 403: {"error": "credential rejected", "reason": "credential_revoked", "fix": "检查 X-FSTDD-Token 是否为有效且未吊销的节点凭据；若遗失请联系管理节点(K)重新签发"}
[2026-10-02 22:54:29] ⚠️ 连续失败超限 → 继续但标记告警
[2026-10-02 22:55:28] ❌ beat fail (230/30): HTTP 403: {"error": "credential rejected", "reason": "credential_revoked", "fix": "检查 X-FSTDD-Token 是否为有效且未吊销的节点凭据；若遗失请联系管理节点(K)重新签发"}
[2026-10-02 22:55:28] ⚠️ 连续失败超限 → 继续但标记告警
[2026-10-02 22:55:30] ❌ beat fail (125/30): HTTP 403: {"error": "credential rejected", "reason": "credential_revoked", "fix": "检查 X-FSTDD-Token 是否为有效且未吊销的节点凭据；若遗失请联系管理节点(K)重新签发"}
[2026-10-02 22:55:30] ⚠️ 连续失败超限 → 继续但标记告警
[2026-10-02 22:56:29] ❌ beat fail (231/30): HTTP 403: {"error": "credential rejected", "reason": "credential_revoked", "fix": "检查 X-FSTDD-Token 是否为有效且未吊销的节点凭据；若遗失请联系管理节点(K)重新签发"}
[2026-10-02 22:56:29] ⚠️ 连续失败超限 → 继续但标记告警
[2026-10-02 22:56:31] ❌ beat fail (126/30): HTTP 403: {"error": "credential rejected", "reason": "credential_revoked", "fix": "检查 X-FSTDD-Token 是否为有效且未吊销的节点凭据；若遗失请联系管理节点(K)重新签发"}
[2026-10-02 22:56:31] ⚠️ 连续失败超限 → 继续但标记告警
[2026-10-02 22:57:30] ❌ beat fail (232/30): HTTP 403: {"error": "credential rejected", "reason": "credential_revoked", "fix": "检查 X-FSTDD-Token 是否为有效且未吊销的节点凭据；若遗失请联系管理节点(K)重新签发"}
[2026-10-02 22:57:30] ⚠️ 连续失败超限 → 继续但标记告警
[2026-10-02 22:57:32] ❌ beat fail (127/30): HTTP 403: {"error": "credential rejected", "reason": "credential_revoked", "fix": "检查 X-FSTDD-Token 是否为有效且未吊销的节点凭据；若遗失请联系管理节点(K)重新签发"}
[2026-10-02 22:57:32] ⚠️ 连续失败超限 → 继续但标记告警
[2026-10-02 22:58:31] ❌ beat fail (233/30): HTTP 403: {"error": "credential rejected", "reason": "credential_revoked", "fix": "检查 X-FSTDD-Token 是否为有效且未吊销的节点凭据；若遗失请联系管理节点(K)重新签发"}
[2026-10-02 22:58:31] ⚠️ 连续失败超限 → 继续但标记告警
[2026-10-02 22:58:34] ❌ beat fail (128/30): HTTP 403: {"error": "credential rejected", "reason": "credential_revoked", "fix": "检查 X-FSTDD-Token 是否为有效且未吊销的节点凭据；若遗失请联系管理节点(K)重新签发"}
[2026-10-02 22:58:34] ⚠️ 连续失败超限 → 继续但标记告警
[2026-10-02 22:59:33] ❌ beat fail (234/30): HTTP 403: {"error": "credential rejected", "reason": "credential_revoked", "fix": "检查 X-FSTDD-Token 是否为有效且未吊销的节点凭据；若遗失请联系管理节点(K)重新签发"}
[2026-10-02 22:59:33] ⚠️ 连续失败超限 → 继续但标记告警
[2026-10-02 22:59:36] ❌ beat fail (129/30): HTTP 403: {"error": "credential rejected", "reason": "credential_revoked", "fix": "检查 X-FSTDD-Token 是否为有效且未吊销的节点凭据；若遗失请联系管理节点(K)重新签发"}
[2026-10-02 22:59:36] ⚠️ 连续失败超限 → 继续但标记告警
[2026-10-02 23:00:34] ❌ beat fail (235/30): HTTP 403: {"error": "credential rejected", "reason": "credential_revoked", "fix": "检查 X-FSTDD-Token 是否为有效且未吊销的节点凭据；若遗失请联系管理节点(K)重新签发"}
[2026-10-02 23:00:34] ⚠️ 连续失败超限 → 继续但标记告警
[2026-10-02 23:00:37] ❌ beat fail (130/30): HTTP 403: {"error": "credential rejected", "reason": "credential_revoked", "fix": "检查 X-FSTDD-Token 是否为有效且未吊销的节点凭据；若遗失请联系管理节点(K)重新签发"}
[2026-10-02 23:00:37] ⚠️ 连续失败超限 → 继续但标记告警
[2026-10-02 23:01:36] ❌ beat fail (236/30): HTTP 403: {"error": "credential rejected", "reason": "credential_revoked", "fix": "检查 X-FSTDD-Token 是否为有效且未吊销的节点凭据；若遗失请联系管理节点(K)重新签发"}
[2026-10-02 23:01:36] ⚠️ 连续失败超限 → 继续但标记告警
[2026-10-02 23:01:38] ❌ beat fail (131/30): HTTP 403: {"error": "credential rejected", "reason": "credential_revoked", "fix": "检查 X-FSTDD-Token 是否为有效且未吊销的节点凭据；若遗失请联系管理节点(K)重新签发"}
[2026-10-02 23:01:38] ⚠️ 连续失败超限 → 继续但标记告警
[2026-10-02 23:02:37] ❌ beat fail (237/30): HTTP 403: {"error": "credential rejected", "reason": "credential_revoked", "fix": "检查 X-FSTDD-Token 是否为有效且未吊销的节点凭据；若遗失请联系管理节点(K)重新签发"}
[2026-10-02 23:02:37] ⚠️ 连续失败超限 → 继续但标记告警
[2026-10-02 23:02:39] ❌ beat fail (132/30): HTTP 403: {"error": "credential rejected", "reason": "credential_revoked", "fix": "检查 X-FSTDD-Token 是否为有效且未吊销的节点凭据；若遗失请联系管理节点(K)重新签发"}
[2026-10-02 23:02:39] ⚠️ 连续失败超限 → 继续但标记告警
[2026-10-02 23:03:39] ❌ beat fail (238/30): HTTP 403: {"error": "credential rejected", "reason": "credential_revoked", "fix": "检查 X-FSTDD-Token 是否为有效且未吊销的节点凭据；若遗失请联系管理节点(K)重新签发"}
[2026-10-02 23:03:39] ⚠️ 连续失败超限 → 继续但标记告警
[2026-10-02 23:03:41] ❌ beat fail (133/30): HTTP 403: {"error": "credential rejected", "reason": "credential_revoked", "fix": "检查 X-FSTDD-Token 是否为有效且未吊销的节点凭据；若遗失请联系管理节点(K)重新签发"}
[2026-10-02 23:03:41] ⚠️ 连续失败超限 → 继续但标记告警
[2026-10-02 23:04:41] ❌ beat fail (239/30): HTTP 403: {"error": "credential rejected", "reason": "credential_revoked", "fix": "检查 X-FSTDD-Token 是否为有效且未吊销的节点凭据；若遗失请联系管理节点(K)重新签发"}
[2026-10-02 23:04:41] ⚠️ 连续失败超限 → 继续但标记告警
[2026-10-02 23:04:43] ❌ beat fail (134/30): HTTP 403: {"error": "credential rejected", "reason": "credential_revoked", "fix": "检查 X-FSTDD-Token 是否为有效且未吊销的节点凭据；若遗失请联系管理节点(K)重新签发"}
[2026-10-02 23:04:43] ⚠️ 连续失败超限 → 继续但标记告警
[2026-10-02 23:05:42] ❌ beat fail (240/30): HTTP 403: {"error": "credential rejected", "reason": "credential_revoked", "fix": "检查 X-FSTDD-Token 是否为有效且未吊销的节点凭据；若遗失请联系管理节点(K)重新签发"}
[2026-10-02 23:05:42] ⚠️ 连续失败超限 → 继续但标记告警
[2026-10-02 23:05:45] ❌ beat fail (135/30): HTTP 403: {"error": "credential rejected", "reason": "credential_revoked", "fix": "检查 X-FSTDD-Token 是否为有效且未吊销的节点凭据；若遗失请联系管理节点(K)重新签发"}
[2026-10-02 23:05:45] ⚠️ 连续失败超限 → 继续但标记告警
[2026-10-02 23:06:43] ❌ beat fail (241/30): HTTP 403: {"error": "credential rejected", "reason": "credential_revoked", "fix": "检查 X-FSTDD-Token 是否为有效且未吊销的节点凭据；若遗失请联系管理节点(K)重新签发"}
[2026-10-02 23:06:43] ⚠️ 连续失败超限 → 继续但标记告警
[2026-10-02 23:06:46] ❌ beat fail (136/30): HTTP 403: {"error": "credential rejected", "reason": "credential_revoked", "fix": "检查 X-FSTDD-Token 是否为有效且未吊销的节点凭据；若遗失请联系管理节点(K)重新签发"}
[2026-10-02 23:06:46] ⚠️ 连续失败超限 → 继续但标记告警
[2026-10-02 23:07:45] ❌ beat fail (242/30): HTTP 403: {"error": "credential rejected", "reason": "credential_revoked", "fix": "检查 X-FSTDD-Token 是否为有效且未吊销的节点凭据；若遗失请联系管理节点(K)重新签发"}
[2026-10-02 23:07:45] ⚠️ 连续失败超限 → 继续但标记告警
[2026-10-02 23:07:47] ❌ beat fail (137/30): HTTP 403: {"error": "credential rejected", "reason": "credential_revoked", "fix": "检查 X-FSTDD-Token 是否为有效且未吊销的节点凭据；若遗失请联系管理节点(K)重新签发"}
[2026-10-02 23:07:47] ⚠️ 连续失败超限 → 继续但标记告警
[2026-10-02 23:08:47] ❌ beat fail (243/30): HTTP 403: {"error": "credential rejected", "reason": "credential_revoked", "fix": "检查 X-FSTDD-Token 是否为有效且未吊销的节点凭据；若遗失请联系管理节点(K)重新签发"}
[2026-10-02 23:08:47] ⚠️ 连续失败超限 → 继续但标记告警
[2026-10-02 23:08:48] ❌ beat fail (138/30): HTTP 403: {"error": "credential rejected", "reason": "credential_revoked", "fix": "检查 X-FSTDD-Token 是否为有效且未吊销的节点凭据；若遗失请联系管理节点(K)重新签发"}
[2026-10-02 23:08:48] ⚠️ 连续失败超限 → 继续但标记告警
[2026-10-02 23:09:48] ❌ beat fail (244/30): HTTP 403: {"error": "credential rejected", "reason": "credential_revoked", "fix": "检查 X-FSTDD-Token 是否为有效且未吊销的节点凭据；若遗失请联系管理节点(K)重新签发"}
[2026-10-02 23:09:48] ⚠️ 连续失败超限 → 继续但标记告警
[2026-10-02 23:09:50] ❌ beat fail (139/30): HTTP 403: {"error": "credential rejected", "reason": "credential_revoked", "fix": "检查 X-FSTDD-Token 是否为有效且未吊销的节点凭据；若遗失请联系管理节点(K)重新签发"}
[2026-10-02 23:09:50] ⚠️ 连续失败超限 → 继续但标记告警
[2026-10-02 23:10:50] ❌ beat fail (245/30): HTTP 403: {"error": "credential rejected", "reason": "credential_revoked", "fix": "检查 X-FSTDD-Token 是否为有效且未吊销的节点凭据；若遗失请联系管理节点(K)重新签发"}
[2026-10-02 23:10:50] ⚠️ 连续失败超限 → 继续但标记告警
[2026-10-02 23:10:52] ❌ beat fail (140/30): HTTP 403: {"error": "credential rejected", "reason": "credential_revoked", "fix": "检查 X-FSTDD-Token 是否为有效且未吊销的节点凭据；若遗失请联系管理节点(K)重新签发"}
[2026-10-02 23:10:52] ⚠️ 连续失败超限 → 继续但标记告警
[2026-10-02 23:11:52] ❌ beat fail (246/30): HTTP 403: {"error": "credential rejected", "reason": "credential_revoked", "fix": "检查 X-FSTDD-Token 是否为有效且未吊销的节点凭据；若遗失请联系管理节点(K)重新签发"}
[2026-10-02 23:11:52] ⚠️ 连续失败超限 → 继续但标记告警
[2026-10-02 23:11:53] ❌ beat fail (141/30): HTTP 403: {"error": "credential rejected", "reason": "credential_revoked", "fix": "检查 X-FSTDD-Token 是否为有效且未吊销的节点凭据；若遗失请联系管理节点(K)重新签发"}
[2026-10-02 23:11:53] ⚠️ 连续失败超限 → 继续但标记告警
[2026-10-02 23:12:53] ❌ beat fail (247/30): HTTP 403: {"error": "credential rejected", "reason": "credential_revoked", "fix": "检查 X-FSTDD-Token 是否为有效且未吊销的节点凭据；若遗失请联系管理节点(K)重新签发"}
[2026-10-02 23:12:53] ⚠️ 连续失败超限 → 继续但标记告警
[2026-10-02 23:12:55] ❌ beat fail (142/30): HTTP 403: {"error": "credential rejected", "reason": "credential_revoked", "fix": "检查 X-FSTDD-Token 是否为有效且未吊销的节点凭据；若遗失请联系管理节点(K)重新签发"}
[2026-10-02 23:12:55] ⚠️ 连续失败超限 → 继续但标记告警
[2026-10-02 23:13:55] ❌ beat fail (248/30): HTTP 403: {"error": "credential rejected", "reason": "credential_revoked", "fix": "检查 X-FSTDD-Token 是否为有效且未吊销的节点凭据；若遗失请联系管理节点(K)重新签发"}
[2026-10-02 23:13:55] ⚠️ 连续失败超限 → 继续但标记告警
[2026-10-02 23:13:58] ❌ beat fail (143/30): HTTP 403: {"error": "credential rejected", "reason": "credential_revoked", "fix": "检查 X-FSTDD-Token 是否为有效且未吊销的节点凭据；若遗失请联系管理节点(K)重新签发"}
[2026-10-02 23:13:58] ⚠️ 连续失败超限 → 继续但标记告警
[2026-10-02 23:14:56] ❌ beat fail (249/30): HTTP 403: {"error": "credential rejected", "reason": "credential_revoked", "fix": "检查 X-FSTDD-Token 是否为有效且未吊销的节点凭据；若遗失请联系管理节点(K)重新签发"}
[2026-10-02 23:14:56] ⚠️ 连续失败超限 → 继续但标记告警
[2026-10-02 23:14:59] ❌ beat fail (144/30): HTTP 403: {"error": "credential rejected", "reason": "credential_revoked", "fix": "检查 X-FSTDD-Token 是否为有效且未吊销的节点凭据；若遗失请联系管理节点(K)重新签发"}
[2026-10-02 23:14:59] ⚠️ 连续失败超限 → 继续但标记告警
[2026-10-02 23:15:58] ❌ beat fail (250/30): HTTP 403: {"error": "credential rejected", "reason": "credential_revoked", "fix": "检查 X-FSTDD-Token 是否为有效且未吊销的节点凭据；若遗失请联系管理节点(K)重新签发"}
[2026-10-02 23:15:58] ⚠️ 连续失败超限 → 继续但标记告警
[2026-10-02 23:16:01] ❌ beat fail (145/30): HTTP 403: {"error": "credential rejected", "reason": "credential_revoked", "fix": "检查 X-FSTDD-Token 是否为有效且未吊销的节点凭据；若遗失请联系管理节点(K)重新签发"}
[2026-10-02 23:16:01] ⚠️ 连续失败超限 → 继续但标记告警
[2026-10-02 23:16:59] ❌ beat fail (251/30): HTTP 403: {"error": "credential rejected", "reason": "credential_revoked", "fix": "检查 X-FSTDD-Token 是否为有效且未吊销的节点凭据；若遗失请联系管理节点(K)重新签发"}
[2026-10-02 23:16:59] ⚠️ 连续失败超限 → 继续但标记告警
[2026-10-02 23:17:02] ❌ beat fail (146/30): HTTP 403: {"error": "credential rejected", "reason": "credential_revoked", "fix": "检查 X-FSTDD-Token 是否为有效且未吊销的节点凭据；若遗失请联系管理节点(K)重新签发"}
[2026-10-02 23:17:02] ⚠️ 连续失败超限 → 继续但标记告警
[2026-10-02 23:18:01] ❌ beat fail (252/30): HTTP 403: {"error": "credential rejected", "reason": "credential_revoked", "fix": "检查 X-FSTDD-Token 是否为有效且未吊销的节点凭据；若遗失请联系管理节点(K)重新签发"}
[2026-10-02 23:18:01] ⚠️ 连续失败超限 → 继续但标记告警
[2026-10-02 23:18:03] ❌ beat fail (147/30): HTTP 403: {"error": "credential rejected", "reason": "credential_revoked", "fix": "检查 X-FSTDD-Token 是否为有效且未吊销的节点凭据；若遗失请联系管理节点(K)重新签发"}
[2026-10-02 23:18:03] ⚠️ 连续失败超限 → 继续但标记告警
[2026-10-02 23:19:02] ❌ beat fail (253/30): HTTP 403: {"error": "credential rejected", "reason": "credential_revoked", "fix": "检查 X-FSTDD-Token 是否为有效且未吊销的节点凭据；若遗失请联系管理节点(K)重新签发"}
[2026-10-02 23:19:02] ⚠️ 连续失败超限 → 继续但标记告警
[2026-10-02 23:19:05] ❌ beat fail (148/30): HTTP 403: {"error": "credential rejected", "reason": "credential_revoked", "fix": "检查 X-FSTDD-Token 是否为有效且未吊销的节点凭据；若遗失请联系管理节点(K)重新签发"}
[2026-10-02 23:19:05] ⚠️ 连续失败超限 → 继续但标记告警
[2026-10-02 23:20:03] ❌ beat fail (254/30): HTTP 403: {"error": "credential rejected", "reason": "credential_revoked", "fix": "检查 X-FSTDD-Token 是否为有效且未吊销的节点凭据；若遗失请联系管理节点(K)重新签发"}
[2026-10-02 23:20:03] ⚠️ 连续失败超限 → 继续但标记告警
[2026-10-02 23:20:06] ❌ beat fail (149/30): HTTP 403: {"error": "credential rejected", "reason": "credential_revoked", "fix": "检查 X-FSTDD-Token 是否为有效且未吊销的节点凭据；若遗失请联系管理节点(K)重新签发"}
[2026-10-02 23:20:06] ⚠️ 连续失败超限 → 继续但标记告警
[2026-10-02 23:21:05] ❌ beat fail (255/30): HTTP 403: {"error": "credential rejected", "reason": "credential_revoked", "fix": "检查 X-FSTDD-Token 是否为有效且未吊销的节点凭据；若遗失请联系管理节点(K)重新签发"}
[2026-10-02 23:21:05] ⚠️ 连续失败超限 → 继续但标记告警
[2026-10-02 23:21:08] ❌ beat fail (150/30): HTTP 403: {"error": "credential rejected", "reason": "credential_revoked", "fix": "检查 X-FSTDD-Token 是否为有效且未吊销的节点凭据；若遗失请联系管理节点(K)重新签发"}
[2026-10-02 23:21:08] ⚠️ 连续失败超限 → 继续但标记告警
[2026-10-02 23:22:06] ❌ beat fail (256/30): HTTP 403: {"error": "credential rejected", "reason": "credential_revoked", "fix": "检查 X-FSTDD-Token 是否为有效且未吊销的节点凭据；若遗失请联系管理节点(K)重新签发"}
[2026-10-02 23:22:06] ⚠️ 连续失败超限 → 继续但标记告警
[2026-10-02 23:22:10] ❌ beat fail (151/30): HTTP 403: {"error": "credential rejected", "reason": "credential_revoked", "fix": "检查 X-FSTDD-Token 是否为有效且未吊销的节点凭据；若遗失请联系管理节点(K)重新签发"}
[2026-10-02 23:22:10] ⚠️ 连续失败超限 → 继续但标记告警
[2026-10-02 23:23:07] ❌ beat fail (257/30): HTTP 403: {"error": "credential rejected", "reason": "credential_revoked", "fix": "检查 X-FSTDD-Token 是否为有效且未吊销的节点凭据；若遗失请联系管理节点(K)重新签发"}
[2026-10-02 23:23:07] ⚠️ 连续失败超限 → 继续但标记告警
[2026-10-02 23:23:11] ❌ beat fail (152/30): HTTP 403: {"error": "credential rejected", "reason": "credential_revoked", "fix": "检查 X-FSTDD-Token 是否为有效且未吊销的节点凭据；若遗失请联系管理节点(K)重新签发"}
[2026-10-02 23:23:11] ⚠️ 连续失败超限 → 继续但标记告警
[2026-10-02 23:24:08] ❌ beat fail (258/30): HTTP 403: {"error": "credential rejected", "reason": "credential_revoked", "fix": "检查 X-FSTDD-Token 是否为有效且未吊销的节点凭据；若遗失请联系管理节点(K)重新签发"}
[2026-10-02 23:24:08] ⚠️ 连续失败超限 → 继续但标记告警
[2026-10-02 23:24:12] ❌ beat fail (153/30): HTTP 403: {"error": "credential rejected", "reason": "credential_revoked", "fix": "检查 X-FSTDD-Token 是否为有效且未吊销的节点凭据；若遗失请联系管理节点(K)重新签发"}
[2026-10-02 23:24:12] ⚠️ 连续失败超限 → 继续但标记告警
[2026-10-02 23:25:09] ❌ beat fail (259/30): HTTP 403: {"error": "credential rejected", "reason": "credential_revoked", "fix": "检查 X-FSTDD-Token 是否为有效且未吊销的节点凭据；若遗失请联系管理节点(K)重新签发"}
[2026-10-02 23:25:09] ⚠️ 连续失败超限 → 继续但标记告警
[2026-10-02 23:25:13] ❌ beat fail (154/30): HTTP 403: {"error": "credential rejected", "reason": "credential_revoked", "fix": "检查 X-FSTDD-Token 是否为有效且未吊销的节点凭据；若遗失请联系管理节点(K)重新签发"}
[2026-10-02 23:25:13] ⚠️ 连续失败超限 → 继续但标记告警
[2026-10-02 23:26:10] ❌ beat fail (260/30): HTTP 403: {"error": "credential rejected", "reason": "credential_revoked", "fix": "检查 X-FSTDD-Token 是否为有效且未吊销的节点凭据；若遗失请联系管理节点(K)重新签发"}
[2026-10-02 23:26:10] ⚠️ 连续失败超限 → 继续但标记告警
[2026-10-02 23:26:14] ❌ beat fail (155/30): HTTP 403: {"error": "credential rejected", "reason": "credential_revoked", "fix": "检查 X-FSTDD-Token 是否为有效且未吊销的节点凭据；若遗失请联系管理节点(K)重新签发"}
[2026-10-02 23:26:14] ⚠️ 连续失败超限 → 继续但标记告警
[2026-10-02 23:27:11] ❌ beat fail (261/30): HTTP 403: {"error": "credential rejected", "reason": "credential_revoked", "fix": "检查 X-FSTDD-Token 是否为有效且未吊销的节点凭据；若遗失请联系管理节点(K)重新签发"}
[2026-10-02 23:27:11] ⚠️ 连续失败超限 → 继续但标记告警
[2026-10-02 23:27:16] ❌ beat fail (156/30): HTTP 403: {"error": "credential rejected", "reason": "credential_revoked", "fix": "检查 X-FSTDD-Token 是否为有效且未吊销的节点凭据；若遗失请联系管理节点(K)重新签发"}
[2026-10-02 23:27:16] ⚠️ 连续失败超限 → 继续但标记告警
[2026-10-02 23:28:12] ❌ beat fail (262/30): HTTP 403: {"error": "credential rejected", "reason": "credential_revoked", "fix": "检查 X-FSTDD-Token 是否为有效且未吊销的节点凭据；若遗失请联系管理节点(K)重新签发"}
[2026-10-02 23:28:12] ⚠️ 连续失败超限 → 继续但标记告警
[2026-10-02 23:28:17] ❌ beat fail (157/30): HTTP 403: {"error": "credential rejected", "reason": "credential_revoked", "fix": "检查 X-FSTDD-Token 是否为有效且未吊销的节点凭据；若遗失请联系管理节点(K)重新签发"}
[2026-10-02 23:28:17] ⚠️ 连续失败超限 → 继续但标记告警
[2026-10-02 23:29:13] ❌ beat fail (263/30): HTTP 403: {"error": "credential rejected", "reason": "credential_revoked", "fix": "检查 X-FSTDD-Token 是否为有效且未吊销的节点凭据；若遗失请联系管理节点(K)重新签发"}
[2026-10-02 23:29:13] ⚠️ 连续失败超限 → 继续但标记告警
[2026-10-02 23:29:18] ❌ beat fail (158/30): HTTP 403: {"error": "credential rejected", "reason": "credential_revoked", "fix": "检查 X-FSTDD-Token 是否为有效且未吊销的节点凭据；若遗失请联系管理节点(K)重新签发"}
[2026-10-02 23:29:18] ⚠️ 连续失败超限 → 继续但标记告警
[2026-10-02 23:30:14] ❌ beat fail (264/30): HTTP 403: {"error": "credential rejected", "reason": "credential_revoked", "fix": "检查 X-FSTDD-Token 是否为有效且未吊销的节点凭据；若遗失请联系管理节点(K)重新签发"}
[2026-10-02 23:30:14] ⚠️ 连续失败超限 → 继续但标记告警
[2026-10-02 23:30:20] ❌ beat fail (159/30): HTTP 403: {"error": "credential rejected", "reason": "credential_revoked", "fix": "检查 X-FSTDD-Token 是否为有效且未吊销的节点凭据；若遗失请联系管理节点(K)重新签发"}
[2026-10-02 23:30:20] ⚠️ 连续失败超限 → 继续但标记告警
[2026-10-02 23:31:15] ❌ beat fail (265/30): HTTP 403: {"error": "credential rejected", "reason": "credential_revoked", "fix": "检查 X-FSTDD-Token 是否为有效且未吊销的节点凭据；若遗失请联系管理节点(K)重新签发"}
[2026-10-02 23:31:15] ⚠️ 连续失败超限 → 继续但标记告警
[2026-10-02 23:31:21] ❌ beat fail (160/30): HTTP 403: {"error": "credential rejected", "reason": "credential_revoked", "fix": "检查 X-FSTDD-Token 是否为有效且未吊销的节点凭据；若遗失请联系管理节点(K)重新签发"}
[2026-10-02 23:31:21] ⚠️ 连续失败超限 → 继续但标记告警
[2026-10-02 23:32:17] ❌ beat fail (266/30): HTTP 403: {"error": "credential rejected", "reason": "credential_revoked", "fix": "检查 X-FSTDD-Token 是否为有效且未吊销的节点凭据；若遗失请联系管理节点(K)重新签发"}
[2026-10-02 23:32:17] ⚠️ 连续失败超限 → 继续但标记告警
[2026-10-02 23:32:22] ❌ beat fail (161/30): HTTP 403: {"error": "credential rejected", "reason": "credential_revoked", "fix": "检查 X-FSTDD-Token 是否为有效且未吊销的节点凭据；若遗失请联系管理节点(K)重新签发"}
[2026-10-02 23:32:22] ⚠️ 连续失败超限 → 继续但标记告警
[2026-10-02 23:33:18] ❌ beat fail (267/30): HTTP 403: {"error": "credential rejected", "reason": "credential_revoked", "fix": "检查 X-FSTDD-Token 是否为有效且未吊销的节点凭据；若遗失请联系管理节点(K)重新签发"}
[2026-10-02 23:33:18] ⚠️ 连续失败超限 → 继续但标记告警
[2026-10-02 23:33:23] ❌ beat fail (162/30): HTTP 403: {"error": "credential rejected", "reason": "credential_revoked", "fix": "检查 X-FSTDD-Token 是否为有效且未吊销的节点凭据；若遗失请联系管理节点(K)重新签发"}
[2026-10-02 23:33:23] ⚠️ 连续失败超限 → 继续但标记告警
[2026-10-02 23:34:19] ❌ beat fail (268/30): HTTP 403: {"error": "credential rejected", "reason": "credential_revoked", "fix": "检查 X-FSTDD-Token 是否为有效且未吊销的节点凭据；若遗失请联系管理节点(K)重新签发"}
[2026-10-02 23:34:19] ⚠️ 连续失败超限 → 继续但标记告警
[2026-10-02 23:34:25] ❌ beat fail (163/30): HTTP 403: {"error": "credential rejected", "reason": "credential_revoked", "fix": "检查 X-FSTDD-Token 是否为有效且未吊销的节点凭据；若遗失请联系管理节点(K)重新签发"}
[2026-10-02 23:34:25] ⚠️ 连续失败超限 → 继续但标记告警
[2026-10-02 23:35:21] ❌ beat fail (269/30): HTTP 403: {"error": "credential rejected", "reason": "credential_revoked", "fix": "检查 X-FSTDD-Token 是否为有效且未吊销的节点凭据；若遗失请联系管理节点(K)重新签发"}
[2026-10-02 23:35:21] ⚠️ 连续失败超限 → 继续但标记告警
[2026-10-02 23:35:25] ❌ beat fail (164/30): HTTP 403: {"error": "credential rejected", "reason": "credential_revoked", "fix": "检查 X-FSTDD-Token 是否为有效且未吊销的节点凭据；若遗失请联系管理节点(K)重新签发"}
[2026-10-02 23:35:25] ⚠️ 连续失败超限 → 继续但标记告警
[2026-10-02 23:36:22] ❌ beat fail (270/30): HTTP 403: {"error": "credential rejected", "reason": "credential_revoked", "fix": "检查 X-FSTDD-Token 是否为有效且未吊销的节点凭据；若遗失请联系管理节点(K)重新签发"}
[2026-10-02 23:36:22] ⚠️ 连续失败超限 → 继续但标记告警
[2026-10-02 23:36:27] ❌ beat fail (165/30): HTTP 403: {"error": "credential rejected", "reason": "credential_revoked", "fix": "检查 X-FSTDD-Token 是否为有效且未吊销的节点凭据；若遗失请联系管理节点(K)重新签发"}
[2026-10-02 23:36:27] ⚠️ 连续失败超限 → 继续但标记告警
[2026-10-02 23:37:23] ❌ beat fail (271/30): HTTP 403: {"error": "credential rejected", "reason": "credential_revoked", "fix": "检查 X-FSTDD-Token 是否为有效且未吊销的节点凭据；若遗失请联系管理节点(K)重新签发"}
[2026-10-02 23:37:23] ⚠️ 连续失败超限 → 继续但标记告警
[2026-10-02 23:37:28] ❌ beat fail (166/30): HTTP 403: {"error": "credential rejected", "reason": "credential_revoked", "fix": "检查 X-FSTDD-Token 是否为有效且未吊销的节点凭据；若遗失请联系管理节点(K)重新签发"}
[2026-10-02 23:37:28] ⚠️ 连续失败超限 → 继续但标记告警
[2026-10-02 23:38:23] ❌ beat fail (272/30): HTTP 403: {"error": "credential rejected", "reason": "credential_revoked", "fix": "检查 X-FSTDD-Token 是否为有效且未吊销的节点凭据；若遗失请联系管理节点(K)重新签发"}
[2026-10-02 23:38:23] ⚠️ 连续失败超限 → 继续但标记告警
[2026-10-02 23:38:30] ❌ beat fail (167/30): HTTP 403: {"error": "credential rejected", "reason": "credential_revoked", "fix": "检查 X-FSTDD-Token 是否为有效且未吊销的节点凭据；若遗失请联系管理节点(K)重新签发"}
[2026-10-02 23:38:30] ⚠️ 连续失败超限 → 继续但标记告警
[2026-10-02 23:39:25] ❌ beat fail (273/30): HTTP 403: {"error": "credential rejected", "reason": "credential_revoked", "fix": "检查 X-FSTDD-Token 是否为有效且未吊销的节点凭据；若遗失请联系管理节点(K)重新签发"}
[2026-10-02 23:39:25] ⚠️ 连续失败超限 → 继续但标记告警
[2026-10-02 23:39:31] ❌ beat fail (168/30): HTTP 403: {"error": "credential rejected", "reason": "credential_revoked", "fix": "检查 X-FSTDD-Token 是否为有效且未吊销的节点凭据；若遗失请联系管理节点(K)重新签发"}
[2026-10-02 23:39:31] ⚠️ 连续失败超限 → 继续但标记告警
[2026-10-02 23:40:26] ❌ beat fail (274/30): HTTP 403: {"error": "credential rejected", "reason": "credential_revoked", "fix": "检查 X-FSTDD-Token 是否为有效且未吊销的节点凭据；若遗失请联系管理节点(K)重新签发"}
[2026-10-02 23:40:26] ⚠️ 连续失败超限 → 继续但标记告警
[2026-10-02 23:40:32] ❌ beat fail (169/30): HTTP 403: {"error": "credential rejected", "reason": "credential_revoked", "fix": "检查 X-FSTDD-Token 是否为有效且未吊销的节点凭据；若遗失请联系管理节点(K)重新签发"}
[2026-10-02 23:40:32] ⚠️ 连续失败超限 → 继续但标记告警
[2026-10-02 23:41:27] ❌ beat fail (275/30): HTTP 403: {"error": "credential rejected", "reason": "credential_revoked", "fix": "检查 X-FSTDD-Token 是否为有效且未吊销的节点凭据；若遗失请联系管理节点(K)重新签发"}
[2026-10-02 23:41:27] ⚠️ 连续失败超限 → 继续但标记告警
[2026-10-02 23:41:34] ❌ beat fail (170/30): HTTP 403: {"error": "credential rejected", "reason": "credential_revoked", "fix": "检查 X-FSTDD-Token 是否为有效且未吊销的节点凭据；若遗失请联系管理节点(K)重新签发"}
[2026-10-02 23:41:34] ⚠️ 连续失败超限 → 继续但标记告警
[2026-10-02 23:42:29] ❌ beat fail (276/30): HTTP 403: {"error": "credential rejected", "reason": "credential_revoked", "fix": "检查 X-FSTDD-Token 是否为有效且未吊销的节点凭据；若遗失请联系管理节点(K)重新签发"}
[2026-10-02 23:42:29] ⚠️ 连续失败超限 → 继续但标记告警
[2026-10-02 23:42:35] ❌ beat fail (171/30): HTTP 403: {"error": "credential rejected", "reason": "credential_revoked", "fix": "检查 X-FSTDD-Token 是否为有效且未吊销的节点凭据；若遗失请联系管理节点(K)重新签发"}
[2026-10-02 23:42:35] ⚠️ 连续失败超限 → 继续但标记告警
[2026-10-02 23:43:30] ❌ beat fail (277/30): HTTP 403: {"error": "credential rejected", "reason": "credential_revoked", "fix": "检查 X-FSTDD-Token 是否为有效且未吊销的节点凭据；若遗失请联系管理节点(K)重新签发"}
[2026-10-02 23:43:30] ⚠️ 连续失败超限 → 继续但标记告警
[2026-10-02 23:43:36] ❌ beat fail (172/30): HTTP 403: {"error": "credential rejected", "reason": "credential_revoked", "fix": "检查 X-FSTDD-Token 是否为有效且未吊销的节点凭据；若遗失请联系管理节点(K)重新签发"}
[2026-10-02 23:43:36] ⚠️ 连续失败超限 → 继续但标记告警
[2026-10-02 23:44:31] ❌ beat fail (278/30): HTTP 403: {"error": "credential rejected", "reason": "credential_revoked", "fix": "检查 X-FSTDD-Token 是否为有效且未吊销的节点凭据；若遗失请联系管理节点(K)重新签发"}
[2026-10-02 23:44:31] ⚠️ 连续失败超限 → 继续但标记告警
[2026-10-02 23:44:38] ❌ beat fail (173/30): HTTP 403: {"error": "credential rejected", "reason": "credential_revoked", "fix": "检查 X-FSTDD-Token 是否为有效且未吊销的节点凭据；若遗失请联系管理节点(K)重新签发"}
[2026-10-02 23:44:38] ⚠️ 连续失败超限 → 继续但标记告警
[2026-10-02 23:45:32] ❌ beat fail (279/30): HTTP 403: {"error": "credential rejected", "reason": "credential_revoked", "fix": "检查 X-FSTDD-Token 是否为有效且未吊销的节点凭据；若遗失请联系管理节点(K)重新签发"}
[2026-10-02 23:45:32] ⚠️ 连续失败超限 → 继续但标记告警
[2026-10-02 23:45:39] ❌ beat fail (174/30): HTTP 403: {"error": "credential rejected", "reason": "credential_revoked", "fix": "检查 X-FSTDD-Token 是否为有效且未吊销的节点凭据；若遗失请联系管理节点(K)重新签发"}
[2026-10-02 23:45:39] ⚠️ 连续失败超限 → 继续但标记告警
[2026-10-02 23:46:34] ❌ beat fail (280/30): HTTP 403: {"error": "credential rejected", "reason": "credential_revoked", "fix": "检查 X-FSTDD-Token 是否为有效且未吊销的节点凭据；若遗失请联系管理节点(K)重新签发"}
[2026-10-02 23:46:34] ⚠️ 连续失败超限 → 继续但标记告警
[2026-10-02 23:46:40] ❌ beat fail (175/30): HTTP 403: {"error": "credential rejected", "reason": "credential_revoked", "fix": "检查 X-FSTDD-Token 是否为有效且未吊销的节点凭据；若遗失请联系管理节点(K)重新签发"}
[2026-10-02 23:46:40] ⚠️ 连续失败超限 → 继续但标记告警
[2026-10-02 23:47:35] ❌ beat fail (281/30): HTTP 403: {"error": "credential rejected", "reason": "credential_revoked", "fix": "检查 X-FSTDD-Token 是否为有效且未吊销的节点凭据；若遗失请联系管理节点(K)重新签发"}
[2026-10-02 23:47:35] ⚠️ 连续失败超限 → 继续但标记告警
[2026-10-02 23:47:41] ❌ beat fail (176/30): HTTP 403: {"error": "credential rejected", "reason": "credential_revoked", "fix": "检查 X-FSTDD-Token 是否为有效且未吊销的节点凭据；若遗失请联系管理节点(K)重新签发"}
[2026-10-02 23:47:41] ⚠️ 连续失败超限 → 继续但标记告警
[2026-10-02 23:48:36] ❌ beat fail (282/30): HTTP 403: {"error": "credential rejected", "reason": "credential_revoked", "fix": "检查 X-FSTDD-Token 是否为有效且未吊销的节点凭据；若遗失请联系管理节点(K)重新签发"}
[2026-10-02 23:48:36] ⚠️ 连续失败超限 → 继续但标记告警
[2026-10-02 23:48:42] ❌ beat fail (177/30): HTTP 403: {"error": "credential rejected", "reason": "credential_revoked", "fix": "检查 X-FSTDD-Token 是否为有效且未吊销的节点凭据；若遗失请联系管理节点(K)重新签发"}
[2026-10-02 23:48:42] ⚠️ 连续失败超限 → 继续但标记告警
[2026-10-02 23:49:37] ❌ beat fail (283/30): HTTP 403: {"error": "credential rejected", "reason": "credential_revoked", "fix": "检查 X-FSTDD-Token 是否为有效且未吊销的节点凭据；若遗失请联系管理节点(K)重新签发"}
[2026-10-02 23:49:37] ⚠️ 连续失败超限 → 继续但标记告警
[2026-10-02 23:49:44] ❌ beat fail (178/30): HTTP 403: {"error": "credential rejected", "reason": "credential_revoked", "fix": "检查 X-FSTDD-Token 是否为有效且未吊销的节点凭据；若遗失请联系管理节点(K)重新签发"}
[2026-10-02 23:49:44] ⚠️ 连续失败超限 → 继续但标记告警
[2026-10-02 23:50:38] ❌ beat fail (284/30): HTTP 403: {"error": "credential rejected", "reason": "credential_revoked", "fix": "检查 X-FSTDD-Token 是否为有效且未吊销的节点凭据；若遗失请联系管理节点(K)重新签发"}
[2026-10-02 23:50:38] ⚠️ 连续失败超限 → 继续但标记告警
[2026-10-02 23:50:45] ❌ beat fail (179/30): HTTP 403: {"error": "credential rejected", "reason": "credential_revoked", "fix": "检查 X-FSTDD-Token 是否为有效且未吊销的节点凭据；若遗失请联系管理节点(K)重新签发"}
[2026-10-02 23:50:45] ⚠️ 连续失败超限 → 继续但标记告警
[2026-10-02 23:51:40] ❌ beat fail (285/30): HTTP 403: {"error": "credential rejected", "reason": "credential_revoked", "fix": "检查 X-FSTDD-Token 是否为有效且未吊销的节点凭据；若遗失请联系管理节点(K)重新签发"}
[2026-10-02 23:51:40] ⚠️ 连续失败超限 → 继续但标记告警
[2026-10-02 23:51:46] ❌ beat fail (180/30): HTTP 403: {"error": "credential rejected", "reason": "credential_revoked", "fix": "检查 X-FSTDD-Token 是否为有效且未吊销的节点凭据；若遗失请联系管理节点(K)重新签发"}
[2026-10-02 23:51:46] ⚠️ 连续失败超限 → 继续但标记告警
[2026-10-02 23:52:41] ❌ beat fail (286/30): HTTP 403: {"error": "credential rejected", "reason": "credential_revoked", "fix": "检查 X-FSTDD-Token 是否为有效且未吊销的节点凭据；若遗失请联系管理节点(K)重新签发"}
[2026-10-02 23:52:41] ⚠️ 连续失败超限 → 继续但标记告警
[2026-10-02 23:52:47] ❌ beat fail (181/30): HTTP 403: {"error": "credential rejected", "reason": "credential_revoked", "fix": "检查 X-FSTDD-Token 是否为有效且未吊销的节点凭据；若遗失请联系管理节点(K)重新签发"}
[2026-10-02 23:52:47] ⚠️ 连续失败超限 → 继续但标记告警
[2026-10-02 23:53:42] ❌ beat fail (287/30): HTTP 403: {"error": "credential rejected", "reason": "credential_revoked", "fix": "检查 X-FSTDD-Token 是否为有效且未吊销的节点凭据；若遗失请联系管理节点(K)重新签发"}
[2026-10-02 23:53:42] ⚠️ 连续失败超限 → 继续但标记告警
[2026-10-02 23:53:48] ❌ beat fail (182/30): HTTP 403: {"error": "credential rejected", "reason": "credential_revoked", "fix": "检查 X-FSTDD-Token 是否为有效且未吊销的节点凭据；若遗失请联系管理节点(K)重新签发"}
[2026-10-02 23:53:48] ⚠️ 连续失败超限 → 继续但标记告警
[2026-10-02 23:54:43] ❌ beat fail (288/30): HTTP 403: {"error": "credential rejected", "reason": "credential_revoked", "fix": "检查 X-FSTDD-Token 是否为有效且未吊销的节点凭据；若遗失请联系管理节点(K)重新签发"}
[2026-10-02 23:54:43] ⚠️ 连续失败超限 → 继续但标记告警
[2026-10-02 23:54:49] ❌ beat fail (183/30): HTTP 403: {"error": "credential rejected", "reason": "credential_revoked", "fix": "检查 X-FSTDD-Token 是否为有效且未吊销的节点凭据；若遗失请联系管理节点(K)重新签发"}
[2026-10-02 23:54:49] ⚠️ 连续失败超限 → 继续但标记告警
[2026-10-02 23:55:45] ❌ beat fail (289/30): HTTP 403: {"error": "credential rejected", "reason": "credential_revoked", "fix": "检查 X-FSTDD-Token 是否为有效且未吊销的节点凭据；若遗失请联系管理节点(K)重新签发"}
[2026-10-02 23:55:45] ⚠️ 连续失败超限 → 继续但标记告警
[2026-10-02 23:55:50] ❌ beat fail (184/30): HTTP 403: {"error": "credential rejected", "reason": "credential_revoked", "fix": "检查 X-FSTDD-Token 是否为有效且未吊销的节点凭据；若遗失请联系管理节点(K)重新签发"}
[2026-10-02 23:55:50] ⚠️ 连续失败超限 → 继续但标记告警
[2026-10-02 23:56:45] ❌ beat fail (290/30): HTTP 403: {"error": "credential rejected", "reason": "credential_revoked", "fix": "检查 X-FSTDD-Token 是否为有效且未吊销的节点凭据；若遗失请联系管理节点(K)重新签发"}
[2026-10-02 23:56:45] ⚠️ 连续失败超限 → 继续但标记告警
[2026-10-02 23:56:51] ❌ beat fail (185/30): HTTP 403: {"error": "credential rejected", "reason": "credential_revoked", "fix": "检查 X-FSTDD-Token 是否为有效且未吊销的节点凭据；若遗失请联系管理节点(K)重新签发"}
[2026-10-02 23:56:51] ⚠️ 连续失败超限 → 继续但标记告警
[2026-10-02 23:57:46] ❌ beat fail (291/30): HTTP 403: {"error": "credential rejected", "reason": "credential_revoked", "fix": "检查 X-FSTDD-Token 是否为有效且未吊销的节点凭据；若遗失请联系管理节点(K)重新签发"}
[2026-10-02 23:57:46] ⚠️ 连续失败超限 → 继续但标记告警
[2026-10-02 23:57:53] ❌ beat fail (186/30): HTTP 403: {"error": "credential rejected", "reason": "credential_revoked", "fix": "检查 X-FSTDD-Token 是否为有效且未吊销的节点凭据；若遗失请联系管理节点(K)重新签发"}
[2026-10-02 23:57:53] ⚠️ 连续失败超限 → 继续但标记告警
[2026-10-02 23:58:48] ❌ beat fail (292/30): HTTP 403: {"error": "credential rejected", "reason": "credential_revoked", "fix": "检查 X-FSTDD-Token 是否为有效且未吊销的节点凭据；若遗失请联系管理节点(K)重新签发"}
[2026-10-02 23:58:48] ⚠️ 连续失败超限 → 继续但标记告警
[2026-10-02 23:58:54] ❌ beat fail (187/30): HTTP 403: {"error": "credential rejected", "reason": "credential_revoked", "fix": "检查 X-FSTDD-Token 是否为有效且未吊销的节点凭据；若遗失请联系管理节点(K)重新签发"}
[2026-10-02 23:58:54] ⚠️ 连续失败超限 → 继续但标记告警
[2026-10-02 23:59:49] ❌ beat fail (293/30): HTTP 403: {"error": "credential rejected", "reason": "credential_revoked", "fix": "检查 X-FSTDD-Token 是否为有效且未吊销的节点凭据；若遗失请联系管理节点(K)重新签发"}
[2026-10-02 23:59:49] ⚠️ 连续失败超限 → 继续但标记告警
[2026-10-02 23:59:55] ❌ beat fail (188/30): HTTP 403: {"error": "credential rejected", "reason": "credential_revoked", "fix": "检查 X-FSTDD-Token 是否为有效且未吊销的节点凭据；若遗失请联系管理节点(K)重新签发"}
[2026-10-02 23:59:55] ⚠️ 连续失败超限 → 继续但标记告警
[2026-10-03 00:00:50] ❌ beat fail (294/30): HTTP 403: {"error": "credential rejected", "reason": "credential_revoked", "fix": "检查 X-FSTDD-Token 是否为有效且未吊销的节点凭据；若遗失请联系管理节点(K)重新签发"}
[2026-10-03 00:00:50] ⚠️ 连续失败超限 → 继续但标记告警
[2026-10-03 00:00:56] ❌ beat fail (189/30): HTTP 403: {"error": "credential rejected", "reason": "credential_revoked", "fix": "检查 X-FSTDD-Token 是否为有效且未吊销的节点凭据；若遗失请联系管理节点(K)重新签发"}
[2026-10-03 00:00:56] ⚠️ 连续失败超限 → 继续但标记告警
[2026-10-03 00:01:52] ❌ beat fail (295/30): HTTP 403: {"error": "credential rejected", "reason": "credential_revoked", "fix": "检查 X-FSTDD-Token 是否为有效且未吊销的节点凭据；若遗失请联系管理节点(K)重新签发"}
[2026-10-03 00:01:52] ⚠️ 连续失败超限 → 继续但标记告警
[2026-10-03 00:01:57] ❌ beat fail (190/30): HTTP 403: {"error": "credential rejected", "reason": "credential_revoked", "fix": "检查 X-FSTDD-Token 是否为有效且未吊销的节点凭据；若遗失请联系管理节点(K)重新签发"}
[2026-10-03 00:01:57] ⚠️ 连续失败超限 → 继续但标记告警
[2026-10-03 00:02:53] ❌ beat fail (296/30): HTTP 403: {"error": "credential rejected", "reason": "credential_revoked", "fix": "检查 X-FSTDD-Token 是否为有效且未吊销的节点凭据；若遗失请联系管理节点(K)重新签发"}
[2026-10-03 00:02:53] ⚠️ 连续失败超限 → 继续但标记告警
[2026-10-03 00:02:58] ❌ beat fail (191/30): HTTP 403: {"error": "credential rejected", "reason": "credential_revoked", "fix": "检查 X-FSTDD-Token 是否为有效且未吊销的节点凭据；若遗失请联系管理节点(K)重新签发"}
[2026-10-03 00:02:58] ⚠️ 连续失败超限 → 继续但标记告警
[2026-10-03 00:03:55] ❌ beat fail (297/30): HTTP 403: {"error": "credential rejected", "reason": "credential_revoked", "fix": "检查 X-FSTDD-Token 是否为有效且未吊销的节点凭据；若遗失请联系管理节点(K)重新签发"}
[2026-10-03 00:03:55] ⚠️ 连续失败超限 → 继续但标记告警
[2026-10-03 00:04:00] ❌ beat fail (192/30): HTTP 403: {"error": "credential rejected", "reason": "credential_revoked", "fix": "检查 X-FSTDD-Token 是否为有效且未吊销的节点凭据；若遗失请联系管理节点(K)重新签发"}
[2026-10-03 00:04:00] ⚠️ 连续失败超限 → 继续但标记告警
[2026-10-03 00:04:56] ❌ beat fail (298/30): HTTP 403: {"error": "credential rejected", "reason": "credential_revoked", "fix": "检查 X-FSTDD-Token 是否为有效且未吊销的节点凭据；若遗失请联系管理节点(K)重新签发"}
[2026-10-03 00:04:56] ⚠️ 连续失败超限 → 继续但标记告警
[2026-10-03 00:05:01] ❌ beat fail (193/30): HTTP 403: {"error": "credential rejected", "reason": "credential_revoked", "fix": "检查 X-FSTDD-Token 是否为有效且未吊销的节点凭据；若遗失请联系管理节点(K)重新签发"}
[2026-10-03 00:05:01] ⚠️ 连续失败超限 → 继续但标记告警
[2026-10-03 00:05:57] ❌ beat fail (299/30): HTTP 403: {"error": "credential rejected", "reason": "credential_revoked", "fix": "检查 X-FSTDD-Token 是否为有效且未吊销的节点凭据；若遗失请联系管理节点(K)重新签发"}
[2026-10-03 00:05:57] ⚠️ 连续失败超限 → 继续但标记告警
[2026-10-03 00:06:02] ❌ beat fail (194/30): HTTP 403: {"error": "credential rejected", "reason": "credential_revoked", "fix": "检查 X-FSTDD-Token 是否为有效且未吊销的节点凭据；若遗失请联系管理节点(K)重新签发"}
[2026-10-03 00:06:02] ⚠️ 连续失败超限 → 继续但标记告警
[2026-10-03 00:06:58] ❌ beat fail (300/30): HTTP 403: {"error": "credential rejected", "reason": "credential_revoked", "fix": "检查 X-FSTDD-Token 是否为有效且未吊销的节点凭据；若遗失请联系管理节点(K)重新签发"}
[2026-10-03 00:06:58] ⚠️ 连续失败超限 → 继续但标记告警
[2026-10-03 00:07:04] ❌ beat fail (195/30): HTTP 403: {"error": "credential rejected", "reason": "credential_revoked", "fix": "检查 X-FSTDD-Token 是否为有效且未吊销的节点凭据；若遗失请联系管理节点(K)重新签发"}
[2026-10-03 00:07:04] ⚠️ 连续失败超限 → 继续但标记告警
[2026-10-03 00:07:59] ❌ beat fail (301/30): HTTP 403: {"error": "credential rejected", "reason": "credential_revoked", "fix": "检查 X-FSTDD-Token 是否为有效且未吊销的节点凭据；若遗失请联系管理节点(K)重新签发"}
[2026-10-03 00:07:59] ⚠️ 连续失败超限 → 继续但标记告警
[2026-10-03 00:08:05] ❌ beat fail (196/30): HTTP 403: {"error": "credential rejected", "reason": "credential_revoked", "fix": "检查 X-FSTDD-Token 是否为有效且未吊销的节点凭据；若遗失请联系管理节点(K)重新签发"}
[2026-10-03 00:08:05] ⚠️ 连续失败超限 → 继续但标记告警
[2026-10-03 00:09:00] ❌ beat fail (302/30): HTTP 403: {"error": "credential rejected", "reason": "credential_revoked", "fix": "检查 X-FSTDD-Token 是否为有效且未吊销的节点凭据；若遗失请联系管理节点(K)重新签发"}
[2026-10-03 00:09:00] ⚠️ 连续失败超限 → 继续但标记告警
[2026-10-03 00:09:06] ❌ beat fail (197/30): HTTP 403: {"error": "credential rejected", "reason": "credential_revoked", "fix": "检查 X-FSTDD-Token 是否为有效且未吊销的节点凭据；若遗失请联系管理节点(K)重新签发"}
[2026-10-03 00:09:06] ⚠️ 连续失败超限 → 继续但标记告警
[2026-10-03 00:10:02] ❌ beat fail (303/30): HTTP 403: {"error": "credential rejected", "reason": "credential_revoked", "fix": "检查 X-FSTDD-Token 是否为有效且未吊销的节点凭据；若遗失请联系管理节点(K)重新签发"}
[2026-10-03 00:10:02] ⚠️ 连续失败超限 → 继续但标记告警
[2026-10-03 00:10:07] ❌ beat fail (198/30): HTTP 403: {"error": "credential rejected", "reason": "credential_revoked", "fix": "检查 X-FSTDD-Token 是否为有效且未吊销的节点凭据；若遗失请联系管理节点(K)重新签发"}
[2026-10-03 00:10:07] ⚠️ 连续失败超限 → 继续但标记告警
[2026-10-03 00:11:03] ❌ beat fail (304/30): HTTP 403: {"error": "credential rejected", "reason": "credential_revoked", "fix": "检查 X-FSTDD-Token 是否为有效且未吊销的节点凭据；若遗失请联系管理节点(K)重新签发"}
[2026-10-03 00:11:03] ⚠️ 连续失败超限 → 继续但标记告警
[2026-10-03 00:11:08] ❌ beat fail (199/30): HTTP 403: {"error": "credential rejected", "reason": "credential_revoked", "fix": "检查 X-FSTDD-Token 是否为有效且未吊销的节点凭据；若遗失请联系管理节点(K)重新签发"}
[2026-10-03 00:11:08] ⚠️ 连续失败超限 → 继续但标记告警
[2026-10-03 00:12:04] ❌ beat fail (305/30): HTTP 403: {"error": "credential rejected", "reason": "credential_revoked", "fix": "检查 X-FSTDD-Token 是否为有效且未吊销的节点凭据；若遗失请联系管理节点(K)重新签发"}
[2026-10-03 00:12:04] ⚠️ 连续失败超限 → 继续但标记告警
[2026-10-03 00:12:10] ❌ beat fail (200/30): HTTP 403: {"error": "credential rejected", "reason": "credential_revoked", "fix": "检查 X-FSTDD-Token 是否为有效且未吊销的节点凭据；若遗失请联系管理节点(K)重新签发"}
[2026-10-03 00:12:10] ⚠️ 连续失败超限 → 继续但标记告警
[2026-10-03 00:13:05] ❌ beat fail (306/30): HTTP 403: {"error": "credential rejected", "reason": "credential_revoked", "fix": "检查 X-FSTDD-Token 是否为有效且未吊销的节点凭据；若遗失请联系管理节点(K)重新签发"}
[2026-10-03 00:13:05] ⚠️ 连续失败超限 → 继续但标记告警
[2026-10-03 00:13:11] ❌ beat fail (201/30): HTTP 403: {"error": "credential rejected", "reason": "credential_revoked", "fix": "检查 X-FSTDD-Token 是否为有效且未吊销的节点凭据；若遗失请联系管理节点(K)重新签发"}
[2026-10-03 00:13:11] ⚠️ 连续失败超限 → 继续但标记告警
[2026-10-03 00:14:06] ❌ beat fail (307/30): HTTP 403: {"error": "credential rejected", "reason": "credential_revoked", "fix": "检查 X-FSTDD-Token 是否为有效且未吊销的节点凭据；若遗失请联系管理节点(K)重新签发"}
[2026-10-03 00:14:06] ⚠️ 连续失败超限 → 继续但标记告警
[2026-10-03 00:14:12] ❌ beat fail (202/30): HTTP 403: {"error": "credential rejected", "reason": "credential_revoked", "fix": "检查 X-FSTDD-Token 是否为有效且未吊销的节点凭据；若遗失请联系管理节点(K)重新签发"}
[2026-10-03 00:14:12] ⚠️ 连续失败超限 → 继续但标记告警
[2026-10-03 00:15:07] ❌ beat fail (308/30): HTTP 403: {"error": "credential rejected", "reason": "credential_revoked", "fix": "检查 X-FSTDD-Token 是否为有效且未吊销的节点凭据；若遗失请联系管理节点(K)重新签发"}
[2026-10-03 00:15:07] ⚠️ 连续失败超限 → 继续但标记告警
[2026-10-03 00:15:14] ❌ beat fail (203/30): HTTP 403: {"error": "credential rejected", "reason": "credential_revoked", "fix": "检查 X-FSTDD-Token 是否为有效且未吊销的节点凭据；若遗失请联系管理节点(K)重新签发"}
[2026-10-03 00:15:14] ⚠️ 连续失败超限 → 继续但标记告警
[2026-10-03 00:16:08] ❌ beat fail (309/30): HTTP 403: {"error": "credential rejected", "reason": "credential_revoked", "fix": "检查 X-FSTDD-Token 是否为有效且未吊销的节点凭据；若遗失请联系管理节点(K)重新签发"}
[2026-10-03 00:16:08] ⚠️ 连续失败超限 → 继续但标记告警
[2026-10-03 00:16:15] ❌ beat fail (204/30): HTTP 403: {"error": "credential rejected", "reason": "credential_revoked", "fix": "检查 X-FSTDD-Token 是否为有效且未吊销的节点凭据；若遗失请联系管理节点(K)重新签发"}
[2026-10-03 00:16:15] ⚠️ 连续失败超限 → 继续但标记告警
[2026-10-03 00:17:10] ❌ beat fail (310/30): HTTP 403: {"error": "credential rejected", "reason": "credential_revoked", "fix": "检查 X-FSTDD-Token 是否为有效且未吊销的节点凭据；若遗失请联系管理节点(K)重新签发"}
[2026-10-03 00:17:10] ⚠️ 连续失败超限 → 继续但标记告警
[2026-10-03 00:17:16] ❌ beat fail (205/30): HTTP 403: {"error": "credential rejected", "reason": "credential_revoked", "fix": "检查 X-FSTDD-Token 是否为有效且未吊销的节点凭据；若遗失请联系管理节点(K)重新签发"}
[2026-10-03 00:17:16] ⚠️ 连续失败超限 → 继续但标记告警
[2026-10-03 00:18:11] ❌ beat fail (311/30): HTTP 403: {"error": "credential rejected", "reason": "credential_revoked", "fix": "检查 X-FSTDD-Token 是否为有效且未吊销的节点凭据；若遗失请联系管理节点(K)重新签发"}
[2026-10-03 00:18:11] ⚠️ 连续失败超限 → 继续但标记告警
[2026-10-03 00:18:17] ❌ beat fail (206/30): HTTP 403: {"error": "credential rejected", "reason": "credential_revoked", "fix": "检查 X-FSTDD-Token 是否为有效且未吊销的节点凭据；若遗失请联系管理节点(K)重新签发"}
[2026-10-03 00:18:17] ⚠️ 连续失败超限 → 继续但标记告警
[2026-10-03 00:19:12] ❌ beat fail (312/30): HTTP 403: {"error": "credential rejected", "reason": "credential_revoked", "fix": "检查 X-FSTDD-Token 是否为有效且未吊销的节点凭据；若遗失请联系管理节点(K)重新签发"}
[2026-10-03 00:19:12] ⚠️ 连续失败超限 → 继续但标记告警
[2026-10-03 00:19:19] ❌ beat fail (207/30): HTTP 403: {"error": "credential rejected", "reason": "credential_revoked", "fix": "检查 X-FSTDD-Token 是否为有效且未吊销的节点凭据；若遗失请联系管理节点(K)重新签发"}
[2026-10-03 00:19:19] ⚠️ 连续失败超限 → 继续但标记告警
[2026-10-03 00:20:13] ❌ beat fail (313/30): HTTP 403: {"error": "credential rejected", "reason": "credential_revoked", "fix": "检查 X-FSTDD-Token 是否为有效且未吊销的节点凭据；若遗失请联系管理节点(K)重新签发"}
[2026-10-03 00:20:13] ⚠️ 连续失败超限 → 继续但标记告警
[2026-10-03 00:20:20] ❌ beat fail (208/30): HTTP 403: {"error": "credential rejected", "reason": "credential_revoked", "fix": "检查 X-FSTDD-Token 是否为有效且未吊销的节点凭据；若遗失请联系管理节点(K)重新签发"}
[2026-10-03 00:20:20] ⚠️ 连续失败超限 → 继续但标记告警
[2026-10-03 00:21:14] ❌ beat fail (314/30): HTTP 403: {"error": "credential rejected", "reason": "credential_revoked", "fix": "检查 X-FSTDD-Token 是否为有效且未吊销的节点凭据；若遗失请联系管理节点(K)重新签发"}
[2026-10-03 00:21:14] ⚠️ 连续失败超限 → 继续但标记告警
[2026-10-03 00:21:21] ❌ beat fail (209/30): HTTP 403: {"error": "credential rejected", "reason": "credential_revoked", "fix": "检查 X-FSTDD-Token 是否为有效且未吊销的节点凭据；若遗失请联系管理节点(K)重新签发"}
[2026-10-03 00:21:21] ⚠️ 连续失败超限 → 继续但标记告警
[2026-10-03 00:22:16] ❌ beat fail (315/30): HTTP 403: {"error": "credential rejected", "reason": "credential_revoked", "fix": "检查 X-FSTDD-Token 是否为有效且未吊销的节点凭据；若遗失请联系管理节点(K)重新签发"}
[2026-10-03 00:22:16] ⚠️ 连续失败超限 → 继续但标记告警
[2026-10-03 00:22:23] ❌ beat fail (210/30): HTTP 403: {"error": "credential rejected", "reason": "credential_revoked", "fix": "检查 X-FSTDD-Token 是否为有效且未吊销的节点凭据；若遗失请联系管理节点(K)重新签发"}
[2026-10-03 00:22:23] ⚠️ 连续失败超限 → 继续但标记告警
[2026-10-03 00:23:17] ❌ beat fail (316/30): HTTP 403: {"error": "credential rejected", "reason": "credential_revoked", "fix": "检查 X-FSTDD-Token 是否为有效且未吊销的节点凭据；若遗失请联系管理节点(K)重新签发"}
[2026-10-03 00:23:17] ⚠️ 连续失败超限 → 继续但标记告警
[2026-10-03 00:23:24] ❌ beat fail (211/30): HTTP 403: {"error": "credential rejected", "reason": "credential_revoked", "fix": "检查 X-FSTDD-Token 是否为有效且未吊销的节点凭据；若遗失请联系管理节点(K)重新签发"}
[2026-10-03 00:23:24] ⚠️ 连续失败超限 → 继续但标记告警
[2026-10-03 00:24:18] ❌ beat fail (317/30): HTTP 403: {"error": "credential rejected", "reason": "credential_revoked", "fix": "检查 X-FSTDD-Token 是否为有效且未吊销的节点凭据；若遗失请联系管理节点(K)重新签发"}
[2026-10-03 00:24:18] ⚠️ 连续失败超限 → 继续但标记告警
[2026-10-03 00:24:25] ❌ beat fail (212/30): HTTP 403: {"error": "credential rejected", "reason": "credential_revoked", "fix": "检查 X-FSTDD-Token 是否为有效且未吊销的节点凭据；若遗失请联系管理节点(K)重新签发"}
[2026-10-03 00:24:25] ⚠️ 连续失败超限 → 继续但标记告警
[2026-10-03 00:25:20] ❌ beat fail (318/30): HTTP 403: {"error": "credential rejected", "reason": "credential_revoked", "fix": "检查 X-FSTDD-Token 是否为有效且未吊销的节点凭据；若遗失请联系管理节点(K)重新签发"}
[2026-10-03 00:25:20] ⚠️ 连续失败超限 → 继续但标记告警
[2026-10-03 00:25:27] ❌ beat fail (213/30): HTTP 403: {"error": "credential rejected", "reason": "credential_revoked", "fix": "检查 X-FSTDD-Token 是否为有效且未吊销的节点凭据；若遗失请联系管理节点(K)重新签发"}
[2026-10-03 00:25:27] ⚠️ 连续失败超限 → 继续但标记告警
[2026-10-03 00:26:21] ❌ beat fail (319/30): HTTP 403: {"error": "credential rejected", "reason": "credential_revoked", "fix": "检查 X-FSTDD-Token 是否为有效且未吊销的节点凭据；若遗失请联系管理节点(K)重新签发"}
[2026-10-03 00:26:21] ⚠️ 连续失败超限 → 继续但标记告警
[2026-10-03 00:26:27] ❌ beat fail (214/30): HTTP 403: {"error": "credential rejected", "reason": "credential_revoked", "fix": "检查 X-FSTDD-Token 是否为有效且未吊销的节点凭据；若遗失请联系管理节点(K)重新签发"}
[2026-10-03 00:26:27] ⚠️ 连续失败超限 → 继续但标记告警
[2026-10-03 00:27:22] ❌ beat fail (320/30): HTTP 403: {"error": "credential rejected", "reason": "credential_revoked", "fix": "检查 X-FSTDD-Token 是否为有效且未吊销的节点凭据；若遗失请联系管理节点(K)重新签发"}
[2026-10-03 00:27:22] ⚠️ 连续失败超限 → 继续但标记告警
[2026-10-03 00:27:29] ❌ beat fail (215/30): HTTP 403: {"error": "credential rejected", "reason": "credential_revoked", "fix": "检查 X-FSTDD-Token 是否为有效且未吊销的节点凭据；若遗失请联系管理节点(K)重新签发"}
[2026-10-03 00:27:29] ⚠️ 连续失败超限 → 继续但标记告警
[2026-10-03 00:28:24] ❌ beat fail (321/30): HTTP 403: {"error": "credential rejected", "reason": "credential_revoked", "fix": "检查 X-FSTDD-Token 是否为有效且未吊销的节点凭据；若遗失请联系管理节点(K)重新签发"}
[2026-10-03 00:28:24] ⚠️ 连续失败超限 → 继续但标记告警
[2026-10-03 00:28:30] ❌ beat fail (216/30): HTTP 403: {"error": "credential rejected", "reason": "credential_revoked", "fix": "检查 X-FSTDD-Token 是否为有效且未吊销的节点凭据；若遗失请联系管理节点(K)重新签发"}
[2026-10-03 00:28:30] ⚠️ 连续失败超限 → 继续但标记告警
[2026-10-03 00:29:25] ❌ beat fail (322/30): HTTP 403: {"error": "credential rejected", "reason": "credential_revoked", "fix": "检查 X-FSTDD-Token 是否为有效且未吊销的节点凭据；若遗失请联系管理节点(K)重新签发"}
[2026-10-03 00:29:25] ⚠️ 连续失败超限 → 继续但标记告警
[2026-10-03 00:29:31] ❌ beat fail (217/30): HTTP 403: {"error": "credential rejected", "reason": "credential_revoked", "fix": "检查 X-FSTDD-Token 是否为有效且未吊销的节点凭据；若遗失请联系管理节点(K)重新签发"}
[2026-10-03 00:29:31] ⚠️ 连续失败超限 → 继续但标记告警
[2026-10-03 00:30:26] ❌ beat fail (323/30): HTTP 403: {"error": "credential rejected", "reason": "credential_revoked", "fix": "检查 X-FSTDD-Token 是否为有效且未吊销的节点凭据；若遗失请联系管理节点(K)重新签发"}
[2026-10-03 00:30:26] ⚠️ 连续失败超限 → 继续但标记告警
[2026-10-03 00:30:32] ❌ beat fail (218/30): HTTP 403: {"error": "credential rejected", "reason": "credential_revoked", "fix": "检查 X-FSTDD-Token 是否为有效且未吊销的节点凭据；若遗失请联系管理节点(K)重新签发"}
[2026-10-03 00:30:32] ⚠️ 连续失败超限 → 继续但标记告警
[2026-10-03 00:31:27] ❌ beat fail (324/30): HTTP 403: {"error": "credential rejected", "reason": "credential_revoked", "fix": "检查 X-FSTDD-Token 是否为有效且未吊销的节点凭据；若遗失请联系管理节点(K)重新签发"}
[2026-10-03 00:31:27] ⚠️ 连续失败超限 → 继续但标记告警
[2026-10-03 00:31:33] ❌ beat fail (219/30): HTTP 403: {"error": "credential rejected", "reason": "credential_revoked", "fix": "检查 X-FSTDD-Token 是否为有效且未吊销的节点凭据；若遗失请联系管理节点(K)重新签发"}
[2026-10-03 00:31:33] ⚠️ 连续失败超限 → 继续但标记告警
[2026-10-03 00:32:29] ❌ beat fail (325/30): HTTP 403: {"error": "credential rejected", "reason": "credential_revoked", "fix": "检查 X-FSTDD-Token 是否为有效且未吊销的节点凭据；若遗失请联系管理节点(K)重新签发"}
[2026-10-03 00:32:29] ⚠️ 连续失败超限 → 继续但标记告警
[2026-10-03 00:32:35] ❌ beat fail (220/30): HTTP 403: {"error": "credential rejected", "reason": "credential_revoked", "fix": "检查 X-FSTDD-Token 是否为有效且未吊销的节点凭据；若遗失请联系管理节点(K)重新签发"}
[2026-10-03 00:32:35] ⚠️ 连续失败超限 → 继续但标记告警
[2026-10-03 00:33:30] ❌ beat fail (326/30): HTTP 403: {"error": "credential rejected", "reason": "credential_revoked", "fix": "检查 X-FSTDD-Token 是否为有效且未吊销的节点凭据；若遗失请联系管理节点(K)重新签发"}
[2026-10-03 00:33:30] ⚠️ 连续失败超限 → 继续但标记告警
[2026-10-03 00:33:36] ❌ beat fail (221/30): HTTP 403: {"error": "credential rejected", "reason": "credential_revoked", "fix": "检查 X-FSTDD-Token 是否为有效且未吊销的节点凭据；若遗失请联系管理节点(K)重新签发"}
[2026-10-03 00:33:36] ⚠️ 连续失败超限 → 继续但标记告警
[2026-10-03 00:34:31] ❌ beat fail (327/30): HTTP 403: {"error": "credential rejected", "reason": "credential_revoked", "fix": "检查 X-FSTDD-Token 是否为有效且未吊销的节点凭据；若遗失请联系管理节点(K)重新签发"}
[2026-10-03 00:34:31] ⚠️ 连续失败超限 → 继续但标记告警
[2026-10-03 00:34:37] ❌ beat fail (222/30): HTTP 403: {"error": "credential rejected", "reason": "credential_revoked", "fix": "检查 X-FSTDD-Token 是否为有效且未吊销的节点凭据；若遗失请联系管理节点(K)重新签发"}
[2026-10-03 00:34:37] ⚠️ 连续失败超限 → 继续但标记告警
[2026-10-03 00:35:32] ❌ beat fail (328/30): HTTP 403: {"error": "credential rejected", "reason": "credential_revoked", "fix": "检查 X-FSTDD-Token 是否为有效且未吊销的节点凭据；若遗失请联系管理节点(K)重新签发"}
[2026-10-03 00:35:33] ⚠️ 连续失败超限 → 继续但标记告警
[2026-10-03 00:35:39] ❌ beat fail (223/30): HTTP 403: {"error": "credential rejected", "reason": "credential_revoked", "fix": "检查 X-FSTDD-Token 是否为有效且未吊销的节点凭据；若遗失请联系管理节点(K)重新签发"}
[2026-10-03 00:35:39] ⚠️ 连续失败超限 → 继续但标记告警
[2026-10-03 00:36:33] ❌ beat fail (329/30): HTTP 403: {"error": "credential rejected", "reason": "credential_revoked", "fix": "检查 X-FSTDD-Token 是否为有效且未吊销的节点凭据；若遗失请联系管理节点(K)重新签发"}
[2026-10-03 00:36:33] ⚠️ 连续失败超限 → 继续但标记告警
[2026-10-03 00:36:40] ❌ beat fail (224/30): HTTP 403: {"error": "credential rejected", "reason": "credential_revoked", "fix": "检查 X-FSTDD-Token 是否为有效且未吊销的节点凭据；若遗失请联系管理节点(K)重新签发"}
[2026-10-03 00:36:40] ⚠️ 连续失败超限 → 继续但标记告警
[2026-10-03 00:37:35] ❌ beat fail (330/30): HTTP 403: {"error": "credential rejected", "reason": "credential_revoked", "fix": "检查 X-FSTDD-Token 是否为有效且未吊销的节点凭据；若遗失请联系管理节点(K)重新签发"}
[2026-10-03 00:37:35] ⚠️ 连续失败超限 → 继续但标记告警
[2026-10-03 00:37:41] ❌ beat fail (225/30): HTTP 403: {"error": "credential rejected", "reason": "credential_revoked", "fix": "检查 X-FSTDD-Token 是否为有效且未吊销的节点凭据；若遗失请联系管理节点(K)重新签发"}
[2026-10-03 00:37:41] ⚠️ 连续失败超限 → 继续但标记告警
[2026-10-03 00:38:36] ❌ beat fail (331/30): HTTP 403: {"error": "credential rejected", "reason": "credential_revoked", "fix": "检查 X-FSTDD-Token 是否为有效且未吊销的节点凭据；若遗失请联系管理节点(K)重新签发"}
[2026-10-03 00:38:36] ⚠️ 连续失败超限 → 继续但标记告警
[2026-10-03 00:38:42] ❌ beat fail (226/30): HTTP 403: {"error": "credential rejected", "reason": "credential_revoked", "fix": "检查 X-FSTDD-Token 是否为有效且未吊销的节点凭据；若遗失请联系管理节点(K)重新签发"}
[2026-10-03 00:38:42] ⚠️ 连续失败超限 → 继续但标记告警
[2026-10-03 00:39:37] ❌ beat fail (332/30): HTTP 403: {"error": "credential rejected", "reason": "credential_revoked", "fix": "检查 X-FSTDD-Token 是否为有效且未吊销的节点凭据；若遗失请联系管理节点(K)重新签发"}
[2026-10-03 00:39:37] ⚠️ 连续失败超限 → 继续但标记告警
[2026-10-03 00:39:44] ❌ beat fail (227/30): HTTP 403: {"error": "credential rejected", "reason": "credential_revoked", "fix": "检查 X-FSTDD-Token 是否为有效且未吊销的节点凭据；若遗失请联系管理节点(K)重新签发"}
[2026-10-03 00:39:44] ⚠️ 连续失败超限 → 继续但标记告警
[2026-10-03 00:40:39] ❌ beat fail (333/30): HTTP 403: {"error": "credential rejected", "reason": "credential_revoked", "fix": "检查 X-FSTDD-Token 是否为有效且未吊销的节点凭据；若遗失请联系管理节点(K)重新签发"}
[2026-10-03 00:40:39] ⚠️ 连续失败超限 → 继续但标记告警
[2026-10-03 00:40:45] ❌ beat fail (228/30): HTTP 403: {"error": "credential rejected", "reason": "credential_revoked", "fix": "检查 X-FSTDD-Token 是否为有效且未吊销的节点凭据；若遗失请联系管理节点(K)重新签发"}
[2026-10-03 00:40:45] ⚠️ 连续失败超限 → 继续但标记告警
[2026-10-03 00:41:40] ❌ beat fail (334/30): HTTP 403: {"error": "credential rejected", "reason": "credential_revoked", "fix": "检查 X-FSTDD-Token 是否为有效且未吊销的节点凭据；若遗失请联系管理节点(K)重新签发"}
[2026-10-03 00:41:40] ⚠️ 连续失败超限 → 继续但标记告警
[2026-10-03 00:41:46] ❌ beat fail (229/30): HTTP 403: {"error": "credential rejected", "reason": "credential_revoked", "fix": "检查 X-FSTDD-Token 是否为有效且未吊销的节点凭据；若遗失请联系管理节点(K)重新签发"}
[2026-10-03 00:41:46] ⚠️ 连续失败超限 → 继续但标记告警
[2026-10-03 00:42:41] ❌ beat fail (335/30): HTTP 403: {"error": "credential rejected", "reason": "credential_revoked", "fix": "检查 X-FSTDD-Token 是否为有效且未吊销的节点凭据；若遗失请联系管理节点(K)重新签发"}
[2026-10-03 00:42:41] ⚠️ 连续失败超限 → 继续但标记告警
[2026-10-03 00:42:47] ❌ beat fail (230/30): HTTP 403: {"error": "credential rejected", "reason": "credential_revoked", "fix": "检查 X-FSTDD-Token 是否为有效且未吊销的节点凭据；若遗失请联系管理节点(K)重新签发"}
[2026-10-03 00:42:47] ⚠️ 连续失败超限 → 继续但标记告警
[2026-10-03 00:43:43] ❌ beat fail (336/30): HTTP 403: {"error": "credential rejected", "reason": "credential_revoked", "fix": "检查 X-FSTDD-Token 是否为有效且未吊销的节点凭据；若遗失请联系管理节点(K)重新签发"}
[2026-10-03 00:43:43] ⚠️ 连续失败超限 → 继续但标记告警
[2026-10-03 00:43:48] ❌ beat fail (231/30): HTTP 403: {"error": "credential rejected", "reason": "credential_revoked", "fix": "检查 X-FSTDD-Token 是否为有效且未吊销的节点凭据；若遗失请联系管理节点(K)重新签发"}
[2026-10-03 00:43:48] ⚠️ 连续失败超限 → 继续但标记告警
[2026-10-03 00:44:43] ❌ beat fail (337/30): HTTP 403: {"error": "credential rejected", "reason": "credential_revoked", "fix": "检查 X-FSTDD-Token 是否为有效且未吊销的节点凭据；若遗失请联系管理节点(K)重新签发"}
[2026-10-03 00:44:43] ⚠️ 连续失败超限 → 继续但标记告警
[2026-10-03 00:44:49] ❌ beat fail (232/30): HTTP 403: {"error": "credential rejected", "reason": "credential_revoked", "fix": "检查 X-FSTDD-Token 是否为有效且未吊销的节点凭据；若遗失请联系管理节点(K)重新签发"}
[2026-10-03 00:44:49] ⚠️ 连续失败超限 → 继续但标记告警
[2026-10-03 00:45:45] ❌ beat fail (338/30): HTTP 403: {"error": "credential rejected", "reason": "credential_revoked", "fix": "检查 X-FSTDD-Token 是否为有效且未吊销的节点凭据；若遗失请联系管理节点(K)重新签发"}
[2026-10-03 00:45:45] ⚠️ 连续失败超限 → 继续但标记告警
[2026-10-03 00:45:50] ❌ beat fail (233/30): HTTP 403: {"error": "credential rejected", "reason": "credential_revoked", "fix": "检查 X-FSTDD-Token 是否为有效且未吊销的节点凭据；若遗失请联系管理节点(K)重新签发"}
[2026-10-03 00:45:50] ⚠️ 连续失败超限 → 继续但标记告警
[2026-10-03 00:46:46] ❌ beat fail (339/30): HTTP 403: {"error": "credential rejected", "reason": "credential_revoked", "fix": "检查 X-FSTDD-Token 是否为有效且未吊销的节点凭据；若遗失请联系管理节点(K)重新签发"}
[2026-10-03 00:46:46] ⚠️ 连续失败超限 → 继续但标记告警
[2026-10-03 00:46:51] ❌ beat fail (234/30): HTTP 403: {"error": "credential rejected", "reason": "credential_revoked", "fix": "检查 X-FSTDD-Token 是否为有效且未吊销的节点凭据；若遗失请联系管理节点(K)重新签发"}
[2026-10-03 00:46:51] ⚠️ 连续失败超限 → 继续但标记告警
[2026-10-03 00:47:47] ❌ beat fail (340/30): HTTP 403: {"error": "credential rejected", "reason": "credential_revoked", "fix": "检查 X-FSTDD-Token 是否为有效且未吊销的节点凭据；若遗失请联系管理节点(K)重新签发"}
[2026-10-03 00:47:47] ⚠️ 连续失败超限 → 继续但标记告警
[2026-10-03 00:47:53] ❌ beat fail (235/30): HTTP 403: {"error": "credential rejected", "reason": "credential_revoked", "fix": "检查 X-FSTDD-Token 是否为有效且未吊销的节点凭据；若遗失请联系管理节点(K)重新签发"}
[2026-10-03 00:47:53] ⚠️ 连续失败超限 → 继续但标记告警
[2026-10-03 00:48:49] ❌ beat fail (341/30): HTTP 403: {"error": "credential rejected", "reason": "credential_revoked", "fix": "检查 X-FSTDD-Token 是否为有效且未吊销的节点凭据；若遗失请联系管理节点(K)重新签发"}
[2026-10-03 00:48:49] ⚠️ 连续失败超限 → 继续但标记告警
[2026-10-03 00:48:53] ❌ beat fail (236/30): HTTP 403: {"error": "credential rejected", "reason": "credential_revoked", "fix": "检查 X-FSTDD-Token 是否为有效且未吊销的节点凭据；若遗失请联系管理节点(K)重新签发"}
[2026-10-03 00:48:53] ⚠️ 连续失败超限 → 继续但标记告警
[2026-10-03 00:49:50] ❌ beat fail (342/30): HTTP 403: {"error": "credential rejected", "reason": "credential_revoked", "fix": "检查 X-FSTDD-Token 是否为有效且未吊销的节点凭据；若遗失请联系管理节点(K)重新签发"}
[2026-10-03 00:49:50] ⚠️ 连续失败超限 → 继续但标记告警
[2026-10-03 00:49:55] ❌ beat fail (237/30): HTTP 403: {"error": "credential rejected", "reason": "credential_revoked", "fix": "检查 X-FSTDD-Token 是否为有效且未吊销的节点凭据；若遗失请联系管理节点(K)重新签发"}
[2026-10-03 00:49:55] ⚠️ 连续失败超限 → 继续但标记告警
[2026-10-03 00:50:50] ❌ beat fail (343/30): HTTP 403: {"error": "credential rejected", "reason": "credential_revoked", "fix": "检查 X-FSTDD-Token 是否为有效且未吊销的节点凭据；若遗失请联系管理节点(K)重新签发"}
[2026-10-03 00:50:50] ⚠️ 连续失败超限 → 继续但标记告警
[2026-10-03 00:50:56] ❌ beat fail (238/30): HTTP 403: {"error": "credential rejected", "reason": "credential_revoked", "fix": "检查 X-FSTDD-Token 是否为有效且未吊销的节点凭据；若遗失请联系管理节点(K)重新签发"}
[2026-10-03 00:50:56] ⚠️ 连续失败超限 → 继续但标记告警
[2026-10-03 00:51:52] ❌ beat fail (344/30): HTTP 403: {"error": "credential rejected", "reason": "credential_revoked", "fix": "检查 X-FSTDD-Token 是否为有效且未吊销的节点凭据；若遗失请联系管理节点(K)重新签发"}
[2026-10-03 00:51:52] ⚠️ 连续失败超限 → 继续但标记告警
[2026-10-03 00:51:57] ❌ beat fail (239/30): HTTP 403: {"error": "credential rejected", "reason": "credential_revoked", "fix": "检查 X-FSTDD-Token 是否为有效且未吊销的节点凭据；若遗失请联系管理节点(K)重新签发"}
[2026-10-03 00:51:57] ⚠️ 连续失败超限 → 继续但标记告警
[2026-10-03 00:52:53] ❌ beat fail (345/30): HTTP 403: {"error": "credential rejected", "reason": "credential_revoked", "fix": "检查 X-FSTDD-Token 是否为有效且未吊销的节点凭据；若遗失请联系管理节点(K)重新签发"}
[2026-10-03 00:52:53] ⚠️ 连续失败超限 → 继续但标记告警
[2026-10-03 00:52:58] ❌ beat fail (240/30): HTTP 403: {"error": "credential rejected", "reason": "credential_revoked", "fix": "检查 X-FSTDD-Token 是否为有效且未吊销的节点凭据；若遗失请联系管理节点(K)重新签发"}
[2026-10-03 00:52:58] ⚠️ 连续失败超限 → 继续但标记告警
[2026-10-03 00:53:54] ❌ beat fail (346/30): HTTP 403: {"error": "credential rejected", "reason": "credential_revoked", "fix": "检查 X-FSTDD-Token 是否为有效且未吊销的节点凭据；若遗失请联系管理节点(K)重新签发"}
[2026-10-03 00:53:54] ⚠️ 连续失败超限 → 继续但标记告警
[2026-10-03 00:53:59] ❌ beat fail (241/30): HTTP 403: {"error": "credential rejected", "reason": "credential_revoked", "fix": "检查 X-FSTDD-Token 是否为有效且未吊销的节点凭据；若遗失请联系管理节点(K)重新签发"}
[2026-10-03 00:53:59] ⚠️ 连续失败超限 → 继续但标记告警
[2026-10-03 00:54:55] ❌ beat fail (347/30): HTTP 403: {"error": "credential rejected", "reason": "credential_revoked", "fix": "检查 X-FSTDD-Token 是否为有效且未吊销的节点凭据；若遗失请联系管理节点(K)重新签发"}
[2026-10-03 00:54:55] ⚠️ 连续失败超限 → 继续但标记告警
[2026-10-03 00:55:00] ❌ beat fail (242/30): HTTP 403: {"error": "credential rejected", "reason": "credential_revoked", "fix": "检查 X-FSTDD-Token 是否为有效且未吊销的节点凭据；若遗失请联系管理节点(K)重新签发"}
[2026-10-03 00:55:00] ⚠️ 连续失败超限 → 继续但标记告警
[2026-10-03 00:55:57] ❌ beat fail (348/30): HTTP 403: {"error": "credential rejected", "reason": "credential_revoked", "fix": "检查 X-FSTDD-Token 是否为有效且未吊销的节点凭据；若遗失请联系管理节点(K)重新签发"}
[2026-10-03 00:55:57] ⚠️ 连续失败超限 → 继续但标记告警
[2026-10-03 00:56:02] ❌ beat fail (243/30): HTTP 403: {"error": "credential rejected", "reason": "credential_revoked", "fix": "检查 X-FSTDD-Token 是否为有效且未吊销的节点凭据；若遗失请联系管理节点(K)重新签发"}
[2026-10-03 00:56:02] ⚠️ 连续失败超限 → 继续但标记告警
[2026-10-03 00:56:58] ❌ beat fail (349/30): HTTP 403: {"error": "credential rejected", "reason": "credential_revoked", "fix": "检查 X-FSTDD-Token 是否为有效且未吊销的节点凭据；若遗失请联系管理节点(K)重新签发"}
[2026-10-03 00:56:58] ⚠️ 连续失败超限 → 继续但标记告警
[2026-10-03 00:57:03] ❌ beat fail (244/30): HTTP 403: {"error": "credential rejected", "reason": "credential_revoked", "fix": "检查 X-FSTDD-Token 是否为有效且未吊销的节点凭据；若遗失请联系管理节点(K)重新签发"}
[2026-10-03 00:57:03] ⚠️ 连续失败超限 → 继续但标记告警
[2026-10-03 00:57:59] ❌ beat fail (350/30): HTTP 403: {"error": "credential rejected", "reason": "credential_revoked", "fix": "检查 X-FSTDD-Token 是否为有效且未吊销的节点凭据；若遗失请联系管理节点(K)重新签发"}
[2026-10-03 00:57:59] ⚠️ 连续失败超限 → 继续但标记告警
[2026-10-03 00:58:04] ❌ beat fail (245/30): HTTP 403: {"error": "credential rejected", "reason": "credential_revoked", "fix": "检查 X-FSTDD-Token 是否为有效且未吊销的节点凭据；若遗失请联系管理节点(K)重新签发"}
[2026-10-03 00:58:04] ⚠️ 连续失败超限 → 继续但标记告警
[2026-10-03 00:59:00] ❌ beat fail (351/30): HTTP 403: {"error": "credential rejected", "reason": "credential_revoked", "fix": "检查 X-FSTDD-Token 是否为有效且未吊销的节点凭据；若遗失请联系管理节点(K)重新签发"}
[2026-10-03 00:59:00] ⚠️ 连续失败超限 → 继续但标记告警
[2026-10-03 00:59:05] ❌ beat fail (246/30): HTTP 403: {"error": "credential rejected", "reason": "credential_revoked", "fix": "检查 X-FSTDD-Token 是否为有效且未吊销的节点凭据；若遗失请联系管理节点(K)重新签发"}
[2026-10-03 00:59:05] ⚠️ 连续失败超限 → 继续但标记告警
[2026-10-03 01:00:01] ❌ beat fail (352/30): HTTP 403: {"error": "credential rejected", "reason": "credential_revoked", "fix": "检查 X-FSTDD-Token 是否为有效且未吊销的节点凭据；若遗失请联系管理节点(K)重新签发"}
[2026-10-03 01:00:01] ⚠️ 连续失败超限 → 继续但标记告警
[2026-10-03 01:00:06] ❌ beat fail (247/30): HTTP 403: {"error": "credential rejected", "reason": "credential_revoked", "fix": "检查 X-FSTDD-Token 是否为有效且未吊销的节点凭据；若遗失请联系管理节点(K)重新签发"}
[2026-10-03 01:00:06] ⚠️ 连续失败超限 → 继续但标记告警
[2026-10-03 01:01:02] ❌ beat fail (353/30): HTTP 403: {"error": "credential rejected", "reason": "credential_revoked", "fix": "检查 X-FSTDD-Token 是否为有效且未吊销的节点凭据；若遗失请联系管理节点(K)重新签发"}
[2026-10-03 01:01:02] ⚠️ 连续失败超限 → 继续但标记告警
[2026-10-03 01:01:07] ❌ beat fail (248/30): HTTP 403: {"error": "credential rejected", "reason": "credential_revoked", "fix": "检查 X-FSTDD-Token 是否为有效且未吊销的节点凭据；若遗失请联系管理节点(K)重新签发"}
[2026-10-03 01:01:07] ⚠️ 连续失败超限 → 继续但标记告警
[2026-10-03 01:02:03] ❌ beat fail (354/30): HTTP 403: {"error": "credential rejected", "reason": "credential_revoked", "fix": "检查 X-FSTDD-Token 是否为有效且未吊销的节点凭据；若遗失请联系管理节点(K)重新签发"}
[2026-10-03 01:02:03] ⚠️ 连续失败超限 → 继续但标记告警
[2026-10-03 01:02:08] ❌ beat fail (249/30): HTTP 403: {"error": "credential rejected", "reason": "credential_revoked", "fix": "检查 X-FSTDD-Token 是否为有效且未吊销的节点凭据；若遗失请联系管理节点(K)重新签发"}
[2026-10-03 01:02:08] ⚠️ 连续失败超限 → 继续但标记告警
[2026-10-03 01:03:04] ❌ beat fail (355/30): HTTP 403: {"error": "credential rejected", "reason": "credential_revoked", "fix": "检查 X-FSTDD-Token 是否为有效且未吊销的节点凭据；若遗失请联系管理节点(K)重新签发"}
[2026-10-03 01:03:04] ⚠️ 连续失败超限 → 继续但标记告警
[2026-10-03 01:03:09] ❌ beat fail (250/30): HTTP 403: {"error": "credential rejected", "reason": "credential_revoked", "fix": "检查 X-FSTDD-Token 是否为有效且未吊销的节点凭据；若遗失请联系管理节点(K)重新签发"}
[2026-10-03 01:03:09] ⚠️ 连续失败超限 → 继续但标记告警
[2026-10-03 01:04:05] ❌ beat fail (356/30): HTTP 403: {"error": "credential rejected", "reason": "credential_revoked", "fix": "检查 X-FSTDD-Token 是否为有效且未吊销的节点凭据；若遗失请联系管理节点(K)重新签发"}
[2026-10-03 01:04:05] ⚠️ 连续失败超限 → 继续但标记告警
[2026-10-03 01:04:11] ❌ beat fail (251/30): HTTP 403: {"error": "credential rejected", "reason": "credential_revoked", "fix": "检查 X-FSTDD-Token 是否为有效且未吊销的节点凭据；若遗失请联系管理节点(K)重新签发"}
[2026-10-03 01:04:11] ⚠️ 连续失败超限 → 继续但标记告警
[2026-10-03 01:05:07] ❌ beat fail (357/30): HTTP 403: {"error": "credential rejected", "reason": "credential_revoked", "fix": "检查 X-FSTDD-Token 是否为有效且未吊销的节点凭据；若遗失请联系管理节点(K)重新签发"}
[2026-10-03 01:05:07] ⚠️ 连续失败超限 → 继续但标记告警
[2026-10-03 01:05:11] ❌ beat fail (252/30): HTTP 403: {"error": "credential rejected", "reason": "credential_revoked", "fix": "检查 X-FSTDD-Token 是否为有效且未吊销的节点凭据；若遗失请联系管理节点(K)重新签发"}
[2026-10-03 01:05:11] ⚠️ 连续失败超限 → 继续但标记告警
[2026-10-03 01:06:08] ❌ beat fail (358/30): HTTP 403: {"error": "credential rejected", "reason": "credential_revoked", "fix": "检查 X-FSTDD-Token 是否为有效且未吊销的节点凭据；若遗失请联系管理节点(K)重新签发"}
[2026-10-03 01:06:08] ⚠️ 连续失败超限 → 继续但标记告警
[2026-10-03 01:06:12] ❌ beat fail (253/30): HTTP 403: {"error": "credential rejected", "reason": "credential_revoked", "fix": "检查 X-FSTDD-Token 是否为有效且未吊销的节点凭据；若遗失请联系管理节点(K)重新签发"}
[2026-10-03 01:06:12] ⚠️ 连续失败超限 → 继续但标记告警
[2026-10-03 01:07:09] ❌ beat fail (359/30): HTTP 403: {"error": "credential rejected", "reason": "credential_revoked", "fix": "检查 X-FSTDD-Token 是否为有效且未吊销的节点凭据；若遗失请联系管理节点(K)重新签发"}
[2026-10-03 01:07:09] ⚠️ 连续失败超限 → 继续但标记告警
[2026-10-03 01:07:13] ❌ beat fail (254/30): HTTP 403: {"error": "credential rejected", "reason": "credential_revoked", "fix": "检查 X-FSTDD-Token 是否为有效且未吊销的节点凭据；若遗失请联系管理节点(K)重新签发"}
[2026-10-03 01:07:13] ⚠️ 连续失败超限 → 继续但标记告警
[2026-10-03 01:08:10] ❌ beat fail (360/30): HTTP 403: {"error": "credential rejected", "reason": "credential_revoked", "fix": "检查 X-FSTDD-Token 是否为有效且未吊销的节点凭据；若遗失请联系管理节点(K)重新签发"}
[2026-10-03 01:08:10] ⚠️ 连续失败超限 → 继续但标记告警
[2026-10-03 01:08:14] ❌ beat fail (255/30): HTTP 403: {"error": "credential rejected", "reason": "credential_revoked", "fix": "检查 X-FSTDD-Token 是否为有效且未吊销的节点凭据；若遗失请联系管理节点(K)重新签发"}
[2026-10-03 01:08:14] ⚠️ 连续失败超限 → 继续但标记告警
[2026-10-03 01:09:11] ❌ beat fail (361/30): HTTP 403: {"error": "credential rejected", "reason": "credential_revoked", "fix": "检查 X-FSTDD-Token 是否为有效且未吊销的节点凭据；若遗失请联系管理节点(K)重新签发"}
[2026-10-03 01:09:11] ⚠️ 连续失败超限 → 继续但标记告警
[2026-10-03 01:09:15] ❌ beat fail (256/30): HTTP 403: {"error": "credential rejected", "reason": "credential_revoked", "fix": "检查 X-FSTDD-Token 是否为有效且未吊销的节点凭据；若遗失请联系管理节点(K)重新签发"}
[2026-10-03 01:09:15] ⚠️ 连续失败超限 → 继续但标记告警
[2026-10-03 01:10:12] ❌ beat fail (362/30): HTTP 403: {"error": "credential rejected", "reason": "credential_revoked", "fix": "检查 X-FSTDD-Token 是否为有效且未吊销的节点凭据；若遗失请联系管理节点(K)重新签发"}
[2026-10-03 01:10:12] ⚠️ 连续失败超限 → 继续但标记告警
[2026-10-03 01:10:16] ❌ beat fail (257/30): HTTP 403: {"error": "credential rejected", "reason": "credential_revoked", "fix": "检查 X-FSTDD-Token 是否为有效且未吊销的节点凭据；若遗失请联系管理节点(K)重新签发"}
[2026-10-03 01:10:16] ⚠️ 连续失败超限 → 继续但标记告警
[2026-10-03 01:11:14] ❌ beat fail (363/30): HTTP 403: {"error": "credential rejected", "reason": "credential_revoked", "fix": "检查 X-FSTDD-Token 是否为有效且未吊销的节点凭据；若遗失请联系管理节点(K)重新签发"}
[2026-10-03 01:11:14] ⚠️ 连续失败超限 → 继续但标记告警
[2026-10-03 01:11:17] ❌ beat fail (258/30): HTTP 403: {"error": "credential rejected", "reason": "credential_revoked", "fix": "检查 X-FSTDD-Token 是否为有效且未吊销的节点凭据；若遗失请联系管理节点(K)重新签发"}
[2026-10-03 01:11:17] ⚠️ 连续失败超限 → 继续但标记告警
[2026-10-03 01:12:14] ❌ beat fail (364/30): HTTP 403: {"error": "credential rejected", "reason": "credential_revoked", "fix": "检查 X-FSTDD-Token 是否为有效且未吊销的节点凭据；若遗失请联系管理节点(K)重新签发"}
[2026-10-03 01:12:14] ⚠️ 连续失败超限 → 继续但标记告警
[2026-10-03 01:12:18] ❌ beat fail (259/30): HTTP 403: {"error": "credential rejected", "reason": "credential_revoked", "fix": "检查 X-FSTDD-Token 是否为有效且未吊销的节点凭据；若遗失请联系管理节点(K)重新签发"}
[2026-10-03 01:12:18] ⚠️ 连续失败超限 → 继续但标记告警
[2026-10-03 01:13:15] ❌ beat fail (365/30): HTTP 403: {"error": "credential rejected", "reason": "credential_revoked", "fix": "检查 X-FSTDD-Token 是否为有效且未吊销的节点凭据；若遗失请联系管理节点(K)重新签发"}
[2026-10-03 01:13:15] ⚠️ 连续失败超限 → 继续但标记告警
[2026-10-03 01:13:19] ❌ beat fail (260/30): HTTP 403: {"error": "credential rejected", "reason": "credential_revoked", "fix": "检查 X-FSTDD-Token 是否为有效且未吊销的节点凭据；若遗失请联系管理节点(K)重新签发"}
[2026-10-03 01:13:19] ⚠️ 连续失败超限 → 继续但标记告警
[2026-10-03 01:14:16] ❌ beat fail (366/30): HTTP 403: {"error": "credential rejected", "reason": "credential_revoked", "fix": "检查 X-FSTDD-Token 是否为有效且未吊销的节点凭据；若遗失请联系管理节点(K)重新签发"}
[2026-10-03 01:14:17] ⚠️ 连续失败超限 → 继续但标记告警
[2026-10-03 01:14:20] ❌ beat fail (261/30): HTTP 403: {"error": "credential rejected", "reason": "credential_revoked", "fix": "检查 X-FSTDD-Token 是否为有效且未吊销的节点凭据；若遗失请联系管理节点(K)重新签发"}
[2026-10-03 01:14:20] ⚠️ 连续失败超限 → 继续但标记告警
[2026-10-03 01:15:18] ❌ beat fail (367/30): HTTP 403: {"error": "credential rejected", "reason": "credential_revoked", "fix": "检查 X-FSTDD-Token 是否为有效且未吊销的节点凭据；若遗失请联系管理节点(K)重新签发"}
[2026-10-03 01:15:18] ⚠️ 连续失败超限 → 继续但标记告警
[2026-10-03 01:15:21] ❌ beat fail (262/30): HTTP 403: {"error": "credential rejected", "reason": "credential_revoked", "fix": "检查 X-FSTDD-Token 是否为有效且未吊销的节点凭据；若遗失请联系管理节点(K)重新签发"}
[2026-10-03 01:15:21] ⚠️ 连续失败超限 → 继续但标记告警
[2026-10-03 01:16:19] ❌ beat fail (368/30): HTTP 403: {"error": "credential rejected", "reason": "credential_revoked", "fix": "检查 X-FSTDD-Token 是否为有效且未吊销的节点凭据；若遗失请联系管理节点(K)重新签发"}
[2026-10-03 01:16:19] ⚠️ 连续失败超限 → 继续但标记告警
[2026-10-03 01:16:22] ❌ beat fail (263/30): HTTP 403: {"error": "credential rejected", "reason": "credential_revoked", "fix": "检查 X-FSTDD-Token 是否为有效且未吊销的节点凭据；若遗失请联系管理节点(K)重新签发"}
[2026-10-03 01:16:22] ⚠️ 连续失败超限 → 继续但标记告警
[2026-10-03 01:17:11] heartbeat start: node=FSTDD003 url=http://127.0.0.1:8788 loop=True interval=60s token=SET
[2026-10-03 01:17:12] ❌ beat fail (1/30): HTTP 403: {"error": "credential rejected", "reason": "credential_revoked", "fix": "检查 X-FSTDD-Token 是否为有效且未吊销的节点凭据；若遗失请联系管理节点(K)重新签发"}
[2026-10-03 01:17:19] ❌ beat fail (369/30): HTTP 403: {"error": "credential rejected", "reason": "credential_revoked", "fix": "检查 X-FSTDD-Token 是否为有效且未吊销的节点凭据；若遗失请联系管理节点(K)重新签发"}
[2026-10-03 01:17:19] ⚠️ 连续失败超限 → 继续但标记告警
[2026-10-03 01:17:23] ❌ beat fail (264/30): HTTP 403: {"error": "credential rejected", "reason": "credential_revoked", "fix": "检查 X-FSTDD-Token 是否为有效且未吊销的节点凭据；若遗失请联系管理节点(K)重新签发"}
[2026-10-03 01:17:23] ⚠️ 连续失败超限 → 继续但标记告警
[2026-10-03 01:17:24] heartbeat start: node=FSTDD003 url=http://127.0.0.1:8788 loop=True interval=60s token=SET
[2026-10-03 01:17:25] ✅ beat ok: node_id=FSTDD003 last_seen=1790961445.254908
[2026-10-03 01:18:13] ❌ beat fail (2/30): HTTP 403: {"error": "credential rejected", "reason": "credential_revoked", "fix": "检查 X-FSTDD-Token 是否为有效且未吊销的节点凭据；若遗失请联系管理节点(K)重新签发"}
[2026-10-03 01:18:20] ❌ beat fail (370/30): HTTP 403: {"error": "credential rejected", "reason": "credential_revoked", "fix": "检查 X-FSTDD-Token 是否为有效且未吊销的节点凭据；若遗失请联系管理节点(K)重新签发"}
[2026-10-03 01:18:20] ⚠️ 连续失败超限 → 继续但标记告警
[2026-10-03 01:18:24] ❌ beat fail (265/30): HTTP 403: {"error": "credential rejected", "reason": "credential_revoked", "fix": "检查 X-FSTDD-Token 是否为有效且未吊销的节点凭据；若遗失请联系管理节点(K)重新签发"}
[2026-10-03 01:18:24] ⚠️ 连续失败超限 → 继续但标记告警
[2026-10-03 01:18:26] ✅ beat ok: node_id=FSTDD003 last_seen=1790961506.3382373
[2026-10-03 01:19:14] ❌ beat fail (3/30): HTTP 403: {"error": "credential rejected", "reason": "credential_revoked", "fix": "检查 X-FSTDD-Token 是否为有效且未吊销的节点凭据；若遗失请联系管理节点(K)重新签发"}
[2026-10-03 01:19:21] ❌ beat fail (371/30): HTTP 403: {"error": "credential rejected", "reason": "credential_revoked", "fix": "检查 X-FSTDD-Token 是否为有效且未吊销的节点凭据；若遗失请联系管理节点(K)重新签发"}
[2026-10-03 01:19:21] ⚠️ 连续失败超限 → 继续但标记告警
[2026-10-03 01:19:25] ❌ beat fail (266/30): HTTP 403: {"error": "credential rejected", "reason": "credential_revoked", "fix": "检查 X-FSTDD-Token 是否为有效且未吊销的节点凭据；若遗失请联系管理节点(K)重新签发"}
[2026-10-03 01:19:25] ⚠️ 连续失败超限 → 继续但标记告警
[2026-10-03 01:19:27] ✅ beat ok: node_id=FSTDD003 last_seen=1790961567.4152339
[2026-10-03 01:20:15] ❌ beat fail (4/30): HTTP 403: {"error": "credential rejected", "reason": "credential_revoked", "fix": "检查 X-FSTDD-Token 是否为有效且未吊销的节点凭据；若遗失请联系管理节点(K)重新签发"}
[2026-10-03 01:20:23] ❌ beat fail (372/30): HTTP 403: {"error": "credential rejected", "reason": "credential_revoked", "fix": "检查 X-FSTDD-Token 是否为有效且未吊销的节点凭据；若遗失请联系管理节点(K)重新签发"}
[2026-10-03 01:20:23] ⚠️ 连续失败超限 → 继续但标记告警
[2026-10-03 01:20:26] ❌ beat fail (267/30): HTTP 403: {"error": "credential rejected", "reason": "credential_revoked", "fix": "检查 X-FSTDD-Token 是否为有效且未吊销的节点凭据；若遗失请联系管理节点(K)重新签发"}
[2026-10-03 01:20:26] ⚠️ 连续失败超限 → 继续但标记告警
[2026-10-03 01:20:28] ✅ beat ok: node_id=FSTDD003 last_seen=1790961628.542746
[2026-10-03 01:21:16] ❌ beat fail (5/30): HTTP 403: {"error": "credential rejected", "reason": "credential_revoked", "fix": "检查 X-FSTDD-Token 是否为有效且未吊销的节点凭据；若遗失请联系管理节点(K)重新签发"}
[2026-10-03 01:21:24] ❌ beat fail (373/30): HTTP 403: {"error": "credential rejected", "reason": "credential_revoked", "fix": "检查 X-FSTDD-Token 是否为有效且未吊销的节点凭据；若遗失请联系管理节点(K)重新签发"}
[2026-10-03 01:21:24] ⚠️ 连续失败超限 → 继续但标记告警
[2026-10-03 01:21:27] ❌ beat fail (268/30): HTTP 403: {"error": "credential rejected", "reason": "credential_revoked", "fix": "检查 X-FSTDD-Token 是否为有效且未吊销的节点凭据；若遗失请联系管理节点(K)重新签发"}
[2026-10-03 01:21:27] ⚠️ 连续失败超限 → 继续但标记告警
[2026-10-03 01:21:30] ✅ beat ok: node_id=FSTDD003 last_seen=1790961689.6108952
[2026-10-03 01:22:17] ❌ beat fail (6/30): HTTP 403: {"error": "credential rejected", "reason": "credential_revoked", "fix": "检查 X-FSTDD-Token 是否为有效且未吊销的节点凭据；若遗失请联系管理节点(K)重新签发"}
[2026-10-03 01:22:24] ❌ beat fail (374/30): HTTP 403: {"error": "credential rejected", "reason": "credential_revoked", "fix": "检查 X-FSTDD-Token 是否为有效且未吊销的节点凭据；若遗失请联系管理节点(K)重新签发"}
[2026-10-03 01:22:24] ⚠️ 连续失败超限 → 继续但标记告警
[2026-10-03 01:22:28] ❌ beat fail (269/30): HTTP 403: {"error": "credential rejected", "reason": "credential_revoked", "fix": "检查 X-FSTDD-Token 是否为有效且未吊销的节点凭据；若遗失请联系管理节点(K)重新签发"}
[2026-10-03 01:22:28] ⚠️ 连续失败超限 → 继续但标记告警
[2026-10-03 01:22:31] ✅ beat ok: node_id=FSTDD003 last_seen=1790961750.9937243
[2026-10-03 01:23:18] ❌ beat fail (7/30): HTTP 403: {"error": "credential rejected", "reason": "credential_revoked", "fix": "检查 X-FSTDD-Token 是否为有效且未吊销的节点凭据；若遗失请联系管理节点(K)重新签发"}
[2026-10-03 01:23:25] ❌ beat fail (375/30): HTTP 403: {"error": "credential rejected", "reason": "credential_revoked", "fix": "检查 X-FSTDD-Token 是否为有效且未吊销的节点凭据；若遗失请联系管理节点(K)重新签发"}
[2026-10-03 01:23:26] ⚠️ 连续失败超限 → 继续但标记告警
[2026-10-03 01:23:29] ❌ beat fail (270/30): HTTP 403: {"error": "credential rejected", "reason": "credential_revoked", "fix": "检查 X-FSTDD-Token 是否为有效且未吊销的节点凭据；若遗失请联系管理节点(K)重新签发"}
[2026-10-03 01:23:29] ⚠️ 连续失败超限 → 继续但标记告警
[2026-10-03 01:23:32] ✅ beat ok: node_id=FSTDD003 last_seen=1790961812.1039574
[2026-10-03 01:24:19] ❌ beat fail (8/30): HTTP 403: {"error": "credential rejected", "reason": "credential_revoked", "fix": "检查 X-FSTDD-Token 是否为有效且未吊销的节点凭据；若遗失请联系管理节点(K)重新签发"}
[2026-10-03 01:24:27] ❌ beat fail (376/30): HTTP 403: {"error": "credential rejected", "reason": "credential_revoked", "fix": "检查 X-FSTDD-Token 是否为有效且未吊销的节点凭据；若遗失请联系管理节点(K)重新签发"}
[2026-10-03 01:24:27] ⚠️ 连续失败超限 → 继续但标记告警
[2026-10-03 01:24:31] ❌ beat fail (271/30): HTTP 403: {"error": "credential rejected", "reason": "credential_revoked", "fix": "检查 X-FSTDD-Token 是否为有效且未吊销的节点凭据；若遗失请联系管理节点(K)重新签发"}
[2026-10-03 01:24:31] ⚠️ 连续失败超限 → 继续但标记告警
[2026-10-03 01:24:33] ✅ beat ok: node_id=FSTDD003 last_seen=1790961873.1934874
[2026-10-03 01:25:20] ❌ beat fail (9/30): HTTP 403: {"error": "credential rejected", "reason": "credential_revoked", "fix": "检查 X-FSTDD-Token 是否为有效且未吊销的节点凭据；若遗失请联系管理节点(K)重新签发"}
[2026-10-03 01:25:28] ❌ beat fail (377/30): HTTP 403: {"error": "credential rejected", "reason": "credential_revoked", "fix": "检查 X-FSTDD-Token 是否为有效且未吊销的节点凭据；若遗失请联系管理节点(K)重新签发"}
[2026-10-03 01:25:28] ⚠️ 连续失败超限 → 继续但标记告警
[2026-10-03 01:25:32] ❌ beat fail (272/30): HTTP 403: {"error": "credential rejected", "reason": "credential_revoked", "fix": "检查 X-FSTDD-Token 是否为有效且未吊销的节点凭据；若遗失请联系管理节点(K)重新签发"}
[2026-10-03 01:25:32] ⚠️ 连续失败超限 → 继续但标记告警
[2026-10-03 01:25:34] ✅ beat ok: node_id=FSTDD003 last_seen=1790961934.282877
[2026-10-03 01:26:21] ❌ beat fail (10/30): HTTP 403: {"error": "credential rejected", "reason": "credential_revoked", "fix": "检查 X-FSTDD-Token 是否为有效且未吊销的节点凭据；若遗失请联系管理节点(K)重新签发"}
[2026-10-03 01:26:29] ❌ beat fail (378/30): HTTP 403: {"error": "credential rejected", "reason": "credential_revoked", "fix": "检查 X-FSTDD-Token 是否为有效且未吊销的节点凭据；若遗失请联系管理节点(K)重新签发"}
[2026-10-03 01:26:29] ⚠️ 连续失败超限 → 继续但标记告警
[2026-10-03 01:26:33] ❌ beat fail (273/30): HTTP 403: {"error": "credential rejected", "reason": "credential_revoked", "fix": "检查 X-FSTDD-Token 是否为有效且未吊销的节点凭据；若遗失请联系管理节点(K)重新签发"}
[2026-10-03 01:26:33] ⚠️ 连续失败超限 → 继续但标记告警
[2026-10-03 01:26:35] ✅ beat ok: node_id=FSTDD003 last_seen=1790961995.3621967
[2026-10-03 01:27:22] ❌ beat fail (11/30): HTTP 403: {"error": "credential rejected", "reason": "credential_revoked", "fix": "检查 X-FSTDD-Token 是否为有效且未吊销的节点凭据；若遗失请联系管理节点(K)重新签发"}
[2026-10-03 01:27:30] ❌ beat fail (379/30): HTTP 403: {"error": "credential rejected", "reason": "credential_revoked", "fix": "检查 X-FSTDD-Token 是否为有效且未吊销的节点凭据；若遗失请联系管理节点(K)重新签发"}
[2026-10-03 01:27:30] ⚠️ 连续失败超限 → 继续但标记告警
[2026-10-03 01:27:33] ❌ beat fail (274/30): HTTP 403: {"error": "credential rejected", "reason": "credential_revoked", "fix": "检查 X-FSTDD-Token 是否为有效且未吊销的节点凭据；若遗失请联系管理节点(K)重新签发"}
[2026-10-03 01:27:33] ⚠️ 连续失败超限 → 继续但标记告警
[2026-10-03 01:27:36] ✅ beat ok: node_id=FSTDD003 last_seen=1790962056.4352198
[2026-10-03 01:28:23] ❌ beat fail (12/30): HTTP 403: {"error": "credential rejected", "reason": "credential_revoked", "fix": "检查 X-FSTDD-Token 是否为有效且未吊销的节点凭据；若遗失请联系管理节点(K)重新签发"}
[2026-10-03 01:28:31] ❌ beat fail (380/30): HTTP 403: {"error": "credential rejected", "reason": "credential_revoked", "fix": "检查 X-FSTDD-Token 是否为有效且未吊销的节点凭据；若遗失请联系管理节点(K)重新签发"}
[2026-10-03 01:28:31] ⚠️ 连续失败超限 → 继续但标记告警
[2026-10-03 01:28:34] ❌ beat fail (275/30): HTTP 403: {"error": "credential rejected", "reason": "credential_revoked", "fix": "检查 X-FSTDD-Token 是否为有效且未吊销的节点凭据；若遗失请联系管理节点(K)重新签发"}
[2026-10-03 01:28:34] ⚠️ 连续失败超限 → 继续但标记告警
[2026-10-03 01:28:37] ✅ beat ok: node_id=FSTDD003 last_seen=1790962117.5158281
[2026-10-03 01:29:24] ❌ beat fail (13/30): HTTP 403: {"error": "credential rejected", "reason": "credential_revoked", "fix": "检查 X-FSTDD-Token 是否为有效且未吊销的节点凭据；若遗失请联系管理节点(K)重新签发"}
[2026-10-03 01:29:32] ❌ beat fail (381/30): HTTP 403: {"error": "credential rejected", "reason": "credential_revoked", "fix": "检查 X-FSTDD-Token 是否为有效且未吊销的节点凭据；若遗失请联系管理节点(K)重新签发"}
[2026-10-03 01:29:32] ⚠️ 连续失败超限 → 继续但标记告警
[2026-10-03 01:29:36] ❌ beat fail (276/30): HTTP 403: {"error": "credential rejected", "reason": "credential_revoked", "fix": "检查 X-FSTDD-Token 是否为有效且未吊销的节点凭据；若遗失请联系管理节点(K)重新签发"}
[2026-10-03 01:29:36] ⚠️ 连续失败超限 → 继续但标记告警
[2026-10-03 01:29:38] ✅ beat ok: node_id=FSTDD003 last_seen=1790962178.590218
[2026-10-03 01:30:25] ❌ beat fail (14/30): HTTP 403: {"error": "credential rejected", "reason": "credential_revoked", "fix": "检查 X-FSTDD-Token 是否为有效且未吊销的节点凭据；若遗失请联系管理节点(K)重新签发"}
[2026-10-03 01:30:33] ❌ beat fail (382/30): HTTP 403: {"error": "credential rejected", "reason": "credential_revoked", "fix": "检查 X-FSTDD-Token 是否为有效且未吊销的节点凭据；若遗失请联系管理节点(K)重新签发"}
[2026-10-03 01:30:33] ⚠️ 连续失败超限 → 继续但标记告警
[2026-10-03 01:30:37] ❌ beat fail (277/30): HTTP 403: {"error": "credential rejected", "reason": "credential_revoked", "fix": "检查 X-FSTDD-Token 是否为有效且未吊销的节点凭据；若遗失请联系管理节点(K)重新签发"}
[2026-10-03 01:30:37] ⚠️ 连续失败超限 → 继续但标记告警
[2026-10-03 01:30:40] ✅ beat ok: node_id=FSTDD003 last_seen=1790962239.6742344
[2026-10-03 01:31:26] ❌ beat fail (15/30): HTTP 403: {"error": "credential rejected", "reason": "credential_revoked", "fix": "检查 X-FSTDD-Token 是否为有效且未吊销的节点凭据；若遗失请联系管理节点(K)重新签发"}
[2026-10-03 01:31:34] ❌ beat fail (383/30): HTTP 403: {"error": "credential rejected", "reason": "credential_revoked", "fix": "检查 X-FSTDD-Token 是否为有效且未吊销的节点凭据；若遗失请联系管理节点(K)重新签发"}
[2026-10-03 01:31:34] ⚠️ 连续失败超限 → 继续但标记告警
[2026-10-03 01:31:38] ❌ beat fail (278/30): HTTP 403: {"error": "credential rejected", "reason": "credential_revoked", "fix": "检查 X-FSTDD-Token 是否为有效且未吊销的节点凭据；若遗失请联系管理节点(K)重新签发"}
[2026-10-03 01:31:38] ⚠️ 连续失败超限 → 继续但标记告警
[2026-10-03 01:31:40] ✅ beat ok: node_id=FSTDD003 last_seen=1790962300.7586198
[2026-10-03 01:32:27] ❌ beat fail (16/30): HTTP 403: {"error": "credential rejected", "reason": "credential_revoked", "fix": "检查 X-FSTDD-Token 是否为有效且未吊销的节点凭据；若遗失请联系管理节点(K)重新签发"}
[2026-10-03 01:32:35] ❌ beat fail (384/30): HTTP 403: {"error": "credential rejected", "reason": "credential_revoked", "fix": "检查 X-FSTDD-Token 是否为有效且未吊销的节点凭据；若遗失请联系管理节点(K)重新签发"}
[2026-10-03 01:32:35] ⚠️ 连续失败超限 → 继续但标记告警
[2026-10-03 01:32:39] ❌ beat fail (279/30): HTTP 403: {"error": "credential rejected", "reason": "credential_revoked", "fix": "检查 X-FSTDD-Token 是否为有效且未吊销的节点凭据；若遗失请联系管理节点(K)重新签发"}
[2026-10-03 01:32:39] ⚠️ 连续失败超限 → 继续但标记告警
[2026-10-03 01:32:41] ✅ beat ok: node_id=FSTDD003 last_seen=1790962361.4523678
[2026-10-03 01:33:28] ❌ beat fail (17/30): HTTP 403: {"error": "credential rejected", "reason": "credential_revoked", "fix": "检查 X-FSTDD-Token 是否为有效且未吊销的节点凭据；若遗失请联系管理节点(K)重新签发"}
[2026-10-03 01:33:36] ❌ beat fail (385/30): HTTP 403: {"error": "credential rejected", "reason": "credential_revoked", "fix": "检查 X-FSTDD-Token 是否为有效且未吊销的节点凭据；若遗失请联系管理节点(K)重新签发"}
[2026-10-03 01:33:36] ⚠️ 连续失败超限 → 继续但标记告警
[2026-10-03 01:33:40] ❌ beat fail (280/30): HTTP 403: {"error": "credential rejected", "reason": "credential_revoked", "fix": "检查 X-FSTDD-Token 是否为有效且未吊销的节点凭据；若遗失请联系管理节点(K)重新签发"}
[2026-10-03 01:33:40] ⚠️ 连续失败超限 → 继续但标记告警
[2026-10-03 01:33:42] ✅ beat ok: node_id=FSTDD003 last_seen=1790962422.1573007
[2026-10-03 01:34:29] ❌ beat fail (18/30): HTTP 403: {"error": "credential rejected", "reason": "credential_revoked", "fix": "检查 X-FSTDD-Token 是否为有效且未吊销的节点凭据；若遗失请联系管理节点(K)重新签发"}
[2026-10-03 01:34:37] ❌ beat fail (386/30): HTTP 403: {"error": "credential rejected", "reason": "credential_revoked", "fix": "检查 X-FSTDD-Token 是否为有效且未吊销的节点凭据；若遗失请联系管理节点(K)重新签发"}
[2026-10-03 01:34:37] ⚠️ 连续失败超限 → 继续但标记告警
[2026-10-03 01:34:41] ❌ beat fail (281/30): HTTP 403: {"error": "credential rejected", "reason": "credential_revoked", "fix": "检查 X-FSTDD-Token 是否为有效且未吊销的节点凭据；若遗失请联系管理节点(K)重新签发"}
[2026-10-03 01:34:41] ⚠️ 连续失败超限 → 继续但标记告警
[2026-10-03 01:34:43] ✅ beat ok: node_id=FSTDD003 last_seen=1790962483.238744
[2026-10-03 01:35:30] ❌ beat fail (19/30): HTTP 403: {"error": "credential rejected", "reason": "credential_revoked", "fix": "检查 X-FSTDD-Token 是否为有效且未吊销的节点凭据；若遗失请联系管理节点(K)重新签发"}
[2026-10-03 01:35:38] ❌ beat fail (387/30): HTTP 403: {"error": "credential rejected", "reason": "credential_revoked", "fix": "检查 X-FSTDD-Token 是否为有效且未吊销的节点凭据；若遗失请联系管理节点(K)重新签发"}
[2026-10-03 01:35:38] ⚠️ 连续失败超限 → 继续但标记告警
[2026-10-03 01:35:42] ❌ beat fail (282/30): HTTP 403: {"error": "credential rejected", "reason": "credential_revoked", "fix": "检查 X-FSTDD-Token 是否为有效且未吊销的节点凭据；若遗失请联系管理节点(K)重新签发"}
[2026-10-03 01:35:42] ⚠️ 连续失败超限 → 继续但标记告警
[2026-10-03 01:35:43] ✅ beat ok: node_id=FSTDD003 last_seen=1790962543.938641
[2026-10-03 01:36:31] ❌ beat fail (20/30): HTTP 403: {"error": "credential rejected", "reason": "credential_revoked", "fix": "检查 X-FSTDD-Token 是否为有效且未吊销的节点凭据；若遗失请联系管理节点(K)重新签发"}
[2026-10-03 01:36:39] ❌ beat fail (388/30): HTTP 403: {"error": "credential rejected", "reason": "credential_revoked", "fix": "检查 X-FSTDD-Token 是否为有效且未吊销的节点凭据；若遗失请联系管理节点(K)重新签发"}
[2026-10-03 01:36:39] ⚠️ 连续失败超限 → 继续但标记告警
[2026-10-03 01:36:43] ❌ beat fail (283/30): HTTP 403: {"error": "credential rejected", "reason": "credential_revoked", "fix": "检查 X-FSTDD-Token 是否为有效且未吊销的节点凭据；若遗失请联系管理节点(K)重新签发"}
[2026-10-03 01:36:43] ⚠️ 连续失败超限 → 继续但标记告警
[2026-10-03 01:36:45] ✅ beat ok: node_id=FSTDD003 last_seen=1790962604.6548333
[2026-10-03 01:37:32] ❌ beat fail (21/30): HTTP 403: {"error": "credential rejected", "reason": "credential_revoked", "fix": "检查 X-FSTDD-Token 是否为有效且未吊销的节点凭据；若遗失请联系管理节点(K)重新签发"}
[2026-10-03 01:37:40] ❌ beat fail (389/30): HTTP 403: {"error": "credential rejected", "reason": "credential_revoked", "fix": "检查 X-FSTDD-Token 是否为有效且未吊销的节点凭据；若遗失请联系管理节点(K)重新签发"}
[2026-10-03 01:37:40] ⚠️ 连续失败超限 → 继续但标记告警
[2026-10-03 01:37:44] ❌ beat fail (284/30): HTTP 403: {"error": "credential rejected", "reason": "credential_revoked", "fix": "检查 X-FSTDD-Token 是否为有效且未吊销的节点凭据；若遗失请联系管理节点(K)重新签发"}
[2026-10-03 01:37:44] ⚠️ 连续失败超限 → 继续但标记告警
[2026-10-03 01:37:46] ✅ beat ok: node_id=FSTDD003 last_seen=1790962665.7244081
[2026-10-03 01:38:33] ❌ beat fail (22/30): HTTP 403: {"error": "credential rejected", "reason": "credential_revoked", "fix": "检查 X-FSTDD-Token 是否为有效且未吊销的节点凭据；若遗失请联系管理节点(K)重新签发"}
[2026-10-03 01:38:41] ❌ beat fail (390/30): HTTP 403: {"error": "credential rejected", "reason": "credential_revoked", "fix": "检查 X-FSTDD-Token 是否为有效且未吊销的节点凭据；若遗失请联系管理节点(K)重新签发"}
[2026-10-03 01:38:41] ⚠️ 连续失败超限 → 继续但标记告警
[2026-10-03 01:38:45] ❌ beat fail (285/30): HTTP 403: {"error": "credential rejected", "reason": "credential_revoked", "fix": "检查 X-FSTDD-Token 是否为有效且未吊销的节点凭据；若遗失请联系管理节点(K)重新签发"}
[2026-10-03 01:38:45] ⚠️ 连续失败超限 → 继续但标记告警
[2026-10-03 01:38:46] ✅ beat ok: node_id=FSTDD003 last_seen=1790962726.8101096
[2026-10-03 01:39:34] ❌ beat fail (23/30): HTTP 403: {"error": "credential rejected", "reason": "credential_revoked", "fix": "检查 X-FSTDD-Token 是否为有效且未吊销的节点凭据；若遗失请联系管理节点(K)重新签发"}
[2026-10-03 01:39:42] ❌ beat fail (391/30): HTTP 403: {"error": "credential rejected", "reason": "credential_revoked", "fix": "检查 X-FSTDD-Token 是否为有效且未吊销的节点凭据；若遗失请联系管理节点(K)重新签发"}
[2026-10-03 01:39:42] ⚠️ 连续失败超限 → 继续但标记告警
[2026-10-03 01:39:46] ❌ beat fail (286/30): HTTP 403: {"error": "credential rejected", "reason": "credential_revoked", "fix": "检查 X-FSTDD-Token 是否为有效且未吊销的节点凭据；若遗失请联系管理节点(K)重新签发"}
[2026-10-03 01:39:46] ⚠️ 连续失败超限 → 继续但标记告警
[2026-10-03 01:39:47] ✅ beat ok: node_id=FSTDD003 last_seen=1790962787.4992673
[2026-10-03 01:40:35] ❌ beat fail (24/30): HTTP 403: {"error": "credential rejected", "reason": "credential_revoked", "fix": "检查 X-FSTDD-Token 是否为有效且未吊销的节点凭据；若遗失请联系管理节点(K)重新签发"}
[2026-10-03 01:40:43] ❌ beat fail (392/30): HTTP 403: {"error": "credential rejected", "reason": "credential_revoked", "fix": "检查 X-FSTDD-Token 是否为有效且未吊销的节点凭据；若遗失请联系管理节点(K)重新签发"}
[2026-10-03 01:40:43] ⚠️ 连续失败超限 → 继续但标记告警
[2026-10-03 01:40:47] ❌ beat fail (287/30): HTTP 403: {"error": "credential rejected", "reason": "credential_revoked", "fix": "检查 X-FSTDD-Token 是否为有效且未吊销的节点凭据；若遗失请联系管理节点(K)重新签发"}
[2026-10-03 01:40:47] ⚠️ 连续失败超限 → 继续但标记告警
[2026-10-03 01:40:48] ✅ beat ok: node_id=FSTDD003 last_seen=1790962848.50231
[2026-10-03 01:41:36] ❌ beat fail (25/30): HTTP 403: {"error": "credential rejected", "reason": "credential_revoked", "fix": "检查 X-FSTDD-Token 是否为有效且未吊销的节点凭据；若遗失请联系管理节点(K)重新签发"}
[2026-10-03 01:41:44] ❌ beat fail (393/30): HTTP 403: {"error": "credential rejected", "reason": "credential_revoked", "fix": "检查 X-FSTDD-Token 是否为有效且未吊销的节点凭据；若遗失请联系管理节点(K)重新签发"}
[2026-10-03 01:41:44] ⚠️ 连续失败超限 → 继续但标记告警
[2026-10-03 01:41:47] ❌ beat fail (288/30): HTTP 403: {"error": "credential rejected", "reason": "credential_revoked", "fix": "检查 X-FSTDD-Token 是否为有效且未吊销的节点凭据；若遗失请联系管理节点(K)重新签发"}
[2026-10-03 01:41:47] ⚠️ 连续失败超限 → 继续但标记告警
[2026-10-03 01:41:49] ✅ beat ok: node_id=FSTDD003 last_seen=1790962909.5752587
[2026-10-03 01:42:37] ❌ beat fail (26/30): HTTP 403: {"error": "credential rejected", "reason": "credential_revoked", "fix": "检查 X-FSTDD-Token 是否为有效且未吊销的节点凭据；若遗失请联系管理节点(K)重新签发"}
[2026-10-03 01:42:45] ❌ beat fail (394/30): HTTP 403: {"error": "credential rejected", "reason": "credential_revoked", "fix": "检查 X-FSTDD-Token 是否为有效且未吊销的节点凭据；若遗失请联系管理节点(K)重新签发"}
[2026-10-03 01:42:45] ⚠️ 连续失败超限 → 继续但标记告警
[2026-10-03 01:42:48] ❌ beat fail (289/30): HTTP 403: {"error": "credential rejected", "reason": "credential_revoked", "fix": "检查 X-FSTDD-Token 是否为有效且未吊销的节点凭据；若遗失请联系管理节点(K)重新签发"}
[2026-10-03 01:42:48] ⚠️ 连续失败超限 → 继续但标记告警
[2026-10-03 01:42:51] ✅ beat ok: node_id=FSTDD003 last_seen=1790962970.6585376
[2026-10-03 01:43:38] ❌ beat fail (27/30): HTTP 403: {"error": "credential rejected", "reason": "credential_revoked", "fix": "检查 X-FSTDD-Token 是否为有效且未吊销的节点凭据；若遗失请联系管理节点(K)重新签发"}
[2026-10-03 01:43:46] ❌ beat fail (395/30): HTTP 403: {"error": "credential rejected", "reason": "credential_revoked", "fix": "检查 X-FSTDD-Token 是否为有效且未吊销的节点凭据；若遗失请联系管理节点(K)重新签发"}
[2026-10-03 01:43:46] ⚠️ 连续失败超限 → 继续但标记告警
[2026-10-03 01:43:49] ❌ beat fail (290/30): HTTP 403: {"error": "credential rejected", "reason": "credential_revoked", "fix": "检查 X-FSTDD-Token 是否为有效且未吊销的节点凭据；若遗失请联系管理节点(K)重新签发"}
[2026-10-03 01:43:49] ⚠️ 连续失败超限 → 继续但标记告警
[2026-10-03 01:43:52] ✅ beat ok: node_id=FSTDD003 last_seen=1790963031.7294693
[2026-10-03 01:44:40] ❌ beat fail (28/30): HTTP 403: {"error": "credential rejected", "reason": "credential_revoked", "fix": "检查 X-FSTDD-Token 是否为有效且未吊销的节点凭据；若遗失请联系管理节点(K)重新签发"}
[2026-10-03 01:44:47] ❌ beat fail (396/30): HTTP 403: {"error": "credential rejected", "reason": "credential_revoked", "fix": "检查 X-FSTDD-Token 是否为有效且未吊销的节点凭据；若遗失请联系管理节点(K)重新签发"}
[2026-10-03 01:44:47] ⚠️ 连续失败超限 → 继续但标记告警
[2026-10-03 01:44:50] ❌ beat fail (291/30): HTTP 403: {"error": "credential rejected", "reason": "credential_revoked", "fix": "检查 X-FSTDD-Token 是否为有效且未吊销的节点凭据；若遗失请联系管理节点(K)重新签发"}
[2026-10-03 01:44:50] ⚠️ 连续失败超限 → 继续但标记告警
[2026-10-03 01:44:53] ✅ beat ok: node_id=FSTDD003 last_seen=1790963092.816923
[2026-10-03 01:45:41] ❌ beat fail (29/30): HTTP 403: {"error": "credential rejected", "reason": "credential_revoked", "fix": "检查 X-FSTDD-Token 是否为有效且未吊销的节点凭据；若遗失请联系管理节点(K)重新签发"}
[2026-10-03 01:45:48] ❌ beat fail (397/30): HTTP 403: {"error": "credential rejected", "reason": "credential_revoked", "fix": "检查 X-FSTDD-Token 是否为有效且未吊销的节点凭据；若遗失请联系管理节点(K)重新签发"}
[2026-10-03 01:45:48] ⚠️ 连续失败超限 → 继续但标记告警
[2026-10-03 01:45:52] ❌ beat fail (292/30): HTTP 403: {"error": "credential rejected", "reason": "credential_revoked", "fix": "检查 X-FSTDD-Token 是否为有效且未吊销的节点凭据；若遗失请联系管理节点(K)重新签发"}
[2026-10-03 01:45:52] ⚠️ 连续失败超限 → 继续但标记告警
[2026-10-03 01:45:54] ✅ beat ok: node_id=FSTDD003 last_seen=1790963153.8950028
[2026-10-03 01:46:42] ❌ beat fail (30/30): HTTP 403: {"error": "credential rejected", "reason": "credential_revoked", "fix": "检查 X-FSTDD-Token 是否为有效且未吊销的节点凭据；若遗失请联系管理节点(K)重新签发"}
[2026-10-03 01:46:42] ⚠️ 连续失败超限 → 继续但标记告警
[2026-10-03 01:46:49] ❌ beat fail (398/30): HTTP 403: {"error": "credential rejected", "reason": "credential_revoked", "fix": "检查 X-FSTDD-Token 是否为有效且未吊销的节点凭据；若遗失请联系管理节点(K)重新签发"}
[2026-10-03 01:46:49] ⚠️ 连续失败超限 → 继续但标记告警
[2026-10-03 01:46:53] ❌ beat fail (293/30): HTTP 403: {"error": "credential rejected", "reason": "credential_revoked", "fix": "检查 X-FSTDD-Token 是否为有效且未吊销的节点凭据；若遗失请联系管理节点(K)重新签发"}
[2026-10-03 01:46:53] ⚠️ 连续失败超限 → 继续但标记告警
[2026-10-03 01:46:54] ✅ beat ok: node_id=FSTDD003 last_seen=1790963214.9727952
[2026-10-03 01:47:43] ❌ beat fail (31/30): HTTP 403: {"error": "credential rejected", "reason": "credential_revoked", "fix": "检查 X-FSTDD-Token 是否为有效且未吊销的节点凭据；若遗失请联系管理节点(K)重新签发"}
[2026-10-03 01:47:43] ⚠️ 连续失败超限 → 继续但标记告警
[2026-10-03 01:47:50] ❌ beat fail (399/30): HTTP 403: {"error": "credential rejected", "reason": "credential_revoked", "fix": "检查 X-FSTDD-Token 是否为有效且未吊销的节点凭据；若遗失请联系管理节点(K)重新签发"}
[2026-10-03 01:47:50] ⚠️ 连续失败超限 → 继续但标记告警
[2026-10-03 01:47:53] ❌ beat fail (294/30): HTTP 403: {"error": "credential rejected", "reason": "credential_revoked", "fix": "检查 X-FSTDD-Token 是否为有效且未吊销的节点凭据；若遗失请联系管理节点(K)重新签发"}
[2026-10-03 01:47:53] ⚠️ 连续失败超限 → 继续但标记告警
[2026-10-03 01:47:56] ✅ beat ok: node_id=FSTDD003 last_seen=1790963275.6636827
[2026-10-03 01:48:44] ❌ beat fail (32/30): HTTP 403: {"error": "credential rejected", "reason": "credential_revoked", "fix": "检查 X-FSTDD-Token 是否为有效且未吊销的节点凭据；若遗失请联系管理节点(K)重新签发"}
[2026-10-03 01:48:44] ⚠️ 连续失败超限 → 继续但标记告警
[2026-10-03 01:48:51] ❌ beat fail (400/30): HTTP 403: {"error": "credential rejected", "reason": "credential_revoked", "fix": "检查 X-FSTDD-Token 是否为有效且未吊销的节点凭据；若遗失请联系管理节点(K)重新签发"}
[2026-10-03 01:48:51] ⚠️ 连续失败超限 → 继续但标记告警
[2026-10-03 01:48:54] ❌ beat fail (295/30): HTTP 403: {"error": "credential rejected", "reason": "credential_revoked", "fix": "检查 X-FSTDD-Token 是否为有效且未吊销的节点凭据；若遗失请联系管理节点(K)重新签发"}
[2026-10-03 01:48:54] ⚠️ 连续失败超限 → 继续但标记告警
[2026-10-03 01:48:56] ✅ beat ok: node_id=FSTDD003 last_seen=1790963336.7442844
[2026-10-03 01:49:45] ❌ beat fail (33/30): HTTP 403: {"error": "credential rejected", "reason": "credential_revoked", "fix": "检查 X-FSTDD-Token 是否为有效且未吊销的节点凭据；若遗失请联系管理节点(K)重新签发"}
[2026-10-03 01:49:45] ⚠️ 连续失败超限 → 继续但标记告警
[2026-10-03 01:49:52] ❌ beat fail (401/30): HTTP 403: {"error": "credential rejected", "reason": "credential_revoked", "fix": "检查 X-FSTDD-Token 是否为有效且未吊销的节点凭据；若遗失请联系管理节点(K)重新签发"}
[2026-10-03 01:49:52] ⚠️ 连续失败超限 → 继续但标记告警
[2026-10-03 01:49:55] ❌ beat fail (296/30): HTTP 403: {"error": "credential rejected", "reason": "credential_revoked", "fix": "检查 X-FSTDD-Token 是否为有效且未吊销的节点凭据；若遗失请联系管理节点(K)重新签发"}
[2026-10-03 01:49:55] ⚠️ 连续失败超限 → 继续但标记告警
[2026-10-03 01:49:57] ✅ beat ok: node_id=FSTDD003 last_seen=1790963397.4463322
[2026-10-03 01:50:46] ❌ beat fail (34/30): HTTP 403: {"error": "credential rejected", "reason": "credential_revoked", "fix": "检查 X-FSTDD-Token 是否为有效且未吊销的节点凭据；若遗失请联系管理节点(K)重新签发"}
[2026-10-03 01:50:46] ⚠️ 连续失败超限 → 继续但标记告警
[2026-10-03 01:50:53] ❌ beat fail (402/30): HTTP 403: {"error": "credential rejected", "reason": "credential_revoked", "fix": "检查 X-FSTDD-Token 是否为有效且未吊销的节点凭据；若遗失请联系管理节点(K)重新签发"}
[2026-10-03 01:50:53] ⚠️ 连续失败超限 → 继续但标记告警
[2026-10-03 01:50:56] ❌ beat fail (297/30): HTTP 403: {"error": "credential rejected", "reason": "credential_revoked", "fix": "检查 X-FSTDD-Token 是否为有效且未吊销的节点凭据；若遗失请联系管理节点(K)重新签发"}
[2026-10-03 01:50:56] ⚠️ 连续失败超限 → 继续但标记告警
[2026-10-03 01:50:58] ✅ beat ok: node_id=FSTDD003 last_seen=1790963458.5151622
[2026-10-03 01:51:47] ❌ beat fail (35/30): HTTP 403: {"error": "credential rejected", "reason": "credential_revoked", "fix": "检查 X-FSTDD-Token 是否为有效且未吊销的节点凭据；若遗失请联系管理节点(K)重新签发"}
[2026-10-03 01:51:47] ⚠️ 连续失败超限 → 继续但标记告警
[2026-10-03 01:51:54] ❌ beat fail (403/30): HTTP 403: {"error": "credential rejected", "reason": "credential_revoked", "fix": "检查 X-FSTDD-Token 是否为有效且未吊销的节点凭据；若遗失请联系管理节点(K)重新签发"}
[2026-10-03 01:51:54] ⚠️ 连续失败超限 → 继续但标记告警
[2026-10-03 01:51:58] ❌ beat fail (298/30): HTTP 403: {"error": "credential rejected", "reason": "credential_revoked", "fix": "检查 X-FSTDD-Token 是否为有效且未吊销的节点凭据；若遗失请联系管理节点(K)重新签发"}
[2026-10-03 01:51:58] ⚠️ 连续失败超限 → 继续但标记告警
[2026-10-03 01:51:59] ✅ beat ok: node_id=FSTDD003 last_seen=1790963519.5976834
[2026-10-03 01:52:48] ❌ beat fail (36/30): HTTP 403: {"error": "credential rejected", "reason": "credential_revoked", "fix": "检查 X-FSTDD-Token 是否为有效且未吊销的节点凭据；若遗失请联系管理节点(K)重新签发"}
[2026-10-03 01:52:48] ⚠️ 连续失败超限 → 继续但标记告警
[2026-10-03 01:52:55] ❌ beat fail (404/30): HTTP 403: {"error": "credential rejected", "reason": "credential_revoked", "fix": "检查 X-FSTDD-Token 是否为有效且未吊销的节点凭据；若遗失请联系管理节点(K)重新签发"}
[2026-10-03 01:52:55] ⚠️ 连续失败超限 → 继续但标记告警
[2026-10-03 01:52:59] ❌ beat fail (299/30): HTTP 403: {"error": "credential rejected", "reason": "credential_revoked", "fix": "检查 X-FSTDD-Token 是否为有效且未吊销的节点凭据；若遗失请联系管理节点(K)重新签发"}
[2026-10-03 01:52:59] ⚠️ 连续失败超限 → 继续但标记告警
[2026-10-03 01:53:01] ✅ beat ok: node_id=FSTDD003 last_seen=1790963580.681964
[2026-10-03 01:53:49] ❌ beat fail (37/30): HTTP 403: {"error": "credential rejected", "reason": "credential_revoked", "fix": "检查 X-FSTDD-Token 是否为有效且未吊销的节点凭据；若遗失请联系管理节点(K)重新签发"}
[2026-10-03 01:53:49] ⚠️ 连续失败超限 → 继续但标记告警
[2026-10-03 01:53:55] ❌ beat fail (405/30): HTTP 403: {"error": "credential rejected", "reason": "credential_revoked", "fix": "检查 X-FSTDD-Token 是否为有效且未吊销的节点凭据；若遗失请联系管理节点(K)重新签发"}
[2026-10-03 01:53:55] ⚠️ 连续失败超限 → 继续但标记告警
[2026-10-03 01:54:00] ❌ beat fail (300/30): HTTP 403: {"error": "credential rejected", "reason": "credential_revoked", "fix": "检查 X-FSTDD-Token 是否为有效且未吊销的节点凭据；若遗失请联系管理节点(K)重新签发"}
[2026-10-03 01:54:00] ⚠️ 连续失败超限 → 继续但标记告警
[2026-10-03 01:54:02] ✅ beat ok: node_id=FSTDD003 last_seen=1790963641.762219
[2026-10-03 01:54:49] ❌ beat fail (38/30): HTTP 403: {"error": "credential rejected", "reason": "credential_revoked", "fix": "检查 X-FSTDD-Token 是否为有效且未吊销的节点凭据；若遗失请联系管理节点(K)重新签发"}
[2026-10-03 01:54:49] ⚠️ 连续失败超限 → 继续但标记告警
[2026-10-03 01:54:56] ❌ beat fail (406/30): HTTP 403: {"error": "credential rejected", "reason": "credential_revoked", "fix": "检查 X-FSTDD-Token 是否为有效且未吊销的节点凭据；若遗失请联系管理节点(K)重新签发"}
[2026-10-03 01:54:56] ⚠️ 连续失败超限 → 继续但标记告警
[2026-10-03 01:55:01] ❌ beat fail (301/30): HTTP 403: {"error": "credential rejected", "reason": "credential_revoked", "fix": "检查 X-FSTDD-Token 是否为有效且未吊销的节点凭据；若遗失请联系管理节点(K)重新签发"}
[2026-10-03 01:55:01] ⚠️ 连续失败超限 → 继续但标记告警
[2026-10-03 01:55:03] ✅ beat ok: node_id=FSTDD003 last_seen=1790963702.835146
[2026-10-03 01:55:50] ❌ beat fail (39/30): HTTP 403: {"error": "credential rejected", "reason": "credential_revoked", "fix": "检查 X-FSTDD-Token 是否为有效且未吊销的节点凭据；若遗失请联系管理节点(K)重新签发"}
[2026-10-03 01:55:50] ⚠️ 连续失败超限 → 继续但标记告警
[2026-10-03 01:55:57] ❌ beat fail (407/30): HTTP 403: {"error": "credential rejected", "reason": "credential_revoked", "fix": "检查 X-FSTDD-Token 是否为有效且未吊销的节点凭据；若遗失请联系管理节点(K)重新签发"}
[2026-10-03 01:55:57] ⚠️ 连续失败超限 → 继续但标记告警
[2026-10-03 01:56:02] ❌ beat fail (302/30): HTTP 403: {"error": "credential rejected", "reason": "credential_revoked", "fix": "检查 X-FSTDD-Token 是否为有效且未吊销的节点凭据；若遗失请联系管理节点(K)重新签发"}
[2026-10-03 01:56:02] ⚠️ 连续失败超限 → 继续但标记告警
[2026-10-03 01:56:04] ✅ beat ok: node_id=FSTDD003 last_seen=1790963763.9174213
[2026-10-03 01:56:51] ❌ beat fail (40/30): HTTP 403: {"error": "credential rejected", "reason": "credential_revoked", "fix": "检查 X-FSTDD-Token 是否为有效且未吊销的节点凭据；若遗失请联系管理节点(K)重新签发"}
[2026-10-03 01:56:51] ⚠️ 连续失败超限 → 继续但标记告警
[2026-10-03 01:56:59] ❌ beat fail (408/30): HTTP 403: {"error": "credential rejected", "reason": "credential_revoked", "fix": "检查 X-FSTDD-Token 是否为有效且未吊销的节点凭据；若遗失请联系管理节点(K)重新签发"}
[2026-10-03 01:56:59] ⚠️ 连续失败超限 → 继续但标记告警
[2026-10-03 01:57:03] ❌ beat fail (303/30): HTTP 403: {"error": "credential rejected", "reason": "credential_revoked", "fix": "检查 X-FSTDD-Token 是否为有效且未吊销的节点凭据；若遗失请联系管理节点(K)重新签发"}
[2026-10-03 01:57:03] ⚠️ 连续失败超限 → 继续但标记告警
[2026-10-03 01:57:05] ✅ beat ok: node_id=FSTDD003 last_seen=1790963824.9887586
[2026-10-03 01:57:52] ❌ beat fail (41/30): HTTP 403: {"error": "credential rejected", "reason": "credential_revoked", "fix": "检查 X-FSTDD-Token 是否为有效且未吊销的节点凭据；若遗失请联系管理节点(K)重新签发"}
[2026-10-03 01:57:52] ⚠️ 连续失败超限 → 继续但标记告警
[2026-10-03 01:58:00] ❌ beat fail (409/30): HTTP 403: {"error": "credential rejected", "reason": "credential_revoked", "fix": "检查 X-FSTDD-Token 是否为有效且未吊销的节点凭据；若遗失请联系管理节点(K)重新签发"}
[2026-10-03 01:58:00] ⚠️ 连续失败超限 → 继续但标记告警
[2026-10-03 01:58:04] ❌ beat fail (304/30): HTTP 403: {"error": "credential rejected", "reason": "credential_revoked", "fix": "检查 X-FSTDD-Token 是否为有效且未吊销的节点凭据；若遗失请联系管理节点(K)重新签发"}
[2026-10-03 01:58:04] ⚠️ 连续失败超限 → 继续但标记告警
[2026-10-03 01:58:06] ✅ beat ok: node_id=FSTDD003 last_seen=1790963886.0617514
[2026-10-03 01:58:53] ❌ beat fail (42/30): HTTP 403: {"error": "credential rejected", "reason": "credential_revoked", "fix": "检查 X-FSTDD-Token 是否为有效且未吊销的节点凭据；若遗失请联系管理节点(K)重新签发"}
[2026-10-03 01:58:53] ⚠️ 连续失败超限 → 继续但标记告警
[2026-10-03 01:59:01] ❌ beat fail (410/30): HTTP 403: {"error": "credential rejected", "reason": "credential_revoked", "fix": "检查 X-FSTDD-Token 是否为有效且未吊销的节点凭据；若遗失请联系管理节点(K)重新签发"}
[2026-10-03 01:59:01] ⚠️ 连续失败超限 → 继续但标记告警
[2026-10-03 01:59:05] ❌ beat fail (305/30): HTTP 403: {"error": "credential rejected", "reason": "credential_revoked", "fix": "检查 X-FSTDD-Token 是否为有效且未吊销的节点凭据；若遗失请联系管理节点(K)重新签发"}
[2026-10-03 01:59:05] ⚠️ 连续失败超限 → 继续但标记告警
[2026-10-03 01:59:07] ✅ beat ok: node_id=FSTDD003 last_seen=1790963947.1419985
[2026-10-03 01:59:54] ❌ beat fail (43/30): HTTP 403: {"error": "credential rejected", "reason": "credential_revoked", "fix": "检查 X-FSTDD-Token 是否为有效且未吊销的节点凭据；若遗失请联系管理节点(K)重新签发"}
[2026-10-03 01:59:54] ⚠️ 连续失败超限 → 继续但标记告警
[2026-10-03 02:00:02] ❌ beat fail (411/30): HTTP 403: {"error": "credential rejected", "reason": "credential_revoked", "fix": "检查 X-FSTDD-Token 是否为有效且未吊销的节点凭据；若遗失请联系管理节点(K)重新签发"}
[2026-10-03 02:00:02] ⚠️ 连续失败超限 → 继续但标记告警
[2026-10-03 02:00:06] ❌ beat fail (306/30): HTTP 403: {"error": "credential rejected", "reason": "credential_revoked", "fix": "检查 X-FSTDD-Token 是否为有效且未吊销的节点凭据；若遗失请联系管理节点(K)重新签发"}
[2026-10-03 02:00:06] ⚠️ 连续失败超限 → 继续但标记告警
[2026-10-03 02:00:08] ✅ beat ok: node_id=FSTDD003 last_seen=1790964008.2127724
[2026-10-03 02:00:55] ❌ beat fail (44/30): HTTP 403: {"error": "credential rejected", "reason": "credential_revoked", "fix": "检查 X-FSTDD-Token 是否为有效且未吊销的节点凭据；若遗失请联系管理节点(K)重新签发"}
[2026-10-03 02:00:55] ⚠️ 连续失败超限 → 继续但标记告警
[2026-10-03 02:01:03] ❌ beat fail (412/30): HTTP 403: {"error": "credential rejected", "reason": "credential_revoked", "fix": "检查 X-FSTDD-Token 是否为有效且未吊销的节点凭据；若遗失请联系管理节点(K)重新签发"}
[2026-10-03 02:01:03] ⚠️ 连续失败超限 → 继续但标记告警
[2026-10-03 02:01:07] ❌ beat fail (307/30): HTTP 403: {"error": "credential rejected", "reason": "credential_revoked", "fix": "检查 X-FSTDD-Token 是否为有效且未吊销的节点凭据；若遗失请联系管理节点(K)重新签发"}
[2026-10-03 02:01:07] ⚠️ 连续失败超限 → 继续但标记告警
[2026-10-03 02:01:09] ✅ beat ok: node_id=FSTDD003 last_seen=1790964069.2916927
[2026-10-03 02:01:56] ❌ beat fail (45/30): HTTP 403: {"error": "credential rejected", "reason": "credential_revoked", "fix": "检查 X-FSTDD-Token 是否为有效且未吊销的节点凭据；若遗失请联系管理节点(K)重新签发"}
[2026-10-03 02:01:56] ⚠️ 连续失败超限 → 继续但标记告警
[2026-10-03 02:02:04] ❌ beat fail (413/30): HTTP 403: {"error": "credential rejected", "reason": "credential_revoked", "fix": "检查 X-FSTDD-Token 是否为有效且未吊销的节点凭据；若遗失请联系管理节点(K)重新签发"}
[2026-10-03 02:02:04] ⚠️ 连续失败超限 → 继续但标记告警
[2026-10-03 02:02:08] ❌ beat fail (308/30): HTTP 403: {"error": "credential rejected", "reason": "credential_revoked", "fix": "检查 X-FSTDD-Token 是否为有效且未吊销的节点凭据；若遗失请联系管理节点(K)重新签发"}
[2026-10-03 02:02:08] ⚠️ 连续失败超限 → 继续但标记告警
[2026-10-03 02:02:10] ✅ beat ok: node_id=FSTDD003 last_seen=1790964130.3699439
[2026-10-03 02:02:57] ❌ beat fail (46/30): HTTP 403: {"error": "credential rejected", "reason": "credential_revoked", "fix": "检查 X-FSTDD-Token 是否为有效且未吊销的节点凭据；若遗失请联系管理节点(K)重新签发"}
[2026-10-03 02:02:57] ⚠️ 连续失败超限 → 继续但标记告警
[2026-10-03 02:03:05] ❌ beat fail (414/30): HTTP 403: {"error": "credential rejected", "reason": "credential_revoked", "fix": "检查 X-FSTDD-Token 是否为有效且未吊销的节点凭据；若遗失请联系管理节点(K)重新签发"}
[2026-10-03 02:03:05] ⚠️ 连续失败超限 → 继续但标记告警
[2026-10-03 02:03:09] ❌ beat fail (309/30): HTTP 403: {"error": "credential rejected", "reason": "credential_revoked", "fix": "检查 X-FSTDD-Token 是否为有效且未吊销的节点凭据；若遗失请联系管理节点(K)重新签发"}
[2026-10-03 02:03:09] ⚠️ 连续失败超限 → 继续但标记告警
[2026-10-03 02:03:11] ✅ beat ok: node_id=FSTDD003 last_seen=1790964191.4511259
[2026-10-03 02:03:58] ❌ beat fail (47/30): HTTP 403: {"error": "credential rejected", "reason": "credential_revoked", "fix": "检查 X-FSTDD-Token 是否为有效且未吊销的节点凭据；若遗失请联系管理节点(K)重新签发"}
[2026-10-03 02:03:58] ⚠️ 连续失败超限 → 继续但标记告警
[2026-10-03 02:04:05] ❌ beat fail (415/30): HTTP 403: {"error": "credential rejected", "reason": "credential_revoked", "fix": "检查 X-FSTDD-Token 是否为有效且未吊销的节点凭据；若遗失请联系管理节点(K)重新签发"}
[2026-10-03 02:04:05] ⚠️ 连续失败超限 → 继续但标记告警
[2026-10-03 02:04:10] ❌ beat fail (310/30): HTTP 403: {"error": "credential rejected", "reason": "credential_revoked", "fix": "检查 X-FSTDD-Token 是否为有效且未吊销的节点凭据；若遗失请联系管理节点(K)重新签发"}
[2026-10-03 02:04:10] ⚠️ 连续失败超限 → 继续但标记告警
[2026-10-03 02:04:12] ✅ beat ok: node_id=FSTDD003 last_seen=1790964252.5278788
[2026-10-03 02:04:59] ❌ beat fail (48/30): HTTP 403: {"error": "credential rejected", "reason": "credential_revoked", "fix": "检查 X-FSTDD-Token 是否为有效且未吊销的节点凭据；若遗失请联系管理节点(K)重新签发"}
[2026-10-03 02:04:59] ⚠️ 连续失败超限 → 继续但标记告警
[2026-10-03 02:05:06] ❌ beat fail (416/30): HTTP 403: {"error": "credential rejected", "reason": "credential_revoked", "fix": "检查 X-FSTDD-Token 是否为有效且未吊销的节点凭据；若遗失请联系管理节点(K)重新签发"}
[2026-10-03 02:05:06] ⚠️ 连续失败超限 → 继续但标记告警
[2026-10-03 02:05:11] ❌ beat fail (311/30): HTTP 403: {"error": "credential rejected", "reason": "credential_revoked", "fix": "检查 X-FSTDD-Token 是否为有效且未吊销的节点凭据；若遗失请联系管理节点(K)重新签发"}
[2026-10-03 02:05:11] ⚠️ 连续失败超限 → 继续但标记告警
[2026-10-03 02:05:13] ✅ beat ok: node_id=FSTDD003 last_seen=1790964313.610784
[2026-10-03 02:06:00] ❌ beat fail (49/30): HTTP 403: {"error": "credential rejected", "reason": "credential_revoked", "fix": "检查 X-FSTDD-Token 是否为有效且未吊销的节点凭据；若遗失请联系管理节点(K)重新签发"}
[2026-10-03 02:06:00] ⚠️ 连续失败超限 → 继续但标记告警
[2026-10-03 02:06:07] ❌ beat fail (417/30): HTTP 403: {"error": "credential rejected", "reason": "credential_revoked", "fix": "检查 X-FSTDD-Token 是否为有效且未吊销的节点凭据；若遗失请联系管理节点(K)重新签发"}
[2026-10-03 02:06:07] ⚠️ 连续失败超限 → 继续但标记告警
[2026-10-03 02:06:12] ❌ beat fail (312/30): HTTP 403: {"error": "credential rejected", "reason": "credential_revoked", "fix": "检查 X-FSTDD-Token 是否为有效且未吊销的节点凭据；若遗失请联系管理节点(K)重新签发"}
[2026-10-03 02:06:12] ⚠️ 连续失败超限 → 继续但标记告警
[2026-10-03 02:06:15] ✅ beat ok: node_id=FSTDD003 last_seen=1790964374.699873
[2026-10-03 02:07:01] ❌ beat fail (50/30): HTTP 403: {"error": "credential rejected", "reason": "credential_revoked", "fix": "检查 X-FSTDD-Token 是否为有效且未吊销的节点凭据；若遗失请联系管理节点(K)重新签发"}
[2026-10-03 02:07:01] ⚠️ 连续失败超限 → 继续但标记告警
[2026-10-03 02:07:08] ❌ beat fail (418/30): HTTP 403: {"error": "credential rejected", "reason": "credential_revoked", "fix": "检查 X-FSTDD-Token 是否为有效且未吊销的节点凭据；若遗失请联系管理节点(K)重新签发"}
[2026-10-03 02:07:08] ⚠️ 连续失败超限 → 继续但标记告警
[2026-10-03 02:07:13] ❌ beat fail (313/30): HTTP 403: {"error": "credential rejected", "reason": "credential_revoked", "fix": "检查 X-FSTDD-Token 是否为有效且未吊销的节点凭据；若遗失请联系管理节点(K)重新签发"}
[2026-10-03 02:07:13] ⚠️ 连续失败超限 → 继续但标记告警
[2026-10-03 02:07:15] ✅ beat ok: node_id=FSTDD003 last_seen=1790964435.7767801
[2026-10-03 02:08:02] ❌ beat fail (51/30): HTTP 403: {"error": "credential rejected", "reason": "credential_revoked", "fix": "检查 X-FSTDD-Token 是否为有效且未吊销的节点凭据；若遗失请联系管理节点(K)重新签发"}
[2026-10-03 02:08:02] ⚠️ 连续失败超限 → 继续但标记告警
[2026-10-03 02:08:09] ❌ beat fail (419/30): HTTP 403: {"error": "credential rejected", "reason": "credential_revoked", "fix": "检查 X-FSTDD-Token 是否为有效且未吊销的节点凭据；若遗失请联系管理节点(K)重新签发"}
[2026-10-03 02:08:09] ⚠️ 连续失败超限 → 继续但标记告警
[2026-10-03 02:08:14] ❌ beat fail (314/30): HTTP 403: {"error": "credential rejected", "reason": "credential_revoked", "fix": "检查 X-FSTDD-Token 是否为有效且未吊销的节点凭据；若遗失请联系管理节点(K)重新签发"}
[2026-10-03 02:08:14] ⚠️ 连续失败超限 → 继续但标记告警
[2026-10-03 02:08:16] ✅ beat ok: node_id=FSTDD003 last_seen=1790964496.4674184
[2026-10-03 02:09:04] ❌ beat fail (52/30): HTTP 403: {"error": "credential rejected", "reason": "credential_revoked", "fix": "检查 X-FSTDD-Token 是否为有效且未吊销的节点凭据；若遗失请联系管理节点(K)重新签发"}
[2026-10-03 02:09:04] ⚠️ 连续失败超限 → 继续但标记告警
[2026-10-03 02:09:10] ❌ beat fail (420/30): HTTP 403: {"error": "credential rejected", "reason": "credential_revoked", "fix": "检查 X-FSTDD-Token 是否为有效且未吊销的节点凭据；若遗失请联系管理节点(K)重新签发"}
[2026-10-03 02:09:10] ⚠️ 连续失败超限 → 继续但标记告警
[2026-10-03 02:09:15] ❌ beat fail (315/30): HTTP 403: {"error": "credential rejected", "reason": "credential_revoked", "fix": "检查 X-FSTDD-Token 是否为有效且未吊销的节点凭据；若遗失请联系管理节点(K)重新签发"}
[2026-10-03 02:09:15] ⚠️ 连续失败超限 → 继续但标记告警
[2026-10-03 02:09:17] ✅ beat ok: node_id=FSTDD003 last_seen=1790964557.5378213
[2026-10-03 02:10:04] ❌ beat fail (53/30): HTTP 403: {"error": "credential rejected", "reason": "credential_revoked", "fix": "检查 X-FSTDD-Token 是否为有效且未吊销的节点凭据；若遗失请联系管理节点(K)重新签发"}
[2026-10-03 02:10:04] ⚠️ 连续失败超限 → 继续但标记告警
[2026-10-03 02:10:10] ❌ beat fail (421/30): HTTP 403: {"error": "credential rejected", "reason": "credential_revoked", "fix": "检查 X-FSTDD-Token 是否为有效且未吊销的节点凭据；若遗失请联系管理节点(K)重新签发"}
[2026-10-03 02:10:10] ⚠️ 连续失败超限 → 继续但标记告警
[2026-10-03 02:10:16] ❌ beat fail (316/30): HTTP 403: {"error": "credential rejected", "reason": "credential_revoked", "fix": "检查 X-FSTDD-Token 是否为有效且未吊销的节点凭据；若遗失请联系管理节点(K)重新签发"}
[2026-10-03 02:10:16] ⚠️ 连续失败超限 → 继续但标记告警
[2026-10-03 02:10:18] ✅ beat ok: node_id=FSTDD003 last_seen=1790964618.615939
[2026-10-03 02:11:05] ❌ beat fail (54/30): HTTP 403: {"error": "credential rejected", "reason": "credential_revoked", "fix": "检查 X-FSTDD-Token 是否为有效且未吊销的节点凭据；若遗失请联系管理节点(K)重新签发"}
[2026-10-03 02:11:05] ⚠️ 连续失败超限 → 继续但标记告警
[2026-10-03 02:11:12] ❌ beat fail (422/30): HTTP 403: {"error": "credential rejected", "reason": "credential_revoked", "fix": "检查 X-FSTDD-Token 是否为有效且未吊销的节点凭据；若遗失请联系管理节点(K)重新签发"}
[2026-10-03 02:11:12] ⚠️ 连续失败超限 → 继续但标记告警
[2026-10-03 02:11:17] ❌ beat fail (317/30): HTTP 403: {"error": "credential rejected", "reason": "credential_revoked", "fix": "检查 X-FSTDD-Token 是否为有效且未吊销的节点凭据；若遗失请联系管理节点(K)重新签发"}
[2026-10-03 02:11:17] ⚠️ 连续失败超限 → 继续但标记告警
[2026-10-03 02:11:19] ✅ beat ok: node_id=FSTDD003 last_seen=1790964679.6932395
[2026-10-03 02:12:06] ❌ beat fail (55/30): HTTP 403: {"error": "credential rejected", "reason": "credential_revoked", "fix": "检查 X-FSTDD-Token 是否为有效且未吊销的节点凭据；若遗失请联系管理节点(K)重新签发"}
[2026-10-03 02:12:06] ⚠️ 连续失败超限 → 继续但标记告警
[2026-10-03 02:12:13] ❌ beat fail (423/30): HTTP 403: {"error": "credential rejected", "reason": "credential_revoked", "fix": "检查 X-FSTDD-Token 是否为有效且未吊销的节点凭据；若遗失请联系管理节点(K)重新签发"}
[2026-10-03 02:12:13] ⚠️ 连续失败超限 → 继续但标记告警
[2026-10-03 02:12:17] ❌ beat fail (318/30): HTTP 403: {"error": "credential rejected", "reason": "credential_revoked", "fix": "检查 X-FSTDD-Token 是否为有效且未吊销的节点凭据；若遗失请联系管理节点(K)重新签发"}
[2026-10-03 02:12:17] ⚠️ 连续失败超限 → 继续但标记告警
[2026-10-03 02:12:20] ✅ beat ok: node_id=FSTDD003 last_seen=1790964740.3859088
[2026-10-03 02:13:07] ❌ beat fail (56/30): HTTP 403: {"error": "credential rejected", "reason": "credential_revoked", "fix": "检查 X-FSTDD-Token 是否为有效且未吊销的节点凭据；若遗失请联系管理节点(K)重新签发"}
[2026-10-03 02:13:07] ⚠️ 连续失败超限 → 继续但标记告警
[2026-10-03 02:13:14] ❌ beat fail (424/30): HTTP 403: {"error": "credential rejected", "reason": "credential_revoked", "fix": "检查 X-FSTDD-Token 是否为有效且未吊销的节点凭据；若遗失请联系管理节点(K)重新签发"}
[2026-10-03 02:13:14] ⚠️ 连续失败超限 → 继续但标记告警
[2026-10-03 02:13:18] ❌ beat fail (319/30): HTTP 403: {"error": "credential rejected", "reason": "credential_revoked", "fix": "检查 X-FSTDD-Token 是否为有效且未吊销的节点凭据；若遗失请联系管理节点(K)重新签发"}
[2026-10-03 02:13:18] ⚠️ 连续失败超限 → 继续但标记告警
[2026-10-03 02:13:21] ✅ beat ok: node_id=FSTDD003 last_seen=1790964801.4722528
[2026-10-03 02:14:08] ❌ beat fail (57/30): HTTP 403: {"error": "credential rejected", "reason": "credential_revoked", "fix": "检查 X-FSTDD-Token 是否为有效且未吊销的节点凭据；若遗失请联系管理节点(K)重新签发"}
[2026-10-03 02:14:08] ⚠️ 连续失败超限 → 继续但标记告警
[2026-10-03 02:14:15] ❌ beat fail (425/30): HTTP 403: {"error": "credential rejected", "reason": "credential_revoked", "fix": "检查 X-FSTDD-Token 是否为有效且未吊销的节点凭据；若遗失请联系管理节点(K)重新签发"}
[2026-10-03 02:14:15] ⚠️ 连续失败超限 → 继续但标记告警
[2026-10-03 02:14:19] ❌ beat fail (320/30): HTTP 403: {"error": "credential rejected", "reason": "credential_revoked", "fix": "检查 X-FSTDD-Token 是否为有效且未吊销的节点凭据；若遗失请联系管理节点(K)重新签发"}
[2026-10-03 02:14:19] ⚠️ 连续失败超限 → 继续但标记告警
[2026-10-03 02:14:22] ✅ beat ok: node_id=FSTDD003 last_seen=1790964862.1615667
[2026-10-03 02:15:09] ❌ beat fail (58/30): HTTP 403: {"error": "credential rejected", "reason": "credential_revoked", "fix": "检查 X-FSTDD-Token 是否为有效且未吊销的节点凭据；若遗失请联系管理节点(K)重新签发"}
[2026-10-03 02:15:09] ⚠️ 连续失败超限 → 继续但标记告警
[2026-10-03 02:15:15] ❌ beat fail (426/30): HTTP 403: {"error": "credential rejected", "reason": "credential_revoked", "fix": "检查 X-FSTDD-Token 是否为有效且未吊销的节点凭据；若遗失请联系管理节点(K)重新签发"}
[2026-10-03 02:15:15] ⚠️ 连续失败超限 → 继续但标记告警
[2026-10-03 02:15:21] ❌ beat fail (321/30): HTTP 403: {"error": "credential rejected", "reason": "credential_revoked", "fix": "检查 X-FSTDD-Token 是否为有效且未吊销的节点凭据；若遗失请联系管理节点(K)重新签发"}
[2026-10-03 02:15:21] ⚠️ 连续失败超限 → 继续但标记告警
[2026-10-03 02:15:23] ✅ beat ok: node_id=FSTDD003 last_seen=1790964922.851742
[2026-10-03 02:16:10] ❌ beat fail (59/30): HTTP 403: {"error": "credential rejected", "reason": "credential_revoked", "fix": "检查 X-FSTDD-Token 是否为有效且未吊销的节点凭据；若遗失请联系管理节点(K)重新签发"}
[2026-10-03 02:16:10] ⚠️ 连续失败超限 → 继续但标记告警
[2026-10-03 02:16:16] ❌ beat fail (427/30): HTTP 403: {"error": "credential rejected", "reason": "credential_revoked", "fix": "检查 X-FSTDD-Token 是否为有效且未吊销的节点凭据；若遗失请联系管理节点(K)重新签发"}
[2026-10-03 02:16:16] ⚠️ 连续失败超限 → 继续但标记告警
[2026-10-03 02:16:22] ❌ beat fail (322/30): HTTP 403: {"error": "credential rejected", "reason": "credential_revoked", "fix": "检查 X-FSTDD-Token 是否为有效且未吊销的节点凭据；若遗失请联系管理节点(K)重新签发"}
[2026-10-03 02:16:22] ⚠️ 连续失败超限 → 继续但标记告警
[2026-10-03 02:16:23] ✅ beat ok: node_id=FSTDD003 last_seen=1790964983.923657
[2026-10-03 02:17:11] ❌ beat fail (60/30): HTTP 403: {"error": "credential rejected", "reason": "credential_revoked", "fix": "检查 X-FSTDD-Token 是否为有效且未吊销的节点凭据；若遗失请联系管理节点(K)重新签发"}
[2026-10-03 02:17:11] ⚠️ 连续失败超限 → 继续但标记告警
[2026-10-03 02:17:17] ❌ beat fail (428/30): HTTP 403: {"error": "credential rejected", "reason": "credential_revoked", "fix": "检查 X-FSTDD-Token 是否为有效且未吊销的节点凭据；若遗失请联系管理节点(K)重新签发"}
[2026-10-03 02:17:17] ⚠️ 连续失败超限 → 继续但标记告警
[2026-10-03 02:17:23] ❌ beat fail (323/30): HTTP 403: {"error": "credential rejected", "reason": "credential_revoked", "fix": "检查 X-FSTDD-Token 是否为有效且未吊销的节点凭据；若遗失请联系管理节点(K)重新签发"}
[2026-10-03 02:17:23] ⚠️ 连续失败超限 → 继续但标记告警
[2026-10-03 02:17:24] ✅ beat ok: node_id=FSTDD003 last_seen=1790965044.6134021
[2026-10-03 02:18:12] ❌ beat fail (61/30): HTTP 403: {"error": "credential rejected", "reason": "credential_revoked", "fix": "检查 X-FSTDD-Token 是否为有效且未吊销的节点凭据；若遗失请联系管理节点(K)重新签发"}
[2026-10-03 02:18:12] ⚠️ 连续失败超限 → 继续但标记告警
[2026-10-03 02:18:18] ❌ beat fail (429/30): HTTP 403: {"error": "credential rejected", "reason": "credential_revoked", "fix": "检查 X-FSTDD-Token 是否为有效且未吊销的节点凭据；若遗失请联系管理节点(K)重新签发"}
[2026-10-03 02:18:18] ⚠️ 连续失败超限 → 继续但标记告警
[2026-10-03 02:18:24] ❌ beat fail (324/30): HTTP 403: {"error": "credential rejected", "reason": "credential_revoked", "fix": "检查 X-FSTDD-Token 是否为有效且未吊销的节点凭据；若遗失请联系管理节点(K)重新签发"}
[2026-10-03 02:18:24] ⚠️ 连续失败超限 → 继续但标记告警
[2026-10-03 02:18:26] ✅ beat ok: node_id=FSTDD003 last_seen=1790965105.689804
[2026-10-03 02:19:13] ❌ beat fail (62/30): HTTP 403: {"error": "credential rejected", "reason": "credential_revoked", "fix": "检查 X-FSTDD-Token 是否为有效且未吊销的节点凭据；若遗失请联系管理节点(K)重新签发"}
[2026-10-03 02:19:13] ⚠️ 连续失败超限 → 继续但标记告警
[2026-10-03 02:19:19] ❌ beat fail (430/30): HTTP 403: {"error": "credential rejected", "reason": "credential_revoked", "fix": "检查 X-FSTDD-Token 是否为有效且未吊销的节点凭据；若遗失请联系管理节点(K)重新签发"}
[2026-10-03 02:19:19] ⚠️ 连续失败超限 → 继续但标记告警
[2026-10-03 02:19:25] ❌ beat fail (325/30): HTTP 403: {"error": "credential rejected", "reason": "credential_revoked", "fix": "检查 X-FSTDD-Token 是否为有效且未吊销的节点凭据；若遗失请联系管理节点(K)重新签发"}
[2026-10-03 02:19:25] ⚠️ 连续失败超限 → 继续但标记告警
[2026-10-03 02:19:26] ✅ beat ok: node_id=FSTDD003 last_seen=1790965166.7607486
[2026-10-03 02:20:13] ❌ beat fail (63/30): HTTP 403: {"error": "credential rejected", "reason": "credential_revoked", "fix": "检查 X-FSTDD-Token 是否为有效且未吊销的节点凭据；若遗失请联系管理节点(K)重新签发"}
[2026-10-03 02:20:13] ⚠️ 连续失败超限 → 继续但标记告警
[2026-10-03 02:20:20] ❌ beat fail (431/30): HTTP 403: {"error": "credential rejected", "reason": "credential_revoked", "fix": "检查 X-FSTDD-Token 是否为有效且未吊销的节点凭据；若遗失请联系管理节点(K)重新签发"}
[2026-10-03 02:20:20] ⚠️ 连续失败超限 → 继续但标记告警
[2026-10-03 02:20:26] ❌ beat fail (326/30): HTTP 403: {"error": "credential rejected", "reason": "credential_revoked", "fix": "检查 X-FSTDD-Token 是否为有效且未吊销的节点凭据；若遗失请联系管理节点(K)重新签发"}
[2026-10-03 02:20:26] ⚠️ 连续失败超限 → 继续但标记告警
[2026-10-03 02:20:27] ✅ beat ok: node_id=FSTDD003 last_seen=1790965227.483279
[2026-10-03 02:21:14] ❌ beat fail (64/30): HTTP 403: {"error": "credential rejected", "reason": "credential_revoked", "fix": "检查 X-FSTDD-Token 是否为有效且未吊销的节点凭据；若遗失请联系管理节点(K)重新签发"}
[2026-10-03 02:21:14] ⚠️ 连续失败超限 → 继续但标记告警
[2026-10-03 02:21:20] ❌ beat fail (432/30): HTTP 403: {"error": "credential rejected", "reason": "credential_revoked", "fix": "检查 X-FSTDD-Token 是否为有效且未吊销的节点凭据；若遗失请联系管理节点(K)重新签发"}
[2026-10-03 02:21:20] ⚠️ 连续失败超限 → 继续但标记告警
[2026-10-03 02:21:27] ❌ beat fail (327/30): HTTP 403: {"error": "credential rejected", "reason": "credential_revoked", "fix": "检查 X-FSTDD-Token 是否为有效且未吊销的节点凭据；若遗失请联系管理节点(K)重新签发"}
[2026-10-03 02:21:27] ⚠️ 连续失败超限 → 继续但标记告警
[2026-10-03 02:21:28] ✅ beat ok: node_id=FSTDD003 last_seen=1790965288.5556488
[2026-10-03 02:22:15] ❌ beat fail (65/30): HTTP 403: {"error": "credential rejected", "reason": "credential_revoked", "fix": "检查 X-FSTDD-Token 是否为有效且未吊销的节点凭据；若遗失请联系管理节点(K)重新签发"}
[2026-10-03 02:22:15] ⚠️ 连续失败超限 → 继续但标记告警
[2026-10-03 02:22:21] ❌ beat fail (433/30): HTTP 403: {"error": "credential rejected", "reason": "credential_revoked", "fix": "检查 X-FSTDD-Token 是否为有效且未吊销的节点凭据；若遗失请联系管理节点(K)重新签发"}
[2026-10-03 02:22:21] ⚠️ 连续失败超限 → 继续但标记告警
[2026-10-03 02:22:28] ❌ beat fail (328/30): HTTP 403: {"error": "credential rejected", "reason": "credential_revoked", "fix": "检查 X-FSTDD-Token 是否为有效且未吊销的节点凭据；若遗失请联系管理节点(K)重新签发"}
[2026-10-03 02:22:28] ⚠️ 连续失败超限 → 继续但标记告警
[2026-10-03 02:22:29] ✅ beat ok: node_id=FSTDD003 last_seen=1790965349.577302
[2026-10-03 02:23:16] ❌ beat fail (66/30): HTTP 403: {"error": "credential rejected", "reason": "credential_revoked", "fix": "检查 X-FSTDD-Token 是否为有效且未吊销的节点凭据；若遗失请联系管理节点(K)重新签发"}
[2026-10-03 02:23:16] ⚠️ 连续失败超限 → 继续但标记告警
[2026-10-03 02:23:22] ❌ beat fail (434/30): HTTP 403: {"error": "credential rejected", "reason": "credential_revoked", "fix": "检查 X-FSTDD-Token 是否为有效且未吊销的节点凭据；若遗失请联系管理节点(K)重新签发"}
[2026-10-03 02:23:22] ⚠️ 连续失败超限 → 继续但标记告警
[2026-10-03 02:23:29] ❌ beat fail (329/30): HTTP 403: {"error": "credential rejected", "reason": "credential_revoked", "fix": "检查 X-FSTDD-Token 是否为有效且未吊销的节点凭据；若遗失请联系管理节点(K)重新签发"}
[2026-10-03 02:23:29] ⚠️ 连续失败超限 → 继续但标记告警
[2026-10-03 02:23:30] ✅ beat ok: node_id=FSTDD003 last_seen=1790965410.6444974
[2026-10-03 02:24:17] ❌ beat fail (67/30): HTTP 403: {"error": "credential rejected", "reason": "credential_revoked", "fix": "检查 X-FSTDD-Token 是否为有效且未吊销的节点凭据；若遗失请联系管理节点(K)重新签发"}
[2026-10-03 02:24:17] ⚠️ 连续失败超限 → 继续但标记告警
[2026-10-03 02:24:23] ❌ beat fail (435/30): HTTP 403: {"error": "credential rejected", "reason": "credential_revoked", "fix": "检查 X-FSTDD-Token 是否为有效且未吊销的节点凭据；若遗失请联系管理节点(K)重新签发"}
[2026-10-03 02:24:23] ⚠️ 连续失败超限 → 继续但标记告警
[2026-10-03 02:24:30] ❌ beat fail (330/30): HTTP 403: {"error": "credential rejected", "reason": "credential_revoked", "fix": "检查 X-FSTDD-Token 是否为有效且未吊销的节点凭据；若遗失请联系管理节点(K)重新签发"}
[2026-10-03 02:24:30] ⚠️ 连续失败超限 → 继续但标记告警
[2026-10-03 02:24:32] ✅ beat ok: node_id=FSTDD003 last_seen=1790965471.7227478
[2026-10-03 02:25:18] ❌ beat fail (68/30): HTTP 403: {"error": "credential rejected", "reason": "credential_revoked", "fix": "检查 X-FSTDD-Token 是否为有效且未吊销的节点凭据；若遗失请联系管理节点(K)重新签发"}
[2026-10-03 02:25:18] ⚠️ 连续失败超限 → 继续但标记告警
[2026-10-03 02:25:23] ❌ beat fail (436/30): HTTP 403: {"error": "credential rejected", "reason": "credential_revoked", "fix": "检查 X-FSTDD-Token 是否为有效且未吊销的节点凭据；若遗失请联系管理节点(K)重新签发"}
[2026-10-03 02:25:23] ⚠️ 连续失败超限 → 继续但标记告警
[2026-10-03 02:25:31] ❌ beat fail (331/30): HTTP 403: {"error": "credential rejected", "reason": "credential_revoked", "fix": "检查 X-FSTDD-Token 是否为有效且未吊销的节点凭据；若遗失请联系管理节点(K)重新签发"}
[2026-10-03 02:25:31] ⚠️ 连续失败超限 → 继续但标记告警
[2026-10-03 02:25:33] ✅ beat ok: node_id=FSTDD003 last_seen=1790965532.8056066
[2026-10-03 02:26:19] ❌ beat fail (69/30): HTTP 403: {"error": "credential rejected", "reason": "credential_revoked", "fix": "检查 X-FSTDD-Token 是否为有效且未吊销的节点凭据；若遗失请联系管理节点(K)重新签发"}
[2026-10-03 02:26:19] ⚠️ 连续失败超限 → 继续但标记告警
[2026-10-03 02:26:24] ❌ beat fail (437/30): HTTP 403: {"error": "credential rejected", "reason": "credential_revoked", "fix": "检查 X-FSTDD-Token 是否为有效且未吊销的节点凭据；若遗失请联系管理节点(K)重新签发"}
[2026-10-03 02:26:24] ⚠️ 连续失败超限 → 继续但标记告警
[2026-10-03 02:26:32] ❌ beat fail (332/30): HTTP 403: {"error": "credential rejected", "reason": "credential_revoked", "fix": "检查 X-FSTDD-Token 是否为有效且未吊销的节点凭据；若遗失请联系管理节点(K)重新签发"}
[2026-10-03 02:26:32] ⚠️ 连续失败超限 → 继续但标记告警
[2026-10-03 02:26:34] ✅ beat ok: node_id=FSTDD003 last_seen=1790965593.879447
[2026-10-03 02:27:20] ❌ beat fail (70/30): HTTP 403: {"error": "credential rejected", "reason": "credential_revoked", "fix": "检查 X-FSTDD-Token 是否为有效且未吊销的节点凭据；若遗失请联系管理节点(K)重新签发"}
[2026-10-03 02:27:20] ⚠️ 连续失败超限 → 继续但标记告警
[2026-10-03 02:27:26] ❌ beat fail (438/30): HTTP 403: {"error": "credential rejected", "reason": "credential_revoked", "fix": "检查 X-FSTDD-Token 是否为有效且未吊销的节点凭据；若遗失请联系管理节点(K)重新签发"}
[2026-10-03 02:27:26] ⚠️ 连续失败超限 → 继续但标记告警
[2026-10-03 02:27:33] ❌ beat fail (333/30): HTTP 403: {"error": "credential rejected", "reason": "credential_revoked", "fix": "检查 X-FSTDD-Token 是否为有效且未吊销的节点凭据；若遗失请联系管理节点(K)重新签发"}
[2026-10-03 02:27:33] ⚠️ 连续失败超限 → 继续但标记告警
[2026-10-03 02:27:35] ✅ beat ok: node_id=FSTDD003 last_seen=1790965654.9489374
[2026-10-03 02:28:21] ❌ beat fail (71/30): HTTP 403: {"error": "credential rejected", "reason": "credential_revoked", "fix": "检查 X-FSTDD-Token 是否为有效且未吊销的节点凭据；若遗失请联系管理节点(K)重新签发"}
[2026-10-03 02:28:21] ⚠️ 连续失败超限 → 继续但标记告警
[2026-10-03 02:28:27] ❌ beat fail (439/30): HTTP 403: {"error": "credential rejected", "reason": "credential_revoked", "fix": "检查 X-FSTDD-Token 是否为有效且未吊销的节点凭据；若遗失请联系管理节点(K)重新签发"}
[2026-10-03 02:28:27] ⚠️ 连续失败超限 → 继续但标记告警
[2026-10-03 02:28:34] ❌ beat fail (334/30): HTTP 403: {"error": "credential rejected", "reason": "credential_revoked", "fix": "检查 X-FSTDD-Token 是否为有效且未吊销的节点凭据；若遗失请联系管理节点(K)重新签发"}
[2026-10-03 02:28:34] ⚠️ 连续失败超限 → 继续但标记告警
[2026-10-03 02:28:36] ✅ beat ok: node_id=FSTDD003 last_seen=1790965716.0313785
[2026-10-03 02:29:23] ❌ beat fail (72/30): HTTP 403: {"error": "credential rejected", "reason": "credential_revoked", "fix": "检查 X-FSTDD-Token 是否为有效且未吊销的节点凭据；若遗失请联系管理节点(K)重新签发"}
[2026-10-03 02:29:23] ⚠️ 连续失败超限 → 继续但标记告警
[2026-10-03 02:29:28] ❌ beat fail (440/30): HTTP 403: {"error": "credential rejected", "reason": "credential_revoked", "fix": "检查 X-FSTDD-Token 是否为有效且未吊销的节点凭据；若遗失请联系管理节点(K)重新签发"}
[2026-10-03 02:29:28] ⚠️ 连续失败超限 → 继续但标记告警
[2026-10-03 02:29:35] ❌ beat fail (335/30): HTTP 403: {"error": "credential rejected", "reason": "credential_revoked", "fix": "检查 X-FSTDD-Token 是否为有效且未吊销的节点凭据；若遗失请联系管理节点(K)重新签发"}
[2026-10-03 02:29:35] ⚠️ 连续失败超限 → 继续但标记告警
[2026-10-03 02:29:37] ✅ beat ok: node_id=FSTDD003 last_seen=1790965777.106876
[2026-10-03 02:30:24] ❌ beat fail (73/30): HTTP 403: {"error": "credential rejected", "reason": "credential_revoked", "fix": "检查 X-FSTDD-Token 是否为有效且未吊销的节点凭据；若遗失请联系管理节点(K)重新签发"}
[2026-10-03 02:30:24] ⚠️ 连续失败超限 → 继续但标记告警
[2026-10-03 02:30:29] ❌ beat fail (441/30): HTTP 403: {"error": "credential rejected", "reason": "credential_revoked", "fix": "检查 X-FSTDD-Token 是否为有效且未吊销的节点凭据；若遗失请联系管理节点(K)重新签发"}
[2026-10-03 02:30:29] ⚠️ 连续失败超限 → 继续但标记告警
[2026-10-03 02:30:37] ❌ beat fail (336/30): HTTP 403: {"error": "credential rejected", "reason": "credential_revoked", "fix": "检查 X-FSTDD-Token 是否为有效且未吊销的节点凭据；若遗失请联系管理节点(K)重新签发"}
[2026-10-03 02:30:37] ⚠️ 连续失败超限 → 继续但标记告警
[2026-10-03 02:30:38] ✅ beat ok: node_id=FSTDD003 last_seen=1790965838.1188977
[2026-10-03 02:31:25] ❌ beat fail (74/30): HTTP 403: {"error": "credential rejected", "reason": "credential_revoked", "fix": "检查 X-FSTDD-Token 是否为有效且未吊销的节点凭据；若遗失请联系管理节点(K)重新签发"}
[2026-10-03 02:31:25] ⚠️ 连续失败超限 → 继续但标记告警
[2026-10-03 02:31:29] ❌ beat fail (442/30): HTTP 403: {"error": "credential rejected", "reason": "credential_revoked", "fix": "检查 X-FSTDD-Token 是否为有效且未吊销的节点凭据；若遗失请联系管理节点(K)重新签发"}
[2026-10-03 02:31:29] ⚠️ 连续失败超限 → 继续但标记告警
[2026-10-03 02:31:38] ❌ beat fail (337/30): HTTP 403: {"error": "credential rejected", "reason": "credential_revoked", "fix": "检查 X-FSTDD-Token 是否为有效且未吊销的节点凭据；若遗失请联系管理节点(K)重新签发"}
[2026-10-03 02:31:38] ⚠️ 连续失败超限 → 继续但标记告警
[2026-10-03 02:31:39] ✅ beat ok: node_id=FSTDD003 last_seen=1790965899.2032037
[2026-10-03 02:32:26] ❌ beat fail (75/30): HTTP 403: {"error": "credential rejected", "reason": "credential_revoked", "fix": "检查 X-FSTDD-Token 是否为有效且未吊销的节点凭据；若遗失请联系管理节点(K)重新签发"}
[2026-10-03 02:32:26] ⚠️ 连续失败超限 → 继续但标记告警
[2026-10-03 02:32:30] ❌ beat fail (443/30): HTTP 403: {"error": "credential rejected", "reason": "credential_revoked", "fix": "检查 X-FSTDD-Token 是否为有效且未吊销的节点凭据；若遗失请联系管理节点(K)重新签发"}
[2026-10-03 02:32:30] ⚠️ 连续失败超限 → 继续但标记告警
[2026-10-03 02:32:39] ❌ beat fail (338/30): HTTP 403: {"error": "credential rejected", "reason": "credential_revoked", "fix": "检查 X-FSTDD-Token 是否为有效且未吊销的节点凭据；若遗失请联系管理节点(K)重新签发"}
[2026-10-03 02:32:39] ⚠️ 连续失败超限 → 继续但标记告警
[2026-10-03 02:32:40] ✅ beat ok: node_id=FSTDD003 last_seen=1790965960.6203895
[2026-10-03 02:33:27] ❌ beat fail (76/30): HTTP 403: {"error": "credential rejected", "reason": "credential_revoked", "fix": "检查 X-FSTDD-Token 是否为有效且未吊销的节点凭据；若遗失请联系管理节点(K)重新签发"}
[2026-10-03 02:33:27] ⚠️ 连续失败超限 → 继续但标记告警
[2026-10-03 02:33:32] ❌ beat fail (444/30): HTTP 403: {"error": "credential rejected", "reason": "credential_revoked", "fix": "检查 X-FSTDD-Token 是否为有效且未吊销的节点凭据；若遗失请联系管理节点(K)重新签发"}
[2026-10-03 02:33:32] ⚠️ 连续失败超限 → 继续但标记告警
[2026-10-03 02:33:40] ❌ beat fail (339/30): HTTP 403: {"error": "credential rejected", "reason": "credential_revoked", "fix": "检查 X-FSTDD-Token 是否为有效且未吊销的节点凭据；若遗失请联系管理节点(K)重新签发"}
[2026-10-03 02:33:40] ⚠️ 连续失败超限 → 继续但标记告警
[2026-10-03 02:33:42] ✅ beat ok: node_id=FSTDD003 last_seen=1790966022.0225463
[2026-10-03 02:34:28] ❌ beat fail (77/30): HTTP 403: {"error": "credential rejected", "reason": "credential_revoked", "fix": "检查 X-FSTDD-Token 是否为有效且未吊销的节点凭据；若遗失请联系管理节点(K)重新签发"}
[2026-10-03 02:34:28] ⚠️ 连续失败超限 → 继续但标记告警
[2026-10-03 02:34:32] ❌ beat fail (445/30): HTTP 403: {"error": "credential rejected", "reason": "credential_revoked", "fix": "检查 X-FSTDD-Token 是否为有效且未吊销的节点凭据；若遗失请联系管理节点(K)重新签发"}
[2026-10-03 02:34:32] ⚠️ 连续失败超限 → 继续但标记告警
[2026-10-03 02:34:41] ❌ beat fail (340/30): HTTP 403: {"error": "credential rejected", "reason": "credential_revoked", "fix": "检查 X-FSTDD-Token 是否为有效且未吊销的节点凭据；若遗失请联系管理节点(K)重新签发"}
[2026-10-03 02:34:41] ⚠️ 连续失败超限 → 继续但标记告警
[2026-10-03 02:34:43] ✅ beat ok: node_id=FSTDD003 last_seen=1790966082.8299513
[2026-10-03 02:35:29] ❌ beat fail (78/30): HTTP 403: {"error": "credential rejected", "reason": "credential_revoked", "fix": "检查 X-FSTDD-Token 是否为有效且未吊销的节点凭据；若遗失请联系管理节点(K)重新签发"}
[2026-10-03 02:35:29] ⚠️ 连续失败超限 → 继续但标记告警
[2026-10-03 02:35:33] ❌ beat fail (446/30): HTTP 403: {"error": "credential rejected", "reason": "credential_revoked", "fix": "检查 X-FSTDD-Token 是否为有效且未吊销的节点凭据；若遗失请联系管理节点(K)重新签发"}
[2026-10-03 02:35:33] ⚠️ 连续失败超限 → 继续但标记告警
[2026-10-03 02:35:42] ❌ beat fail (341/30): HTTP 403: {"error": "credential rejected", "reason": "credential_revoked", "fix": "检查 X-FSTDD-Token 是否为有效且未吊销的节点凭据；若遗失请联系管理节点(K)重新签发"}
[2026-10-03 02:35:42] ⚠️ 连续失败超限 → 继续但标记告警
[2026-10-03 02:35:44] ✅ beat ok: node_id=FSTDD003 last_seen=1790966143.9016778
[2026-10-03 02:36:30] ❌ beat fail (79/30): HTTP 403: {"error": "credential rejected", "reason": "credential_revoked", "fix": "检查 X-FSTDD-Token 是否为有效且未吊销的节点凭据；若遗失请联系管理节点(K)重新签发"}
[2026-10-03 02:36:30] ⚠️ 连续失败超限 → 继续但标记告警
[2026-10-03 02:36:34] ❌ beat fail (447/30): HTTP 403: {"error": "credential rejected", "reason": "credential_revoked", "fix": "检查 X-FSTDD-Token 是否为有效且未吊销的节点凭据；若遗失请联系管理节点(K)重新签发"}
[2026-10-03 02:36:34] ⚠️ 连续失败超限 → 继续但标记告警
[2026-10-03 02:36:43] ❌ beat fail (342/30): HTTP 403: {"error": "credential rejected", "reason": "credential_revoked", "fix": "检查 X-FSTDD-Token 是否为有效且未吊销的节点凭据；若遗失请联系管理节点(K)重新签发"}
[2026-10-03 02:36:43] ⚠️ 连续失败超限 → 继续但标记告警
[2026-10-03 02:36:45] ✅ beat ok: node_id=FSTDD003 last_seen=1790966204.9891608
[2026-10-03 02:37:31] ❌ beat fail (80/30): HTTP 403: {"error": "credential rejected", "reason": "credential_revoked", "fix": "检查 X-FSTDD-Token 是否为有效且未吊销的节点凭据；若遗失请联系管理节点(K)重新签发"}
[2026-10-03 02:37:31] ⚠️ 连续失败超限 → 继续但标记告警
[2026-10-03 02:37:35] ❌ beat fail (448/30): HTTP 403: {"error": "credential rejected", "reason": "credential_revoked", "fix": "检查 X-FSTDD-Token 是否为有效且未吊销的节点凭据；若遗失请联系管理节点(K)重新签发"}
[2026-10-03 02:37:35] ⚠️ 连续失败超限 → 继续但标记告警
[2026-10-03 02:37:44] ❌ beat fail (343/30): HTTP 403: {"error": "credential rejected", "reason": "credential_revoked", "fix": "检查 X-FSTDD-Token 是否为有效且未吊销的节点凭据；若遗失请联系管理节点(K)重新签发"}
[2026-10-03 02:37:44] ⚠️ 连续失败超限 → 继续但标记告警
[2026-10-03 02:37:46] ✅ beat ok: node_id=FSTDD003 last_seen=1790966266.0587776
[2026-10-03 02:38:32] ❌ beat fail (81/30): HTTP 403: {"error": "credential rejected", "reason": "credential_revoked", "fix": "检查 X-FSTDD-Token 是否为有效且未吊销的节点凭据；若遗失请联系管理节点(K)重新签发"}
[2026-10-03 02:38:32] ⚠️ 连续失败超限 → 继续但标记告警
[2026-10-03 02:38:36] ❌ beat fail (449/30): HTTP 403: {"error": "credential rejected", "reason": "credential_revoked", "fix": "检查 X-FSTDD-Token 是否为有效且未吊销的节点凭据；若遗失请联系管理节点(K)重新签发"}
[2026-10-03 02:38:36] ⚠️ 连续失败超限 → 继续但标记告警
[2026-10-03 02:38:45] ❌ beat fail (344/30): HTTP 403: {"error": "credential rejected", "reason": "credential_revoked", "fix": "检查 X-FSTDD-Token 是否为有效且未吊销的节点凭据；若遗失请联系管理节点(K)重新签发"}
[2026-10-03 02:38:45] ⚠️ 连续失败超限 → 继续但标记告警
[2026-10-03 02:38:47] ✅ beat ok: node_id=FSTDD003 last_seen=1790966327.1843238
[2026-10-03 02:39:32] ❌ beat fail (82/30): HTTP 403: {"error": "credential rejected", "reason": "credential_revoked", "fix": "检查 X-FSTDD-Token 是否为有效且未吊销的节点凭据；若遗失请联系管理节点(K)重新签发"}
[2026-10-03 02:39:32] ⚠️ 连续失败超限 → 继续但标记告警
[2026-10-03 02:39:38] ❌ beat fail (450/30): HTTP 403: {"error": "credential rejected", "reason": "credential_revoked", "fix": "检查 X-FSTDD-Token 是否为有效且未吊销的节点凭据；若遗失请联系管理节点(K)重新签发"}
[2026-10-03 02:39:38] ⚠️ 连续失败超限 → 继续但标记告警
[2026-10-03 02:39:46] ❌ beat fail (345/30): HTTP 403: {"error": "credential rejected", "reason": "credential_revoked", "fix": "检查 X-FSTDD-Token 是否为有效且未吊销的节点凭据；若遗失请联系管理节点(K)重新签发"}
[2026-10-03 02:39:46] ⚠️ 连续失败超限 → 继续但标记告警
[2026-10-03 02:39:48] ✅ beat ok: node_id=FSTDD003 last_seen=1790966388.2614052
[2026-10-03 02:40:34] ❌ beat fail (83/30): HTTP 403: {"error": "credential rejected", "reason": "credential_revoked", "fix": "检查 X-FSTDD-Token 是否为有效且未吊销的节点凭据；若遗失请联系管理节点(K)重新签发"}
[2026-10-03 02:40:34] ⚠️ 连续失败超限 → 继续但标记告警
[2026-10-03 02:40:39] ❌ beat fail (451/30): HTTP 403: {"error": "credential rejected", "reason": "credential_revoked", "fix": "检查 X-FSTDD-Token 是否为有效且未吊销的节点凭据；若遗失请联系管理节点(K)重新签发"}
[2026-10-03 02:40:39] ⚠️ 连续失败超限 → 继续但标记告警
[2026-10-03 02:40:47] ❌ beat fail (346/30): HTTP 403: {"error": "credential rejected", "reason": "credential_revoked", "fix": "检查 X-FSTDD-Token 是否为有效且未吊销的节点凭据；若遗失请联系管理节点(K)重新签发"}
[2026-10-03 02:40:47] ⚠️ 连续失败超限 → 继续但标记告警
[2026-10-03 02:40:49] ✅ beat ok: node_id=FSTDD003 last_seen=1790966449.346774
[2026-10-03 02:41:35] ❌ beat fail (84/30): HTTP 403: {"error": "credential rejected", "reason": "credential_revoked", "fix": "检查 X-FSTDD-Token 是否为有效且未吊销的节点凭据；若遗失请联系管理节点(K)重新签发"}
[2026-10-03 02:41:35] ⚠️ 连续失败超限 → 继续但标记告警
[2026-10-03 02:41:40] ❌ beat fail (452/30): HTTP 403: {"error": "credential rejected", "reason": "credential_revoked", "fix": "检查 X-FSTDD-Token 是否为有效且未吊销的节点凭据；若遗失请联系管理节点(K)重新签发"}
[2026-10-03 02:41:40] ⚠️ 连续失败超限 → 继续但标记告警
[2026-10-03 02:41:48] ❌ beat fail (347/30): HTTP 403: {"error": "credential rejected", "reason": "credential_revoked", "fix": "检查 X-FSTDD-Token 是否为有效且未吊销的节点凭据；若遗失请联系管理节点(K)重新签发"}
[2026-10-03 02:41:48] ⚠️ 连续失败超限 → 继续但标记告警
[2026-10-03 02:41:50] ✅ beat ok: node_id=FSTDD003 last_seen=1790966510.4321086
[2026-10-03 02:42:36] ❌ beat fail (85/30): HTTP 403: {"error": "credential rejected", "reason": "credential_revoked", "fix": "检查 X-FSTDD-Token 是否为有效且未吊销的节点凭据；若遗失请联系管理节点(K)重新签发"}
[2026-10-03 02:42:36] ⚠️ 连续失败超限 → 继续但标记告警
[2026-10-03 02:42:40] ❌ beat fail (453/30): HTTP 403: {"error": "credential rejected", "reason": "credential_revoked", "fix": "检查 X-FSTDD-Token 是否为有效且未吊销的节点凭据；若遗失请联系管理节点(K)重新签发"}
[2026-10-03 02:42:40] ⚠️ 连续失败超限 → 继续但标记告警
[2026-10-03 02:42:49] ❌ beat fail (348/30): HTTP 403: {"error": "credential rejected", "reason": "credential_revoked", "fix": "检查 X-FSTDD-Token 是否为有效且未吊销的节点凭据；若遗失请联系管理节点(K)重新签发"}
[2026-10-03 02:42:49] ⚠️ 连续失败超限 → 继续但标记告警
[2026-10-03 02:42:51] ✅ beat ok: node_id=FSTDD003 last_seen=1790966571.5292268
[2026-10-03 02:43:37] ❌ beat fail (86/30): HTTP 403: {"error": "credential rejected", "reason": "credential_revoked", "fix": "检查 X-FSTDD-Token 是否为有效且未吊销的节点凭据；若遗失请联系管理节点(K)重新签发"}
[2026-10-03 02:43:37] ⚠️ 连续失败超限 → 继续但标记告警
[2026-10-03 02:43:41] ❌ beat fail (454/30): HTTP 403: {"error": "credential rejected", "reason": "credential_revoked", "fix": "检查 X-FSTDD-Token 是否为有效且未吊销的节点凭据；若遗失请联系管理节点(K)重新签发"}
[2026-10-03 02:43:41] ⚠️ 连续失败超限 → 继续但标记告警
[2026-10-03 02:43:50] ❌ beat fail (349/30): HTTP 403: {"error": "credential rejected", "reason": "credential_revoked", "fix": "检查 X-FSTDD-Token 是否为有效且未吊销的节点凭据；若遗失请联系管理节点(K)重新签发"}
[2026-10-03 02:43:50] ⚠️ 连续失败超限 → 继续但标记告警
[2026-10-03 02:43:52] ✅ beat ok: node_id=FSTDD003 last_seen=1790966632.2576294
[2026-10-03 02:44:38] ❌ beat fail (87/30): HTTP 403: {"error": "credential rejected", "reason": "credential_revoked", "fix": "检查 X-FSTDD-Token 是否为有效且未吊销的节点凭据；若遗失请联系管理节点(K)重新签发"}
[2026-10-03 02:44:38] ⚠️ 连续失败超限 → 继续但标记告警
[2026-10-03 02:44:43] ❌ beat fail (455/30): HTTP 403: {"error": "credential rejected", "reason": "credential_revoked", "fix": "检查 X-FSTDD-Token 是否为有效且未吊销的节点凭据；若遗失请联系管理节点(K)重新签发"}
[2026-10-03 02:44:43] ⚠️ 连续失败超限 → 继续但标记告警
[2026-10-03 02:44:51] ❌ beat fail (350/30): HTTP 403: {"error": "credential rejected", "reason": "credential_revoked", "fix": "检查 X-FSTDD-Token 是否为有效且未吊销的节点凭据；若遗失请联系管理节点(K)重新签发"}
[2026-10-03 02:44:51] ⚠️ 连续失败超限 → 继续但标记告警
[2026-10-03 02:44:52] ✅ beat ok: node_id=FSTDD003 last_seen=1790966692.9504805
[2026-10-03 02:45:39] ❌ beat fail (88/30): HTTP 403: {"error": "credential rejected", "reason": "credential_revoked", "fix": "检查 X-FSTDD-Token 是否为有效且未吊销的节点凭据；若遗失请联系管理节点(K)重新签发"}
[2026-10-03 02:45:39] ⚠️ 连续失败超限 → 继续但标记告警
[2026-10-03 02:45:44] ❌ beat fail (456/30): HTTP 403: {"error": "credential rejected", "reason": "credential_revoked", "fix": "检查 X-FSTDD-Token 是否为有效且未吊销的节点凭据；若遗失请联系管理节点(K)重新签发"}
[2026-10-03 02:45:44] ⚠️ 连续失败超限 → 继续但标记告警
[2026-10-03 02:45:51] ❌ beat fail (351/30): HTTP 403: {"error": "credential rejected", "reason": "credential_revoked", "fix": "检查 X-FSTDD-Token 是否为有效且未吊销的节点凭据；若遗失请联系管理节点(K)重新签发"}
[2026-10-03 02:45:51] ⚠️ 连续失败超限 → 继续但标记告警
[2026-10-03 02:45:53] ✅ beat ok: node_id=FSTDD003 last_seen=1790966753.6434805
[2026-10-03 02:46:40] ❌ beat fail (89/30): HTTP 403: {"error": "credential rejected", "reason": "credential_revoked", "fix": "检查 X-FSTDD-Token 是否为有效且未吊销的节点凭据；若遗失请联系管理节点(K)重新签发"}
[2026-10-03 02:46:40] ⚠️ 连续失败超限 → 继续但标记告警
[2026-10-03 02:46:45] ❌ beat fail (457/30): HTTP 403: {"error": "credential rejected", "reason": "credential_revoked", "fix": "检查 X-FSTDD-Token 是否为有效且未吊销的节点凭据；若遗失请联系管理节点(K)重新签发"}
[2026-10-03 02:46:45] ⚠️ 连续失败超限 → 继续但标记告警
[2026-10-03 02:46:52] ❌ beat fail (352/30): HTTP 403: {"error": "credential rejected", "reason": "credential_revoked", "fix": "检查 X-FSTDD-Token 是否为有效且未吊销的节点凭据；若遗失请联系管理节点(K)重新签发"}
[2026-10-03 02:46:52] ⚠️ 连续失败超限 → 继续但标记告警
[2026-10-03 02:46:55] ✅ beat ok: node_id=FSTDD003 last_seen=1790966814.7076256
[2026-10-03 02:47:41] ❌ beat fail (90/30): HTTP 403: {"error": "credential rejected", "reason": "credential_revoked", "fix": "检查 X-FSTDD-Token 是否为有效且未吊销的节点凭据；若遗失请联系管理节点(K)重新签发"}
[2026-10-03 02:47:41] ⚠️ 连续失败超限 → 继续但标记告警
[2026-10-03 02:47:46] ❌ beat fail (458/30): HTTP 403: {"error": "credential rejected", "reason": "credential_revoked", "fix": "检查 X-FSTDD-Token 是否为有效且未吊销的节点凭据；若遗失请联系管理节点(K)重新签发"}
[2026-10-03 02:47:46] ⚠️ 连续失败超限 → 继续但标记告警
[2026-10-03 02:47:53] ❌ beat fail (353/30): HTTP 403: {"error": "credential rejected", "reason": "credential_revoked", "fix": "检查 X-FSTDD-Token 是否为有效且未吊销的节点凭据；若遗失请联系管理节点(K)重新签发"}
[2026-10-03 02:47:53] ⚠️ 连续失败超限 → 继续但标记告警
[2026-10-03 02:47:56] ✅ beat ok: node_id=FSTDD003 last_seen=1790966875.7904875
[2026-10-03 02:48:42] ❌ beat fail (91/30): HTTP 403: {"error": "credential rejected", "reason": "credential_revoked", "fix": "检查 X-FSTDD-Token 是否为有效且未吊销的节点凭据；若遗失请联系管理节点(K)重新签发"}
[2026-10-03 02:48:42] ⚠️ 连续失败超限 → 继续但标记告警
[2026-10-03 02:48:47] ❌ beat fail (459/30): HTTP 403: {"error": "credential rejected", "reason": "credential_revoked", "fix": "检查 X-FSTDD-Token 是否为有效且未吊销的节点凭据；若遗失请联系管理节点(K)重新签发"}
[2026-10-03 02:48:47] ⚠️ 连续失败超限 → 继续但标记告警
[2026-10-03 02:48:54] ❌ beat fail (354/30): HTTP 403: {"error": "credential rejected", "reason": "credential_revoked", "fix": "检查 X-FSTDD-Token 是否为有效且未吊销的节点凭据；若遗失请联系管理节点(K)重新签发"}
[2026-10-03 02:48:54] ⚠️ 连续失败超限 → 继续但标记告警
[2026-10-03 02:48:57] ✅ beat ok: node_id=FSTDD003 last_seen=1790966936.8706164
[2026-10-03 02:49:43] ❌ beat fail (92/30): HTTP 403: {"error": "credential rejected", "reason": "credential_revoked", "fix": "检查 X-FSTDD-Token 是否为有效且未吊销的节点凭据；若遗失请联系管理节点(K)重新签发"}
[2026-10-03 02:49:43] ⚠️ 连续失败超限 → 继续但标记告警
[2026-10-03 02:49:48] ❌ beat fail (460/30): HTTP 403: {"error": "credential rejected", "reason": "credential_revoked", "fix": "检查 X-FSTDD-Token 是否为有效且未吊销的节点凭据；若遗失请联系管理节点(K)重新签发"}
[2026-10-03 02:49:48] ⚠️ 连续失败超限 → 继续但标记告警
[2026-10-03 02:49:55] ❌ beat fail (355/30): HTTP 403: {"error": "credential rejected", "reason": "credential_revoked", "fix": "检查 X-FSTDD-Token 是否为有效且未吊销的节点凭据；若遗失请联系管理节点(K)重新签发"}
[2026-10-03 02:49:55] ⚠️ 连续失败超限 → 继续但标记告警
[2026-10-03 02:49:57] ✅ beat ok: node_id=FSTDD003 last_seen=1790966997.9467733
[2026-10-03 02:50:44] ❌ beat fail (93/30): HTTP 403: {"error": "credential rejected", "reason": "credential_revoked", "fix": "检查 X-FSTDD-Token 是否为有效且未吊销的节点凭据；若遗失请联系管理节点(K)重新签发"}
[2026-10-03 02:50:44] ⚠️ 连续失败超限 → 继续但标记告警
[2026-10-03 02:50:49] ❌ beat fail (461/30): HTTP 403: {"error": "credential rejected", "reason": "credential_revoked", "fix": "检查 X-FSTDD-Token 是否为有效且未吊销的节点凭据；若遗失请联系管理节点(K)重新签发"}
[2026-10-03 02:50:49] ⚠️ 连续失败超限 → 继续但标记告警
[2026-10-03 02:50:56] ❌ beat fail (356/30): HTTP 403: {"error": "credential rejected", "reason": "credential_revoked", "fix": "检查 X-FSTDD-Token 是否为有效且未吊销的节点凭据；若遗失请联系管理节点(K)重新签发"}
[2026-10-03 02:50:56] ⚠️ 连续失败超限 → 继续但标记告警
[2026-10-03 02:50:58] ✅ beat ok: node_id=FSTDD003 last_seen=1790967058.6397808
[2026-10-03 02:51:45] ❌ beat fail (94/30): HTTP 403: {"error": "credential rejected", "reason": "credential_revoked", "fix": "检查 X-FSTDD-Token 是否为有效且未吊销的节点凭据；若遗失请联系管理节点(K)重新签发"}
[2026-10-03 02:51:45] ⚠️ 连续失败超限 → 继续但标记告警
[2026-10-03 02:51:50] ❌ beat fail (462/30): HTTP 403: {"error": "credential rejected", "reason": "credential_revoked", "fix": "检查 X-FSTDD-Token 是否为有效且未吊销的节点凭据；若遗失请联系管理节点(K)重新签发"}
[2026-10-03 02:51:50] ⚠️ 连续失败超限 → 继续但标记告警
[2026-10-03 02:51:57] ❌ beat fail (357/30): HTTP 403: {"error": "credential rejected", "reason": "credential_revoked", "fix": "检查 X-FSTDD-Token 是否为有效且未吊销的节点凭据；若遗失请联系管理节点(K)重新签发"}
[2026-10-03 02:51:57] ⚠️ 连续失败超限 → 继续但标记告警
[2026-10-03 02:51:59] ✅ beat ok: node_id=FSTDD003 last_seen=1790967119.709173
[2026-10-03 02:52:46] ❌ beat fail (95/30): HTTP 403: {"error": "credential rejected", "reason": "credential_revoked", "fix": "检查 X-FSTDD-Token 是否为有效且未吊销的节点凭据；若遗失请联系管理节点(K)重新签发"}
[2026-10-03 02:52:46] ⚠️ 连续失败超限 → 继续但标记告警
[2026-10-03 02:52:51] ❌ beat fail (463/30): HTTP 403: {"error": "credential rejected", "reason": "credential_revoked", "fix": "检查 X-FSTDD-Token 是否为有效且未吊销的节点凭据；若遗失请联系管理节点(K)重新签发"}
[2026-10-03 02:52:51] ⚠️ 连续失败超限 → 继续但标记告警
[2026-10-03 02:52:57] ❌ beat fail (358/30): HTTP 403: {"error": "credential rejected", "reason": "credential_revoked", "fix": "检查 X-FSTDD-Token 是否为有效且未吊销的节点凭据；若遗失请联系管理节点(K)重新签发"}
[2026-10-03 02:52:57] ⚠️ 连续失败超限 → 继续但标记告警
[2026-10-03 02:53:00] ✅ beat ok: node_id=FSTDD003 last_seen=1790967180.404985
[2026-10-03 02:53:47] ❌ beat fail (96/30): HTTP 403: {"error": "credential rejected", "reason": "credential_revoked", "fix": "检查 X-FSTDD-Token 是否为有效且未吊销的节点凭据；若遗失请联系管理节点(K)重新签发"}
[2026-10-03 02:53:47] ⚠️ 连续失败超限 → 继续但标记告警
[2026-10-03 02:53:52] ❌ beat fail (464/30): HTTP 403: {"error": "credential rejected", "reason": "credential_revoked", "fix": "检查 X-FSTDD-Token 是否为有效且未吊销的节点凭据；若遗失请联系管理节点(K)重新签发"}
[2026-10-03 02:53:52] ⚠️ 连续失败超限 → 继续但标记告警
[2026-10-03 02:53:58] ❌ beat fail (359/30): HTTP 403: {"error": "credential rejected", "reason": "credential_revoked", "fix": "检查 X-FSTDD-Token 是否为有效且未吊销的节点凭据；若遗失请联系管理节点(K)重新签发"}
[2026-10-03 02:53:58] ⚠️ 连续失败超限 → 继续但标记告警
[2026-10-03 02:54:01] ✅ beat ok: node_id=FSTDD003 last_seen=1790967241.0974796
[2026-10-03 02:54:48] ❌ beat fail (97/30): HTTP 403: {"error": "credential rejected", "reason": "credential_revoked", "fix": "检查 X-FSTDD-Token 是否为有效且未吊销的节点凭据；若遗失请联系管理节点(K)重新签发"}
[2026-10-03 02:54:48] ⚠️ 连续失败超限 → 继续但标记告警
[2026-10-03 02:54:52] ❌ beat fail (465/30): HTTP 403: {"error": "credential rejected", "reason": "credential_revoked", "fix": "检查 X-FSTDD-Token 是否为有效且未吊销的节点凭据；若遗失请联系管理节点(K)重新签发"}
[2026-10-03 02:54:52] ⚠️ 连续失败超限 → 继续但标记告警
[2026-10-03 02:54:59] ❌ beat fail (360/30): HTTP 403: {"error": "credential rejected", "reason": "credential_revoked", "fix": "检查 X-FSTDD-Token 是否为有效且未吊销的节点凭据；若遗失请联系管理节点(K)重新签发"}
[2026-10-03 02:54:59] ⚠️ 连续失败超限 → 继续但标记告警
[2026-10-03 02:55:02] ✅ beat ok: node_id=FSTDD003 last_seen=1790967301.7884555
[2026-10-03 02:55:49] ❌ beat fail (98/30): HTTP 403: {"error": "credential rejected", "reason": "credential_revoked", "fix": "检查 X-FSTDD-Token 是否为有效且未吊销的节点凭据；若遗失请联系管理节点(K)重新签发"}
[2026-10-03 02:55:49] ⚠️ 连续失败超限 → 继续但标记告警
[2026-10-03 02:55:54] ❌ beat fail (466/30): HTTP 403: {"error": "credential rejected", "reason": "credential_revoked", "fix": "检查 X-FSTDD-Token 是否为有效且未吊销的节点凭据；若遗失请联系管理节点(K)重新签发"}
[2026-10-03 02:55:54] ⚠️ 连续失败超限 → 继续但标记告警
[2026-10-03 02:56:01] ❌ beat fail (361/30): HTTP 403: {"error": "credential rejected", "reason": "credential_revoked", "fix": "检查 X-FSTDD-Token 是否为有效且未吊销的节点凭据；若遗失请联系管理节点(K)重新签发"}
[2026-10-03 02:56:01] ⚠️ 连续失败超限 → 继续但标记告警
[2026-10-03 02:56:03] ✅ beat ok: node_id=FSTDD003 last_seen=1790967362.8632448
[2026-10-03 02:56:50] ❌ beat fail (99/30): HTTP 403: {"error": "credential rejected", "reason": "credential_revoked", "fix": "检查 X-FSTDD-Token 是否为有效且未吊销的节点凭据；若遗失请联系管理节点(K)重新签发"}
[2026-10-03 02:56:50] ⚠️ 连续失败超限 → 继续但标记告警
[2026-10-03 02:56:55] ❌ beat fail (467/30): HTTP 403: {"error": "credential rejected", "reason": "credential_revoked", "fix": "检查 X-FSTDD-Token 是否为有效且未吊销的节点凭据；若遗失请联系管理节点(K)重新签发"}
[2026-10-03 02:56:55] ⚠️ 连续失败超限 → 继续但标记告警
[2026-10-03 02:57:02] ❌ beat fail (362/30): HTTP 403: {"error": "credential rejected", "reason": "credential_revoked", "fix": "检查 X-FSTDD-Token 是否为有效且未吊销的节点凭据；若遗失请联系管理节点(K)重新签发"}
[2026-10-03 02:57:02] ⚠️ 连续失败超限 → 继续但标记告警
[2026-10-03 02:57:04] ✅ beat ok: node_id=FSTDD003 last_seen=1790967423.932784
[2026-10-03 02:57:51] ❌ beat fail (100/30): HTTP 403: {"error": "credential rejected", "reason": "credential_revoked", "fix": "检查 X-FSTDD-Token 是否为有效且未吊销的节点凭据；若遗失请联系管理节点(K)重新签发"}
[2026-10-03 02:57:51] ⚠️ 连续失败超限 → 继续但标记告警
[2026-10-03 02:57:56] ❌ beat fail (468/30): HTTP 403: {"error": "credential rejected", "reason": "credential_revoked", "fix": "检查 X-FSTDD-Token 是否为有效且未吊销的节点凭据；若遗失请联系管理节点(K)重新签发"}
[2026-10-03 02:57:56] ⚠️ 连续失败超限 → 继续但标记告警
[2026-10-03 02:58:02] ❌ beat fail (363/30): HTTP 403: {"error": "credential rejected", "reason": "credential_revoked", "fix": "检查 X-FSTDD-Token 是否为有效且未吊销的节点凭据；若遗失请联系管理节点(K)重新签发"}
[2026-10-03 02:58:02] ⚠️ 连续失败超限 → 继续但标记告警
[2026-10-03 02:58:04] ✅ beat ok: node_id=FSTDD003 last_seen=1790967485.0006118
[2026-10-03 02:58:52] ❌ beat fail (101/30): HTTP 403: {"error": "credential rejected", "reason": "credential_revoked", "fix": "检查 X-FSTDD-Token 是否为有效且未吊销的节点凭据；若遗失请联系管理节点(K)重新签发"}
[2026-10-03 02:58:52] ⚠️ 连续失败超限 → 继续但标记告警
[2026-10-03 02:58:56] ❌ beat fail (469/30): HTTP 403: {"error": "credential rejected", "reason": "credential_revoked", "fix": "检查 X-FSTDD-Token 是否为有效且未吊销的节点凭据；若遗失请联系管理节点(K)重新签发"}
[2026-10-03 02:58:56] ⚠️ 连续失败超限 → 继续但标记告警
[2026-10-03 02:59:03] ❌ beat fail (364/30): HTTP 403: {"error": "credential rejected", "reason": "credential_revoked", "fix": "检查 X-FSTDD-Token 是否为有效且未吊销的节点凭据；若遗失请联系管理节点(K)重新签发"}
[2026-10-03 02:59:03] ⚠️ 连续失败超限 → 继续但标记告警
[2026-10-03 02:59:06] ✅ beat ok: node_id=FSTDD003 last_seen=1790967545.6929116
[2026-10-03 02:59:53] ❌ beat fail (102/30): HTTP 403: {"error": "credential rejected", "reason": "credential_revoked", "fix": "检查 X-FSTDD-Token 是否为有效且未吊销的节点凭据；若遗失请联系管理节点(K)重新签发"}
[2026-10-03 02:59:53] ⚠️ 连续失败超限 → 继续但标记告警
[2026-10-03 02:59:57] ❌ beat fail (470/30): HTTP 403: {"error": "credential rejected", "reason": "credential_revoked", "fix": "检查 X-FSTDD-Token 是否为有效且未吊销的节点凭据；若遗失请联系管理节点(K)重新签发"}
[2026-10-03 02:59:57] ⚠️ 连续失败超限 → 继续但标记告警
[2026-10-03 03:00:04] ❌ beat fail (365/30): HTTP 403: {"error": "credential rejected", "reason": "credential_revoked", "fix": "检查 X-FSTDD-Token 是否为有效且未吊销的节点凭据；若遗失请联系管理节点(K)重新签发"}
[2026-10-03 03:00:04] ⚠️ 连续失败超限 → 继续但标记告警
[2026-10-03 03:00:07] ✅ beat ok: node_id=FSTDD003 last_seen=1790967606.7696133
[2026-10-03 03:00:55] ❌ beat fail (103/30): HTTP 403: {"error": "credential rejected", "reason": "credential_revoked", "fix": "检查 X-FSTDD-Token 是否为有效且未吊销的节点凭据；若遗失请联系管理节点(K)重新签发"}
[2026-10-03 03:00:55] ⚠️ 连续失败超限 → 继续但标记告警
[2026-10-03 03:00:58] ❌ beat fail (471/30): HTTP 403: {"error": "credential rejected", "reason": "credential_revoked", "fix": "检查 X-FSTDD-Token 是否为有效且未吊销的节点凭据；若遗失请联系管理节点(K)重新签发"}
[2026-10-03 03:00:58] ⚠️ 连续失败超限 → 继续但标记告警
[2026-10-03 03:01:05] ❌ beat fail (366/30): HTTP 403: {"error": "credential rejected", "reason": "credential_revoked", "fix": "检查 X-FSTDD-Token 是否为有效且未吊销的节点凭据；若遗失请联系管理节点(K)重新签发"}
[2026-10-03 03:01:05] ⚠️ 连续失败超限 → 继续但标记告警
[2026-10-03 03:01:08] ✅ beat ok: node_id=FSTDD003 last_seen=1790967667.8540404
[2026-10-03 03:01:56] ❌ beat fail (104/30): HTTP 403: {"error": "credential rejected", "reason": "credential_revoked", "fix": "检查 X-FSTDD-Token 是否为有效且未吊销的节点凭据；若遗失请联系管理节点(K)重新签发"}
[2026-10-03 03:01:56] ⚠️ 连续失败超限 → 继续但标记告警
[2026-10-03 03:01:59] ❌ beat fail (472/30): HTTP 403: {"error": "credential rejected", "reason": "credential_revoked", "fix": "检查 X-FSTDD-Token 是否为有效且未吊销的节点凭据；若遗失请联系管理节点(K)重新签发"}
[2026-10-03 03:01:59] ⚠️ 连续失败超限 → 继续但标记告警
[2026-10-03 03:02:05] ❌ beat fail (367/30): HTTP 403: {"error": "credential rejected", "reason": "credential_revoked", "fix": "检查 X-FSTDD-Token 是否为有效且未吊销的节点凭据；若遗失请联系管理节点(K)重新签发"}
[2026-10-03 03:02:05] ⚠️ 连续失败超限 → 继续但标记告警
[2026-10-03 03:02:09] ✅ beat ok: node_id=FSTDD003 last_seen=1790967728.9226515
[2026-10-03 03:02:57] ❌ beat fail (105/30): HTTP 403: {"error": "credential rejected", "reason": "credential_revoked", "fix": "检查 X-FSTDD-Token 是否为有效且未吊销的节点凭据；若遗失请联系管理节点(K)重新签发"}
[2026-10-03 03:02:57] ⚠️ 连续失败超限 → 继续但标记告警
[2026-10-03 03:03:00] ❌ beat fail (473/30): HTTP 403: {"error": "credential rejected", "reason": "credential_revoked", "fix": "检查 X-FSTDD-Token 是否为有效且未吊销的节点凭据；若遗失请联系管理节点(K)重新签发"}
[2026-10-03 03:03:00] ⚠️ 连续失败超限 → 继续但标记告警
[2026-10-03 03:03:06] ❌ beat fail (368/30): HTTP 403: {"error": "credential rejected", "reason": "credential_revoked", "fix": "检查 X-FSTDD-Token 是否为有效且未吊销的节点凭据；若遗失请联系管理节点(K)重新签发"}
[2026-10-03 03:03:06] ⚠️ 连续失败超限 → 继续但标记告警
[2026-10-03 03:03:10] ✅ beat ok: node_id=FSTDD003 last_seen=1790967789.9905708
[2026-10-03 03:03:58] ❌ beat fail (106/30): HTTP 403: {"error": "credential rejected", "reason": "credential_revoked", "fix": "检查 X-FSTDD-Token 是否为有效且未吊销的节点凭据；若遗失请联系管理节点(K)重新签发"}
[2026-10-03 03:03:58] ⚠️ 连续失败超限 → 继续但标记告警
[2026-10-03 03:04:01] ❌ beat fail (474/30): HTTP 403: {"error": "credential rejected", "reason": "credential_revoked", "fix": "检查 X-FSTDD-Token 是否为有效且未吊销的节点凭据；若遗失请联系管理节点(K)重新签发"}
[2026-10-03 03:04:01] ⚠️ 连续失败超限 → 继续但标记告警
[2026-10-03 03:04:08] ❌ beat fail (369/30): HTTP 403: {"error": "credential rejected", "reason": "credential_revoked", "fix": "检查 X-FSTDD-Token 是否为有效且未吊销的节点凭据；若遗失请联系管理节点(K)重新签发"}
[2026-10-03 03:04:08] ⚠️ 连续失败超限 → 继续但标记告警
[2026-10-03 03:04:11] ✅ beat ok: node_id=FSTDD003 last_seen=1790967851.0686128
[2026-10-03 03:04:59] ❌ beat fail (107/30): HTTP 403: {"error": "credential rejected", "reason": "credential_revoked", "fix": "检查 X-FSTDD-Token 是否为有效且未吊销的节点凭据；若遗失请联系管理节点(K)重新签发"}
[2026-10-03 03:04:59] ⚠️ 连续失败超限 → 继续但标记告警
[2026-10-03 03:05:02] ❌ beat fail (475/30): HTTP 403: {"error": "credential rejected", "reason": "credential_revoked", "fix": "检查 X-FSTDD-Token 是否为有效且未吊销的节点凭据；若遗失请联系管理节点(K)重新签发"}
[2026-10-03 03:05:02] ⚠️ 连续失败超限 → 继续但标记告警
[2026-10-03 03:05:08] ❌ beat fail (370/30): HTTP 403: {"error": "credential rejected", "reason": "credential_revoked", "fix": "检查 X-FSTDD-Token 是否为有效且未吊销的节点凭据；若遗失请联系管理节点(K)重新签发"}
[2026-10-03 03:05:08] ⚠️ 连续失败超限 → 继续但标记告警
[2026-10-03 03:05:12] ✅ beat ok: node_id=FSTDD003 last_seen=1790967911.7679305
[2026-10-03 03:06:00] ❌ beat fail (108/30): HTTP 403: {"error": "credential rejected", "reason": "credential_revoked", "fix": "检查 X-FSTDD-Token 是否为有效且未吊销的节点凭据；若遗失请联系管理节点(K)重新签发"}
[2026-10-03 03:06:00] ⚠️ 连续失败超限 → 继续但标记告警
[2026-10-03 03:06:03] ❌ beat fail (476/30): HTTP 403: {"error": "credential rejected", "reason": "credential_revoked", "fix": "检查 X-FSTDD-Token 是否为有效且未吊销的节点凭据；若遗失请联系管理节点(K)重新签发"}
[2026-10-03 03:06:03] ⚠️ 连续失败超限 → 继续但标记告警
[2026-10-03 03:06:09] ❌ beat fail (371/30): HTTP 403: {"error": "credential rejected", "reason": "credential_revoked", "fix": "检查 X-FSTDD-Token 是否为有效且未吊销的节点凭据；若遗失请联系管理节点(K)重新签发"}
[2026-10-03 03:06:09] ⚠️ 连续失败超限 → 继续但标记告警
[2026-10-03 03:06:13] ✅ beat ok: node_id=FSTDD003 last_seen=1790967972.8421032
[2026-10-03 03:07:01] ❌ beat fail (109/30): HTTP 403: {"error": "credential rejected", "reason": "credential_revoked", "fix": "检查 X-FSTDD-Token 是否为有效且未吊销的节点凭据；若遗失请联系管理节点(K)重新签发"}
[2026-10-03 03:07:01] ⚠️ 连续失败超限 → 继续但标记告警
[2026-10-03 03:07:04] ❌ beat fail (477/30): HTTP 403: {"error": "credential rejected", "reason": "credential_revoked", "fix": "检查 X-FSTDD-Token 是否为有效且未吊销的节点凭据；若遗失请联系管理节点(K)重新签发"}
[2026-10-03 03:07:04] ⚠️ 连续失败超限 → 继续但标记告警
[2026-10-03 03:07:10] ❌ beat fail (372/30): HTTP 403: {"error": "credential rejected", "reason": "credential_revoked", "fix": "检查 X-FSTDD-Token 是否为有效且未吊销的节点凭据；若遗失请联系管理节点(K)重新签发"}
[2026-10-03 03:07:10] ⚠️ 连续失败超限 → 继续但标记告警
[2026-10-03 03:07:14] ✅ beat ok: node_id=FSTDD003 last_seen=1790968033.92753
[2026-10-03 03:08:02] ❌ beat fail (110/30): HTTP 403: {"error": "credential rejected", "reason": "credential_revoked", "fix": "检查 X-FSTDD-Token 是否为有效且未吊销的节点凭据；若遗失请联系管理节点(K)重新签发"}
[2026-10-03 03:08:02] ⚠️ 连续失败超限 → 继续但标记告警
[2026-10-03 03:08:06] ❌ beat fail (478/30): HTTP 403: {"error": "credential rejected", "reason": "credential_revoked", "fix": "检查 X-FSTDD-Token 是否为有效且未吊销的节点凭据；若遗失请联系管理节点(K)重新签发"}
[2026-10-03 03:08:06] ⚠️ 连续失败超限 → 继续但标记告警
[2026-10-03 03:08:11] ❌ beat fail (373/30): HTTP 403: {"error": "credential rejected", "reason": "credential_revoked", "fix": "检查 X-FSTDD-Token 是否为有效且未吊销的节点凭据；若遗失请联系管理节点(K)重新签发"}
[2026-10-03 03:08:11] ⚠️ 连续失败超限 → 继续但标记告警
[2026-10-03 03:08:15] ✅ beat ok: node_id=FSTDD003 last_seen=1790968095.0008104
[2026-10-03 03:09:03] ❌ beat fail (111/30): HTTP 403: {"error": "credential rejected", "reason": "credential_revoked", "fix": "检查 X-FSTDD-Token 是否为有效且未吊销的节点凭据；若遗失请联系管理节点(K)重新签发"}
[2026-10-03 03:09:03] ⚠️ 连续失败超限 → 继续但标记告警
[2026-10-03 03:09:06] ❌ beat fail (479/30): HTTP 403: {"error": "credential rejected", "reason": "credential_revoked", "fix": "检查 X-FSTDD-Token 是否为有效且未吊销的节点凭据；若遗失请联系管理节点(K)重新签发"}
[2026-10-03 03:09:06] ⚠️ 连续失败超限 → 继续但标记告警
[2026-10-03 03:09:12] ❌ beat fail (374/30): HTTP 403: {"error": "credential rejected", "reason": "credential_revoked", "fix": "检查 X-FSTDD-Token 是否为有效且未吊销的节点凭据；若遗失请联系管理节点(K)重新签发"}
[2026-10-03 03:09:12] ⚠️ 连续失败超限 → 继续但标记告警
[2026-10-03 03:09:16] ✅ beat ok: node_id=FSTDD003 last_seen=1790968156.081912
[2026-10-03 03:10:04] ❌ beat fail (112/30): HTTP 403: {"error": "credential rejected", "reason": "credential_revoked", "fix": "检查 X-FSTDD-Token 是否为有效且未吊销的节点凭据；若遗失请联系管理节点(K)重新签发"}
[2026-10-03 03:10:04] ⚠️ 连续失败超限 → 继续但标记告警
[2026-10-03 03:10:07] ❌ beat fail (480/30): HTTP 403: {"error": "credential rejected", "reason": "credential_revoked", "fix": "检查 X-FSTDD-Token 是否为有效且未吊销的节点凭据；若遗失请联系管理节点(K)重新签发"}
[2026-10-03 03:10:07] ⚠️ 连续失败超限 → 继续但标记告警
[2026-10-03 03:10:13] ❌ beat fail (375/30): HTTP 403: {"error": "credential rejected", "reason": "credential_revoked", "fix": "检查 X-FSTDD-Token 是否为有效且未吊销的节点凭据；若遗失请联系管理节点(K)重新签发"}
[2026-10-03 03:10:13] ⚠️ 连续失败超限 → 继续但标记告警
[2026-10-03 03:10:17] ✅ beat ok: node_id=FSTDD003 last_seen=1790968217.1646273
[2026-10-03 03:11:05] ❌ beat fail (113/30): HTTP 403: {"error": "credential rejected", "reason": "credential_revoked", "fix": "检查 X-FSTDD-Token 是否为有效且未吊销的节点凭据；若遗失请联系管理节点(K)重新签发"}
[2026-10-03 03:11:05] ⚠️ 连续失败超限 → 继续但标记告警
[2026-10-03 03:11:08] ❌ beat fail (481/30): HTTP 403: {"error": "credential rejected", "reason": "credential_revoked", "fix": "检查 X-FSTDD-Token 是否为有效且未吊销的节点凭据；若遗失请联系管理节点(K)重新签发"}
[2026-10-03 03:11:08] ⚠️ 连续失败超限 → 继续但标记告警
[2026-10-03 03:11:14] ❌ beat fail (376/30): HTTP 403: {"error": "credential rejected", "reason": "credential_revoked", "fix": "检查 X-FSTDD-Token 是否为有效且未吊销的节点凭据；若遗失请联系管理节点(K)重新签发"}
[2026-10-03 03:11:14] ⚠️ 连续失败超限 → 继续但标记告警
[2026-10-03 03:11:18] ✅ beat ok: node_id=FSTDD003 last_seen=1790968278.2527697
[2026-10-03 03:12:06] ❌ beat fail (114/30): HTTP 403: {"error": "credential rejected", "reason": "credential_revoked", "fix": "检查 X-FSTDD-Token 是否为有效且未吊销的节点凭据；若遗失请联系管理节点(K)重新签发"}
[2026-10-03 03:12:06] ⚠️ 连续失败超限 → 继续但标记告警
[2026-10-03 03:12:09] ❌ beat fail (482/30): HTTP 403: {"error": "credential rejected", "reason": "credential_revoked", "fix": "检查 X-FSTDD-Token 是否为有效且未吊销的节点凭据；若遗失请联系管理节点(K)重新签发"}
[2026-10-03 03:12:09] ⚠️ 连续失败超限 → 继续但标记告警
[2026-10-03 03:12:15] ❌ beat fail (377/30): HTTP 403: {"error": "credential rejected", "reason": "credential_revoked", "fix": "检查 X-FSTDD-Token 是否为有效且未吊销的节点凭据；若遗失请联系管理节点(K)重新签发"}
[2026-10-03 03:12:15] ⚠️ 连续失败超限 → 继续但标记告警
[2026-10-03 03:12:19] ✅ beat ok: node_id=FSTDD003 last_seen=1790968339.3336575
[2026-10-03 03:13:07] ❌ beat fail (115/30): HTTP 403: {"error": "credential rejected", "reason": "credential_revoked", "fix": "检查 X-FSTDD-Token 是否为有效且未吊销的节点凭据；若遗失请联系管理节点(K)重新签发"}
[2026-10-03 03:13:07] ⚠️ 连续失败超限 → 继续但标记告警
[2026-10-03 03:13:09] ❌ beat fail (483/30): HTTP 403: {"error": "credential rejected", "reason": "credential_revoked", "fix": "检查 X-FSTDD-Token 是否为有效且未吊销的节点凭据；若遗失请联系管理节点(K)重新签发"}
[2026-10-03 03:13:09] ⚠️ 连续失败超限 → 继续但标记告警
[2026-10-03 03:13:16] ❌ beat fail (378/30): HTTP 403: {"error": "credential rejected", "reason": "credential_revoked", "fix": "检查 X-FSTDD-Token 是否为有效且未吊销的节点凭据；若遗失请联系管理节点(K)重新签发"}
[2026-10-03 03:13:16] ⚠️ 连续失败超限 → 继续但标记告警
[2026-10-03 03:13:20] ✅ beat ok: node_id=FSTDD003 last_seen=1790968400.4068298
[2026-10-03 03:14:08] ❌ beat fail (116/30): HTTP 403: {"error": "credential rejected", "reason": "credential_revoked", "fix": "检查 X-FSTDD-Token 是否为有效且未吊销的节点凭据；若遗失请联系管理节点(K)重新签发"}
[2026-10-03 03:14:08] ⚠️ 连续失败超限 → 继续但标记告警
[2026-10-03 03:14:10] ❌ beat fail (484/30): HTTP 403: {"error": "credential rejected", "reason": "credential_revoked", "fix": "检查 X-FSTDD-Token 是否为有效且未吊销的节点凭据；若遗失请联系管理节点(K)重新签发"}
[2026-10-03 03:14:10] ⚠️ 连续失败超限 → 继续但标记告警
[2026-10-03 03:14:17] ❌ beat fail (379/30): HTTP 403: {"error": "credential rejected", "reason": "credential_revoked", "fix": "检查 X-FSTDD-Token 是否为有效且未吊销的节点凭据；若遗失请联系管理节点(K)重新签发"}
[2026-10-03 03:14:17] ⚠️ 连续失败超限 → 继续但标记告警
[2026-10-03 03:14:21] ✅ beat ok: node_id=FSTDD003 last_seen=1790968461.4862878
[2026-10-03 03:15:09] ❌ beat fail (117/30): HTTP 403: {"error": "credential rejected", "reason": "credential_revoked", "fix": "检查 X-FSTDD-Token 是否为有效且未吊销的节点凭据；若遗失请联系管理节点(K)重新签发"}
[2026-10-03 03:15:09] ⚠️ 连续失败超限 → 继续但标记告警
[2026-10-03 03:15:11] ❌ beat fail (485/30): HTTP 403: {"error": "credential rejected", "reason": "credential_revoked", "fix": "检查 X-FSTDD-Token 是否为有效且未吊销的节点凭据；若遗失请联系管理节点(K)重新签发"}
[2026-10-03 03:15:11] ⚠️ 连续失败超限 → 继续但标记告警
[2026-10-03 03:15:18] ❌ beat fail (380/30): HTTP 403: {"error": "credential rejected", "reason": "credential_revoked", "fix": "检查 X-FSTDD-Token 是否为有效且未吊销的节点凭据；若遗失请联系管理节点(K)重新签发"}
[2026-10-03 03:15:18] ⚠️ 连续失败超限 → 继续但标记告警
[2026-10-03 03:15:22] ✅ beat ok: node_id=FSTDD003 last_seen=1790968522.557599
[2026-10-03 03:16:10] ❌ beat fail (118/30): HTTP 403: {"error": "credential rejected", "reason": "credential_revoked", "fix": "检查 X-FSTDD-Token 是否为有效且未吊销的节点凭据；若遗失请联系管理节点(K)重新签发"}
[2026-10-03 03:16:10] ⚠️ 连续失败超限 → 继续但标记告警
[2026-10-03 03:16:13] ❌ beat fail (486/30): HTTP 403: {"error": "credential rejected", "reason": "credential_revoked", "fix": "检查 X-FSTDD-Token 是否为有效且未吊销的节点凭据；若遗失请联系管理节点(K)重新签发"}
[2026-10-03 03:16:13] ⚠️ 连续失败超限 → 继续但标记告警
[2026-10-03 03:16:19] ❌ beat fail (381/30): HTTP 403: {"error": "credential rejected", "reason": "credential_revoked", "fix": "检查 X-FSTDD-Token 是否为有效且未吊销的节点凭据；若遗失请联系管理节点(K)重新签发"}
[2026-10-03 03:16:19] ⚠️ 连续失败超限 → 继续但标记告警
[2026-10-03 03:16:23] ✅ beat ok: node_id=FSTDD003 last_seen=1790968583.6233354
[2026-10-03 03:17:11] ❌ beat fail (119/30): HTTP 403: {"error": "credential rejected", "reason": "credential_revoked", "fix": "检查 X-FSTDD-Token 是否为有效且未吊销的节点凭据；若遗失请联系管理节点(K)重新签发"}
[2026-10-03 03:17:11] ⚠️ 连续失败超限 → 继续但标记告警
[2026-10-03 03:17:13] ❌ beat fail (487/30): HTTP 403: {"error": "credential rejected", "reason": "credential_revoked", "fix": "检查 X-FSTDD-Token 是否为有效且未吊销的节点凭据；若遗失请联系管理节点(K)重新签发"}
[2026-10-03 03:17:13] ⚠️ 连续失败超限 → 继续但标记告警
[2026-10-03 03:17:20] ❌ beat fail (382/30): HTTP 403: {"error": "credential rejected", "reason": "credential_revoked", "fix": "检查 X-FSTDD-Token 是否为有效且未吊销的节点凭据；若遗失请联系管理节点(K)重新签发"}
[2026-10-03 03:17:20] ⚠️ 连续失败超限 → 继续但标记告警
[2026-10-03 03:17:24] ✅ beat ok: node_id=FSTDD003 last_seen=1790968644.31367
[2026-10-03 03:18:12] ❌ beat fail (120/30): HTTP 403: {"error": "credential rejected", "reason": "credential_revoked", "fix": "检查 X-FSTDD-Token 是否为有效且未吊销的节点凭据；若遗失请联系管理节点(K)重新签发"}
[2026-10-03 03:18:12] ⚠️ 连续失败超限 → 继续但标记告警
[2026-10-03 03:18:14] ❌ beat fail (488/30): HTTP 403: {"error": "credential rejected", "reason": "credential_revoked", "fix": "检查 X-FSTDD-Token 是否为有效且未吊销的节点凭据；若遗失请联系管理节点(K)重新签发"}
[2026-10-03 03:18:14] ⚠️ 连续失败超限 → 继续但标记告警
[2026-10-03 03:18:21] ❌ beat fail (383/30): HTTP 403: {"error": "credential rejected", "reason": "credential_revoked", "fix": "检查 X-FSTDD-Token 是否为有效且未吊销的节点凭据；若遗失请联系管理节点(K)重新签发"}
[2026-10-03 03:18:21] ⚠️ 连续失败超限 → 继续但标记告警
[2026-10-03 03:18:25] ✅ beat ok: node_id=FSTDD003 last_seen=1790968705.3926728
[2026-10-03 03:19:13] ❌ beat fail (121/30): HTTP 403: {"error": "credential rejected", "reason": "credential_revoked", "fix": "检查 X-FSTDD-Token 是否为有效且未吊销的节点凭据；若遗失请联系管理节点(K)重新签发"}
[2026-10-03 03:19:13] ⚠️ 连续失败超限 → 继续但标记告警
[2026-10-03 03:19:15] ❌ beat fail (489/30): HTTP 403: {"error": "credential rejected", "reason": "credential_revoked", "fix": "检查 X-FSTDD-Token 是否为有效且未吊销的节点凭据；若遗失请联系管理节点(K)重新签发"}
[2026-10-03 03:19:15] ⚠️ 连续失败超限 → 继续但标记告警
[2026-10-03 03:19:22] ❌ beat fail (384/30): HTTP 403: {"error": "credential rejected", "reason": "credential_revoked", "fix": "检查 X-FSTDD-Token 是否为有效且未吊销的节点凭据；若遗失请联系管理节点(K)重新签发"}
[2026-10-03 03:19:22] ⚠️ 连续失败超限 → 继续但标记告警
[2026-10-03 03:19:26] ✅ beat ok: node_id=FSTDD003 last_seen=1790968766.4706602
[2026-10-03 03:20:14] ❌ beat fail (122/30): HTTP 403: {"error": "credential rejected", "reason": "credential_revoked", "fix": "检查 X-FSTDD-Token 是否为有效且未吊销的节点凭据；若遗失请联系管理节点(K)重新签发"}
[2026-10-03 03:20:14] ⚠️ 连续失败超限 → 继续但标记告警
[2026-10-03 03:20:16] ❌ beat fail (490/30): HTTP 403: {"error": "credential rejected", "reason": "credential_revoked", "fix": "检查 X-FSTDD-Token 是否为有效且未吊销的节点凭据；若遗失请联系管理节点(K)重新签发"}
[2026-10-03 03:20:16] ⚠️ 连续失败超限 → 继续但标记告警
[2026-10-03 03:20:23] ❌ beat fail (385/30): HTTP 403: {"error": "credential rejected", "reason": "credential_revoked", "fix": "检查 X-FSTDD-Token 是否为有效且未吊销的节点凭据；若遗失请联系管理节点(K)重新签发"}
[2026-10-03 03:20:23] ⚠️ 连续失败超限 → 继续但标记告警
[2026-10-03 03:20:27] ✅ beat ok: node_id=FSTDD003 last_seen=1790968827.5488608
[2026-10-03 03:21:15] ❌ beat fail (123/30): HTTP 403: {"error": "credential rejected", "reason": "credential_revoked", "fix": "检查 X-FSTDD-Token 是否为有效且未吊销的节点凭据；若遗失请联系管理节点(K)重新签发"}
[2026-10-03 03:21:15] ⚠️ 连续失败超限 → 继续但标记告警
[2026-10-03 03:21:18] ❌ beat fail (491/30): HTTP 403: {"error": "credential rejected", "reason": "credential_revoked", "fix": "检查 X-FSTDD-Token 是否为有效且未吊销的节点凭据；若遗失请联系管理节点(K)重新签发"}
[2026-10-03 03:21:18] ⚠️ 连续失败超限 → 继续但标记告警
[2026-10-03 03:21:25] ❌ beat fail (386/30): HTTP 403: {"error": "credential rejected", "reason": "credential_revoked", "fix": "检查 X-FSTDD-Token 是否为有效且未吊销的节点凭据；若遗失请联系管理节点(K)重新签发"}
[2026-10-03 03:21:25] ⚠️ 连续失败超限 → 继续但标记告警
[2026-10-03 03:21:28] ✅ beat ok: node_id=FSTDD003 last_seen=1790968888.6248772
[2026-10-03 03:22:16] ❌ beat fail (124/30): HTTP 403: {"error": "credential rejected", "reason": "credential_revoked", "fix": "检查 X-FSTDD-Token 是否为有效且未吊销的节点凭据；若遗失请联系管理节点(K)重新签发"}
[2026-10-03 03:22:16] ⚠️ 连续失败超限 → 继续但标记告警
[2026-10-03 03:22:18] ❌ beat fail (492/30): HTTP 403: {"error": "credential rejected", "reason": "credential_revoked", "fix": "检查 X-FSTDD-Token 是否为有效且未吊销的节点凭据；若遗失请联系管理节点(K)重新签发"}
[2026-10-03 03:22:18] ⚠️ 连续失败超限 → 继续但标记告警
[2026-10-03 03:22:26] ❌ beat fail (387/30): HTTP 403: {"error": "credential rejected", "reason": "credential_revoked", "fix": "检查 X-FSTDD-Token 是否为有效且未吊销的节点凭据；若遗失请联系管理节点(K)重新签发"}
[2026-10-03 03:22:26] ⚠️ 连续失败超限 → 继续但标记告警
[2026-10-03 03:22:29] ✅ beat ok: node_id=FSTDD003 last_seen=1790968949.3192823
[2026-10-03 03:23:17] ❌ beat fail (125/30): HTTP 403: {"error": "credential rejected", "reason": "credential_revoked", "fix": "检查 X-FSTDD-Token 是否为有效且未吊销的节点凭据；若遗失请联系管理节点(K)重新签发"}
[2026-10-03 03:23:17] ⚠️ 连续失败超限 → 继续但标记告警
[2026-10-03 03:23:19] ❌ beat fail (493/30): HTTP 403: {"error": "credential rejected", "reason": "credential_revoked", "fix": "检查 X-FSTDD-Token 是否为有效且未吊销的节点凭据；若遗失请联系管理节点(K)重新签发"}
[2026-10-03 03:23:19] ⚠️ 连续失败超限 → 继续但标记告警
[2026-10-03 03:23:27] ❌ beat fail (388/30): HTTP 403: {"error": "credential rejected", "reason": "credential_revoked", "fix": "检查 X-FSTDD-Token 是否为有效且未吊销的节点凭据；若遗失请联系管理节点(K)重新签发"}
[2026-10-03 03:23:27] ⚠️ 连续失败超限 → 继续但标记告警
[2026-10-03 03:23:30] ✅ beat ok: node_id=FSTDD003 last_seen=1790969010.007992
[2026-10-03 03:24:18] ❌ beat fail (126/30): HTTP 403: {"error": "credential rejected", "reason": "credential_revoked", "fix": "检查 X-FSTDD-Token 是否为有效且未吊销的节点凭据；若遗失请联系管理节点(K)重新签发"}
[2026-10-03 03:24:18] ⚠️ 连续失败超限 → 继续但标记告警
[2026-10-03 03:24:20] ❌ beat fail (494/30): HTTP 403: {"error": "credential rejected", "reason": "credential_revoked", "fix": "检查 X-FSTDD-Token 是否为有效且未吊销的节点凭据；若遗失请联系管理节点(K)重新签发"}
[2026-10-03 03:24:20] ⚠️ 连续失败超限 → 继续但标记告警
[2026-10-03 03:24:27] ❌ beat fail (389/30): HTTP 403: {"error": "credential rejected", "reason": "credential_revoked", "fix": "检查 X-FSTDD-Token 是否为有效且未吊销的节点凭据；若遗失请联系管理节点(K)重新签发"}
[2026-10-03 03:24:27] ⚠️ 连续失败超限 → 继续但标记告警
[2026-10-03 03:24:31] ✅ beat ok: node_id=FSTDD003 last_seen=1790969071.0868733
[2026-10-03 03:25:19] ❌ beat fail (127/30): HTTP 403: {"error": "credential rejected", "reason": "credential_revoked", "fix": "检查 X-FSTDD-Token 是否为有效且未吊销的节点凭据；若遗失请联系管理节点(K)重新签发"}
[2026-10-03 03:25:19] ⚠️ 连续失败超限 → 继续但标记告警
[2026-10-03 03:25:21] ❌ beat fail (495/30): HTTP 403: {"error": "credential rejected", "reason": "credential_revoked", "fix": "检查 X-FSTDD-Token 是否为有效且未吊销的节点凭据；若遗失请联系管理节点(K)重新签发"}
[2026-10-03 03:25:21] ⚠️ 连续失败超限 → 继续但标记告警
[2026-10-03 03:25:28] ❌ beat fail (390/30): HTTP 403: {"error": "credential rejected", "reason": "credential_revoked", "fix": "检查 X-FSTDD-Token 是否为有效且未吊销的节点凭据；若遗失请联系管理节点(K)重新签发"}
[2026-10-03 03:25:28] ⚠️ 连续失败超限 → 继续但标记告警
[2026-10-03 03:25:32] ✅ beat ok: node_id=FSTDD003 last_seen=1790969132.162918
[2026-10-03 03:26:20] ❌ beat fail (128/30): HTTP 403: {"error": "credential rejected", "reason": "credential_revoked", "fix": "检查 X-FSTDD-Token 是否为有效且未吊销的节点凭据；若遗失请联系管理节点(K)重新签发"}
[2026-10-03 03:26:20] ⚠️ 连续失败超限 → 继续但标记告警
[2026-10-03 03:26:22] ❌ beat fail (496/30): HTTP 403: {"error": "credential rejected", "reason": "credential_revoked", "fix": "检查 X-FSTDD-Token 是否为有效且未吊销的节点凭据；若遗失请联系管理节点(K)重新签发"}
[2026-10-03 03:26:22] ⚠️ 连续失败超限 → 继续但标记告警
[2026-10-03 03:26:29] ❌ beat fail (391/30): HTTP 403: {"error": "credential rejected", "reason": "credential_revoked", "fix": "检查 X-FSTDD-Token 是否为有效且未吊销的节点凭据；若遗失请联系管理节点(K)重新签发"}
[2026-10-03 03:26:29] ⚠️ 连续失败超限 → 继续但标记告警
[2026-10-03 03:26:33] ✅ beat ok: node_id=FSTDD003 last_seen=1790969193.2416844
[2026-10-03 03:27:21] ❌ beat fail (129/30): HTTP 403: {"error": "credential rejected", "reason": "credential_revoked", "fix": "检查 X-FSTDD-Token 是否为有效且未吊销的节点凭据；若遗失请联系管理节点(K)重新签发"}
[2026-10-03 03:27:21] ⚠️ 连续失败超限 → 继续但标记告警
[2026-10-03 03:27:24] ❌ beat fail (497/30): HTTP 403: {"error": "credential rejected", "reason": "credential_revoked", "fix": "检查 X-FSTDD-Token 是否为有效且未吊销的节点凭据；若遗失请联系管理节点(K)重新签发"}
[2026-10-03 03:27:24] ⚠️ 连续失败超限 → 继续但标记告警
[2026-10-03 03:27:31] ❌ beat fail (392/30): HTTP 403: {"error": "credential rejected", "reason": "credential_revoked", "fix": "检查 X-FSTDD-Token 是否为有效且未吊销的节点凭据；若遗失请联系管理节点(K)重新签发"}
[2026-10-03 03:27:31] ⚠️ 连续失败超限 → 继续但标记告警
[2026-10-03 03:27:34] ✅ beat ok: node_id=FSTDD003 last_seen=1790969253.9408562
[2026-10-03 03:28:22] ❌ beat fail (130/30): HTTP 403: {"error": "credential rejected", "reason": "credential_revoked", "fix": "检查 X-FSTDD-Token 是否为有效且未吊销的节点凭据；若遗失请联系管理节点(K)重新签发"}
[2026-10-03 03:28:22] ⚠️ 连续失败超限 → 继续但标记告警
[2026-10-03 03:28:25] ❌ beat fail (498/30): HTTP 403: {"error": "credential rejected", "reason": "credential_revoked", "fix": "检查 X-FSTDD-Token 是否为有效且未吊销的节点凭据；若遗失请联系管理节点(K)重新签发"}
[2026-10-03 03:28:25] ⚠️ 连续失败超限 → 继续但标记告警
[2026-10-03 03:28:32] ❌ beat fail (393/30): HTTP 403: {"error": "credential rejected", "reason": "credential_revoked", "fix": "检查 X-FSTDD-Token 是否为有效且未吊销的节点凭据；若遗失请联系管理节点(K)重新签发"}
[2026-10-03 03:28:32] ⚠️ 连续失败超限 → 继续但标记告警
[2026-10-03 03:28:34] ✅ beat ok: node_id=FSTDD003 last_seen=1790969315.016862
[2026-10-03 03:29:23] ❌ beat fail (131/30): HTTP 403: {"error": "credential rejected", "reason": "credential_revoked", "fix": "检查 X-FSTDD-Token 是否为有效且未吊销的节点凭据；若遗失请联系管理节点(K)重新签发"}
[2026-10-03 03:29:23] ⚠️ 连续失败超限 → 继续但标记告警
[2026-10-03 03:29:26] ❌ beat fail (499/30): HTTP 403: {"error": "credential rejected", "reason": "credential_revoked", "fix": "检查 X-FSTDD-Token 是否为有效且未吊销的节点凭据；若遗失请联系管理节点(K)重新签发"}
[2026-10-03 03:29:26] ⚠️ 连续失败超限 → 继续但标记告警
[2026-10-03 03:29:32] ❌ beat fail (394/30): HTTP 403: {"error": "credential rejected", "reason": "credential_revoked", "fix": "检查 X-FSTDD-Token 是否为有效且未吊销的节点凭据；若遗失请联系管理节点(K)重新签发"}
[2026-10-03 03:29:32] ⚠️ 连续失败超限 → 继续但标记告警
[2026-10-03 03:29:36] ✅ beat ok: node_id=FSTDD003 last_seen=1790969375.707998
[2026-10-03 03:30:24] ❌ beat fail (132/30): HTTP 403: {"error": "credential rejected", "reason": "credential_revoked", "fix": "检查 X-FSTDD-Token 是否为有效且未吊销的节点凭据；若遗失请联系管理节点(K)重新签发"}
[2026-10-03 03:30:24] ⚠️ 连续失败超限 → 继续但标记告警
[2026-10-03 03:30:27] ❌ beat fail (500/30): HTTP 403: {"error": "credential rejected", "reason": "credential_revoked", "fix": "检查 X-FSTDD-Token 是否为有效且未吊销的节点凭据；若遗失请联系管理节点(K)重新签发"}
[2026-10-03 03:30:27] ⚠️ 连续失败超限 → 继续但标记告警
[2026-10-03 03:30:33] ❌ beat fail (395/30): HTTP 403: {"error": "credential rejected", "reason": "credential_revoked", "fix": "检查 X-FSTDD-Token 是否为有效且未吊销的节点凭据；若遗失请联系管理节点(K)重新签发"}
[2026-10-03 03:30:33] ⚠️ 连续失败超限 → 继续但标记告警
[2026-10-03 03:30:37] ✅ beat ok: node_id=FSTDD003 last_seen=1790969436.7847762
[2026-10-03 03:31:25] ❌ beat fail (133/30): HTTP 403: {"error": "credential rejected", "reason": "credential_revoked", "fix": "检查 X-FSTDD-Token 是否为有效且未吊销的节点凭据；若遗失请联系管理节点(K)重新签发"}
[2026-10-03 03:31:25] ⚠️ 连续失败超限 → 继续但标记告警
[2026-10-03 03:31:28] ❌ beat fail (501/30): HTTP 403: {"error": "credential rejected", "reason": "credential_revoked", "fix": "检查 X-FSTDD-Token 是否为有效且未吊销的节点凭据；若遗失请联系管理节点(K)重新签发"}
[2026-10-03 03:31:28] ⚠️ 连续失败超限 → 继续但标记告警
[2026-10-03 03:31:34] ❌ beat fail (396/30): HTTP 403: {"error": "credential rejected", "reason": "credential_revoked", "fix": "检查 X-FSTDD-Token 是否为有效且未吊销的节点凭据；若遗失请联系管理节点(K)重新签发"}
[2026-10-03 03:31:34] ⚠️ 连续失败超限 → 继续但标记告警
[2026-10-03 03:31:38] ✅ beat ok: node_id=FSTDD003 last_seen=1790969497.8657465
[2026-10-03 03:32:26] ❌ beat fail (134/30): HTTP 403: {"error": "credential rejected", "reason": "credential_revoked", "fix": "检查 X-FSTDD-Token 是否为有效且未吊销的节点凭据；若遗失请联系管理节点(K)重新签发"}
[2026-10-03 03:32:26] ⚠️ 连续失败超限 → 继续但标记告警
[2026-10-03 03:32:29] ❌ beat fail (502/30): HTTP 403: {"error": "credential rejected", "reason": "credential_revoked", "fix": "检查 X-FSTDD-Token 是否为有效且未吊销的节点凭据；若遗失请联系管理节点(K)重新签发"}
[2026-10-03 03:32:29] ⚠️ 连续失败超限 → 继续但标记告警
[2026-10-03 03:32:35] ❌ beat fail (397/30): HTTP 403: {"error": "credential rejected", "reason": "credential_revoked", "fix": "检查 X-FSTDD-Token 是否为有效且未吊销的节点凭据；若遗失请联系管理节点(K)重新签发"}
[2026-10-03 03:32:35] ⚠️ 连续失败超限 → 继续但标记告警
[2026-10-03 03:32:38] ✅ beat ok: node_id=FSTDD003 last_seen=1790969558.9497879
[2026-10-03 03:33:26] ❌ beat fail (135/30): HTTP 403: {"error": "credential rejected", "reason": "credential_revoked", "fix": "检查 X-FSTDD-Token 是否为有效且未吊销的节点凭据；若遗失请联系管理节点(K)重新签发"}
[2026-10-03 03:33:26] ⚠️ 连续失败超限 → 继续但标记告警
[2026-10-03 03:33:30] ❌ beat fail (503/30): HTTP 403: {"error": "credential rejected", "reason": "credential_revoked", "fix": "检查 X-FSTDD-Token 是否为有效且未吊销的节点凭据；若遗失请联系管理节点(K)重新签发"}
[2026-10-03 03:33:30] ⚠️ 连续失败超限 → 继续但标记告警
[2026-10-03 03:33:37] ❌ beat fail (398/30): HTTP 403: {"error": "credential rejected", "reason": "credential_revoked", "fix": "检查 X-FSTDD-Token 是否为有效且未吊销的节点凭据；若遗失请联系管理节点(K)重新签发"}
[2026-10-03 03:33:37] ⚠️ 连续失败超限 → 继续但标记告警
[2026-10-03 03:33:39] ✅ beat ok: node_id=FSTDD003 last_seen=1790969619.6446323
[2026-10-03 03:34:27] ❌ beat fail (136/30): HTTP 403: {"error": "credential rejected", "reason": "credential_revoked", "fix": "检查 X-FSTDD-Token 是否为有效且未吊销的节点凭据；若遗失请联系管理节点(K)重新签发"}
[2026-10-03 03:34:27] ⚠️ 连续失败超限 → 继续但标记告警
[2026-10-03 03:34:31] ❌ beat fail (504/30): HTTP 403: {"error": "credential rejected", "reason": "credential_revoked", "fix": "检查 X-FSTDD-Token 是否为有效且未吊销的节点凭据；若遗失请联系管理节点(K)重新签发"}
[2026-10-03 03:34:31] ⚠️ 连续失败超限 → 继续但标记告警
[2026-10-03 03:34:37] ❌ beat fail (399/30): HTTP 403: {"error": "credential rejected", "reason": "credential_revoked", "fix": "检查 X-FSTDD-Token 是否为有效且未吊销的节点凭据；若遗失请联系管理节点(K)重新签发"}
[2026-10-03 03:34:37] ⚠️ 连续失败超限 → 继续但标记告警
[2026-10-03 03:34:41] ✅ beat ok: node_id=FSTDD003 last_seen=1790969680.724633
[2026-10-03 03:35:29] ❌ beat fail (137/30): HTTP 403: {"error": "credential rejected", "reason": "credential_revoked", "fix": "检查 X-FSTDD-Token 是否为有效且未吊销的节点凭据；若遗失请联系管理节点(K)重新签发"}
[2026-10-03 03:35:29] ⚠️ 连续失败超限 → 继续但标记告警
[2026-10-03 03:35:32] ❌ beat fail (505/30): HTTP 403: {"error": "credential rejected", "reason": "credential_revoked", "fix": "检查 X-FSTDD-Token 是否为有效且未吊销的节点凭据；若遗失请联系管理节点(K)重新签发"}
[2026-10-03 03:35:32] ⚠️ 连续失败超限 → 继续但标记告警
[2026-10-03 03:35:38] ❌ beat fail (400/30): HTTP 403: {"error": "credential rejected", "reason": "credential_revoked", "fix": "检查 X-FSTDD-Token 是否为有效且未吊销的节点凭据；若遗失请联系管理节点(K)重新签发"}
[2026-10-03 03:35:38] ⚠️ 连续失败超限 → 继续但标记告警
[2026-10-03 03:35:41] ✅ beat ok: node_id=FSTDD003 last_seen=1790969741.794685
[2026-10-03 03:36:30] ❌ beat fail (138/30): HTTP 403: {"error": "credential rejected", "reason": "credential_revoked", "fix": "检查 X-FSTDD-Token 是否为有效且未吊销的节点凭据；若遗失请联系管理节点(K)重新签发"}
[2026-10-03 03:36:30] ⚠️ 连续失败超限 → 继续但标记告警
[2026-10-03 03:36:32] ❌ beat fail (506/30): HTTP 403: {"error": "credential rejected", "reason": "credential_revoked", "fix": "检查 X-FSTDD-Token 是否为有效且未吊销的节点凭据；若遗失请联系管理节点(K)重新签发"}
[2026-10-03 03:36:32] ⚠️ 连续失败超限 → 继续但标记告警
[2026-10-03 03:36:39] ❌ beat fail (401/30): HTTP 403: {"error": "credential rejected", "reason": "credential_revoked", "fix": "检查 X-FSTDD-Token 是否为有效且未吊销的节点凭据；若遗失请联系管理节点(K)重新签发"}
[2026-10-03 03:36:39] ⚠️ 连续失败超限 → 继续但标记告警
[2026-10-03 03:36:42] ✅ beat ok: node_id=FSTDD003 last_seen=1790969802.4900303
[2026-10-03 03:37:30] ❌ beat fail (139/30): HTTP 403: {"error": "credential rejected", "reason": "credential_revoked", "fix": "检查 X-FSTDD-Token 是否为有效且未吊销的节点凭据；若遗失请联系管理节点(K)重新签发"}
[2026-10-03 03:37:30] ⚠️ 连续失败超限 → 继续但标记告警
[2026-10-03 03:37:33] ❌ beat fail (507/30): HTTP 403: {"error": "credential rejected", "reason": "credential_revoked", "fix": "检查 X-FSTDD-Token 是否为有效且未吊销的节点凭据；若遗失请联系管理节点(K)重新签发"}
[2026-10-03 03:37:33] ⚠️ 连续失败超限 → 继续但标记告警
[2026-10-03 03:37:40] ❌ beat fail (402/30): HTTP 403: {"error": "credential rejected", "reason": "credential_revoked", "fix": "检查 X-FSTDD-Token 是否为有效且未吊销的节点凭据；若遗失请联系管理节点(K)重新签发"}
[2026-10-03 03:37:40] ⚠️ 连续失败超限 → 继续但标记告警
[2026-10-03 03:37:43] ✅ beat ok: node_id=FSTDD003 last_seen=1790969863.5619226
[2026-10-03 03:38:31] ❌ beat fail (140/30): HTTP 403: {"error": "credential rejected", "reason": "credential_revoked", "fix": "检查 X-FSTDD-Token 是否为有效且未吊销的节点凭据；若遗失请联系管理节点(K)重新签发"}
[2026-10-03 03:38:31] ⚠️ 连续失败超限 → 继续但标记告警
[2026-10-03 03:38:34] ❌ beat fail (508/30): HTTP 403: {"error": "credential rejected", "reason": "credential_revoked", "fix": "检查 X-FSTDD-Token 是否为有效且未吊销的节点凭据；若遗失请联系管理节点(K)重新签发"}
[2026-10-03 03:38:34] ⚠️ 连续失败超限 → 继续但标记告警
[2026-10-03 03:38:40] ❌ beat fail (403/30): HTTP 403: {"error": "credential rejected", "reason": "credential_revoked", "fix": "检查 X-FSTDD-Token 是否为有效且未吊销的节点凭据；若遗失请联系管理节点(K)重新签发"}
[2026-10-03 03:38:40] ⚠️ 连续失败超限 → 继续但标记告警
[2026-10-03 03:38:44] ✅ beat ok: node_id=FSTDD003 last_seen=1790969924.2540696
[2026-10-03 03:39:32] ❌ beat fail (141/30): HTTP 403: {"error": "credential rejected", "reason": "credential_revoked", "fix": "检查 X-FSTDD-Token 是否为有效且未吊销的节点凭据；若遗失请联系管理节点(K)重新签发"}
[2026-10-03 03:39:32] ⚠️ 连续失败超限 → 继续但标记告警
[2026-10-03 03:39:35] ❌ beat fail (509/30): HTTP 403: {"error": "credential rejected", "reason": "credential_revoked", "fix": "检查 X-FSTDD-Token 是否为有效且未吊销的节点凭据；若遗失请联系管理节点(K)重新签发"}
[2026-10-03 03:39:35] ⚠️ 连续失败超限 → 继续但标记告警
[2026-10-03 03:39:41] ❌ beat fail (404/30): HTTP 403: {"error": "credential rejected", "reason": "credential_revoked", "fix": "检查 X-FSTDD-Token 是否为有效且未吊销的节点凭据；若遗失请联系管理节点(K)重新签发"}
[2026-10-03 03:39:41] ⚠️ 连续失败超限 → 继续但标记告警
[2026-10-03 03:39:45] ✅ beat ok: node_id=FSTDD003 last_seen=1790969985.3422728
[2026-10-03 03:40:33] ❌ beat fail (142/30): HTTP 403: {"error": "credential rejected", "reason": "credential_revoked", "fix": "检查 X-FSTDD-Token 是否为有效且未吊销的节点凭据；若遗失请联系管理节点(K)重新签发"}
[2026-10-03 03:40:33] ⚠️ 连续失败超限 → 继续但标记告警
[2026-10-03 03:40:36] ❌ beat fail (510/30): HTTP 403: {"error": "credential rejected", "reason": "credential_revoked", "fix": "检查 X-FSTDD-Token 是否为有效且未吊销的节点凭据；若遗失请联系管理节点(K)重新签发"}
[2026-10-03 03:40:36] ⚠️ 连续失败超限 → 继续但标记告警
[2026-10-03 03:40:42] ❌ beat fail (405/30): HTTP 403: {"error": "credential rejected", "reason": "credential_revoked", "fix": "检查 X-FSTDD-Token 是否为有效且未吊销的节点凭据；若遗失请联系管理节点(K)重新签发"}
[2026-10-03 03:40:42] ⚠️ 连续失败超限 → 继续但标记告警
[2026-10-03 03:40:46] ✅ beat ok: node_id=FSTDD003 last_seen=1790970046.0383615
[2026-10-03 03:41:34] ❌ beat fail (143/30): HTTP 403: {"error": "credential rejected", "reason": "credential_revoked", "fix": "检查 X-FSTDD-Token 是否为有效且未吊销的节点凭据；若遗失请联系管理节点(K)重新签发"}
[2026-10-03 03:41:34] ⚠️ 连续失败超限 → 继续但标记告警
[2026-10-03 03:41:37] ❌ beat fail (511/30): HTTP 403: {"error": "credential rejected", "reason": "credential_revoked", "fix": "检查 X-FSTDD-Token 是否为有效且未吊销的节点凭据；若遗失请联系管理节点(K)重新签发"}
[2026-10-03 03:41:37] ⚠️ 连续失败超限 → 继续但标记告警
[2026-10-03 03:41:43] ❌ beat fail (406/30): HTTP 403: {"error": "credential rejected", "reason": "credential_revoked", "fix": "检查 X-FSTDD-Token 是否为有效且未吊销的节点凭据；若遗失请联系管理节点(K)重新签发"}
[2026-10-03 03:41:43] ⚠️ 连续失败超限 → 继续但标记告警
[2026-10-03 03:41:47] ✅ beat ok: node_id=FSTDD003 last_seen=1790970107.1189623
[2026-10-03 03:42:34] ❌ beat fail (144/30): HTTP 403: {"error": "credential rejected", "reason": "credential_revoked", "fix": "检查 X-FSTDD-Token 是否为有效且未吊销的节点凭据；若遗失请联系管理节点(K)重新签发"}
[2026-10-03 03:42:34] ⚠️ 连续失败超限 → 继续但标记告警
[2026-10-03 03:42:38] ❌ beat fail (512/30): HTTP 403: {"error": "credential rejected", "reason": "credential_revoked", "fix": "检查 X-FSTDD-Token 是否为有效且未吊销的节点凭据；若遗失请联系管理节点(K)重新签发"}
[2026-10-03 03:42:38] ⚠️ 连续失败超限 → 继续但标记告警
[2026-10-03 03:42:43] ❌ beat fail (407/30): HTTP 403: {"error": "credential rejected", "reason": "credential_revoked", "fix": "检查 X-FSTDD-Token 是否为有效且未吊销的节点凭据；若遗失请联系管理节点(K)重新签发"}
[2026-10-03 03:42:43] ⚠️ 连续失败超限 → 继续但标记告警
[2026-10-03 03:42:48] ✅ beat ok: node_id=FSTDD003 last_seen=1790970167.815135
[2026-10-03 03:43:36] ❌ beat fail (145/30): HTTP 403: {"error": "credential rejected", "reason": "credential_revoked", "fix": "检查 X-FSTDD-Token 是否为有效且未吊销的节点凭据；若遗失请联系管理节点(K)重新签发"}
[2026-10-03 03:43:36] ⚠️ 连续失败超限 → 继续但标记告警
[2026-10-03 03:43:39] ❌ beat fail (513/30): HTTP 403: {"error": "credential rejected", "reason": "credential_revoked", "fix": "检查 X-FSTDD-Token 是否为有效且未吊销的节点凭据；若遗失请联系管理节点(K)重新签发"}
[2026-10-03 03:43:39] ⚠️ 连续失败超限 → 继续但标记告警
[2026-10-03 03:43:44] ❌ beat fail (408/30): HTTP 403: {"error": "credential rejected", "reason": "credential_revoked", "fix": "检查 X-FSTDD-Token 是否为有效且未吊销的节点凭据；若遗失请联系管理节点(K)重新签发"}
[2026-10-03 03:43:44] ⚠️ 连续失败超限 → 继续但标记告警
[2026-10-03 03:43:48] ✅ beat ok: node_id=FSTDD003 last_seen=1790970228.900929
[2026-10-03 03:44:36] ❌ beat fail (146/30): HTTP 403: {"error": "credential rejected", "reason": "credential_revoked", "fix": "检查 X-FSTDD-Token 是否为有效且未吊销的节点凭据；若遗失请联系管理节点(K)重新签发"}
[2026-10-03 03:44:36] ⚠️ 连续失败超限 → 继续但标记告警
[2026-10-03 03:44:39] ❌ beat fail (514/30): HTTP 403: {"error": "credential rejected", "reason": "credential_revoked", "fix": "检查 X-FSTDD-Token 是否为有效且未吊销的节点凭据；若遗失请联系管理节点(K)重新签发"}
[2026-10-03 03:44:39] ⚠️ 连续失败超限 → 继续但标记告警
[2026-10-03 03:44:45] ❌ beat fail (409/30): HTTP 403: {"error": "credential rejected", "reason": "credential_revoked", "fix": "检查 X-FSTDD-Token 是否为有效且未吊销的节点凭据；若遗失请联系管理节点(K)重新签发"}
[2026-10-03 03:44:45] ⚠️ 连续失败超限 → 继续但标记告警
[2026-10-03 03:44:49] ✅ beat ok: node_id=FSTDD003 last_seen=1790970289.6018858
[2026-10-03 03:45:37] ❌ beat fail (147/30): HTTP 403: {"error": "credential rejected", "reason": "credential_revoked", "fix": "检查 X-FSTDD-Token 是否为有效且未吊销的节点凭据；若遗失请联系管理节点(K)重新签发"}
[2026-10-03 03:45:37] ⚠️ 连续失败超限 → 继续但标记告警
[2026-10-03 03:45:40] ❌ beat fail (515/30): HTTP 403: {"error": "credential rejected", "reason": "credential_revoked", "fix": "检查 X-FSTDD-Token 是否为有效且未吊销的节点凭据；若遗失请联系管理节点(K)重新签发"}
[2026-10-03 03:45:40] ⚠️ 连续失败超限 → 继续但标记告警
[2026-10-03 03:45:46] ❌ beat fail (410/30): HTTP 403: {"error": "credential rejected", "reason": "credential_revoked", "fix": "检查 X-FSTDD-Token 是否为有效且未吊销的节点凭据；若遗失请联系管理节点(K)重新签发"}
[2026-10-03 03:45:46] ⚠️ 连续失败超限 → 继续但标记告警
[2026-10-03 03:45:50] ✅ beat ok: node_id=FSTDD003 last_seen=1790970350.3571472
[2026-10-03 03:46:38] ❌ beat fail (148/30): HTTP 403: {"error": "credential rejected", "reason": "credential_revoked", "fix": "检查 X-FSTDD-Token 是否为有效且未吊销的节点凭据；若遗失请联系管理节点(K)重新签发"}
[2026-10-03 03:46:38] ⚠️ 连续失败超限 → 继续但标记告警
[2026-10-03 03:46:41] ❌ beat fail (516/30): HTTP 403: {"error": "credential rejected", "reason": "credential_revoked", "fix": "检查 X-FSTDD-Token 是否为有效且未吊销的节点凭据；若遗失请联系管理节点(K)重新签发"}
[2026-10-03 03:46:41] ⚠️ 连续失败超限 → 继续但标记告警
[2026-10-03 03:46:47] ❌ beat fail (411/30): HTTP 403: {"error": "credential rejected", "reason": "credential_revoked", "fix": "检查 X-FSTDD-Token 是否为有效且未吊销的节点凭据；若遗失请联系管理节点(K)重新签发"}
[2026-10-03 03:46:47] ⚠️ 连续失败超限 → 继续但标记告警
[2026-10-03 03:46:51] ✅ beat ok: node_id=FSTDD003 last_seen=1790970411.4439785
[2026-10-03 03:47:39] ❌ beat fail (149/30): HTTP 403: {"error": "credential rejected", "reason": "credential_revoked", "fix": "检查 X-FSTDD-Token 是否为有效且未吊销的节点凭据；若遗失请联系管理节点(K)重新签发"}
[2026-10-03 03:47:39] ⚠️ 连续失败超限 → 继续但标记告警
[2026-10-03 03:47:42] ❌ beat fail (517/30): HTTP 403: {"error": "credential rejected", "reason": "credential_revoked", "fix": "检查 X-FSTDD-Token 是否为有效且未吊销的节点凭据；若遗失请联系管理节点(K)重新签发"}
[2026-10-03 03:47:42] ⚠️ 连续失败超限 → 继续但标记告警
[2026-10-03 03:47:48] ❌ beat fail (412/30): HTTP 403: {"error": "credential rejected", "reason": "credential_revoked", "fix": "检查 X-FSTDD-Token 是否为有效且未吊销的节点凭据；若遗失请联系管理节点(K)重新签发"}
[2026-10-03 03:47:48] ⚠️ 连续失败超限 → 继续但标记告警
[2026-10-03 03:47:52] ✅ beat ok: node_id=FSTDD003 last_seen=1790970472.153218
[2026-10-03 03:48:40] ❌ beat fail (150/30): HTTP 403: {"error": "credential rejected", "reason": "credential_revoked", "fix": "检查 X-FSTDD-Token 是否为有效且未吊销的节点凭据；若遗失请联系管理节点(K)重新签发"}
[2026-10-03 03:48:40] ⚠️ 连续失败超限 → 继续但标记告警
[2026-10-03 03:48:43] ❌ beat fail (518/30): HTTP 403: {"error": "credential rejected", "reason": "credential_revoked", "fix": "检查 X-FSTDD-Token 是否为有效且未吊销的节点凭据；若遗失请联系管理节点(K)重新签发"}
[2026-10-03 03:48:43] ⚠️ 连续失败超限 → 继续但标记告警
[2026-10-03 03:48:48] ❌ beat fail (413/30): HTTP 403: {"error": "credential rejected", "reason": "credential_revoked", "fix": "检查 X-FSTDD-Token 是否为有效且未吊销的节点凭据；若遗失请联系管理节点(K)重新签发"}
[2026-10-03 03:48:48] ⚠️ 连续失败超限 → 继续但标记告警
[2026-10-03 03:48:52] ✅ beat ok: node_id=FSTDD003 last_seen=1790970532.852492
[2026-10-03 03:49:40] ❌ beat fail (151/30): HTTP 403: {"error": "credential rejected", "reason": "credential_revoked", "fix": "检查 X-FSTDD-Token 是否为有效且未吊销的节点凭据；若遗失请联系管理节点(K)重新签发"}
[2026-10-03 03:49:40] ⚠️ 连续失败超限 → 继续但标记告警
[2026-10-03 03:49:44] ❌ beat fail (519/30): HTTP 403: {"error": "credential rejected", "reason": "credential_revoked", "fix": "检查 X-FSTDD-Token 是否为有效且未吊销的节点凭据；若遗失请联系管理节点(K)重新签发"}
[2026-10-03 03:49:44] ⚠️ 连续失败超限 → 继续但标记告警
[2026-10-03 03:49:49] ❌ beat fail (414/30): HTTP 403: {"error": "credential rejected", "reason": "credential_revoked", "fix": "检查 X-FSTDD-Token 是否为有效且未吊销的节点凭据；若遗失请联系管理节点(K)重新签发"}
[2026-10-03 03:49:49] ⚠️ 连续失败超限 → 继续但标记告警
[2026-10-03 03:49:53] ✅ beat ok: node_id=FSTDD003 last_seen=1790970593.5474558
[2026-10-03 03:50:42] ❌ beat fail (152/30): HTTP 403: {"error": "credential rejected", "reason": "credential_revoked", "fix": "检查 X-FSTDD-Token 是否为有效且未吊销的节点凭据；若遗失请联系管理节点(K)重新签发"}
[2026-10-03 03:50:42] ⚠️ 连续失败超限 → 继续但标记告警
[2026-10-03 03:50:44] ❌ beat fail (520/30): HTTP 403: {"error": "credential rejected", "reason": "credential_revoked", "fix": "检查 X-FSTDD-Token 是否为有效且未吊销的节点凭据；若遗失请联系管理节点(K)重新签发"}
[2026-10-03 03:50:44] ⚠️ 连续失败超限 → 继续但标记告警
[2026-10-03 03:50:50] ❌ beat fail (415/30): HTTP 403: {"error": "credential rejected", "reason": "credential_revoked", "fix": "检查 X-FSTDD-Token 是否为有效且未吊销的节点凭据；若遗失请联系管理节点(K)重新签发"}
[2026-10-03 03:50:50] ⚠️ 连续失败超限 → 继续但标记告警
[2026-10-03 03:50:54] ✅ beat ok: node_id=FSTDD003 last_seen=1790970654.2709887
[2026-10-03 03:51:42] ❌ beat fail (153/30): HTTP 403: {"error": "credential rejected", "reason": "credential_revoked", "fix": "检查 X-FSTDD-Token 是否为有效且未吊销的节点凭据；若遗失请联系管理节点(K)重新签发"}
[2026-10-03 03:51:42] ⚠️ 连续失败超限 → 继续但标记告警
[2026-10-03 03:51:45] ❌ beat fail (521/30): HTTP 403: {"error": "credential rejected", "reason": "credential_revoked", "fix": "检查 X-FSTDD-Token 是否为有效且未吊销的节点凭据；若遗失请联系管理节点(K)重新签发"}
[2026-10-03 03:51:45] ⚠️ 连续失败超限 → 继续但标记告警
[2026-10-03 03:51:51] ❌ beat fail (416/30): HTTP 403: {"error": "credential rejected", "reason": "credential_revoked", "fix": "检查 X-FSTDD-Token 是否为有效且未吊销的节点凭据；若遗失请联系管理节点(K)重新签发"}
[2026-10-03 03:51:51] ⚠️ 连续失败超限 → 继续但标记告警
[2026-10-03 03:51:55] ✅ beat ok: node_id=FSTDD003 last_seen=1790970715.3644044
[2026-10-03 03:52:43] ❌ beat fail (154/30): HTTP 403: {"error": "credential rejected", "reason": "credential_revoked", "fix": "检查 X-FSTDD-Token 是否为有效且未吊销的节点凭据；若遗失请联系管理节点(K)重新签发"}
[2026-10-03 03:52:43] ⚠️ 连续失败超限 → 继续但标记告警
[2026-10-03 03:52:46] ❌ beat fail (522/30): HTTP 403: {"error": "credential rejected", "reason": "credential_revoked", "fix": "检查 X-FSTDD-Token 是否为有效且未吊销的节点凭据；若遗失请联系管理节点(K)重新签发"}
[2026-10-03 03:52:46] ⚠️ 连续失败超限 → 继续但标记告警
[2026-10-03 03:52:52] ❌ beat fail (417/30): HTTP 403: {"error": "credential rejected", "reason": "credential_revoked", "fix": "检查 X-FSTDD-Token 是否为有效且未吊销的节点凭据；若遗失请联系管理节点(K)重新签发"}
[2026-10-03 03:52:52] ⚠️ 连续失败超限 → 继续但标记告警
[2026-10-03 03:52:56] ✅ beat ok: node_id=FSTDD003 last_seen=1790970776.4432983
[2026-10-03 03:53:44] ❌ beat fail (155/30): HTTP 403: {"error": "credential rejected", "reason": "credential_revoked", "fix": "检查 X-FSTDD-Token 是否为有效且未吊销的节点凭据；若遗失请联系管理节点(K)重新签发"}
[2026-10-03 03:53:44] ⚠️ 连续失败超限 → 继续但标记告警
[2026-10-03 03:53:47] ❌ beat fail (523/30): HTTP 403: {"error": "credential rejected", "reason": "credential_revoked", "fix": "检查 X-FSTDD-Token 是否为有效且未吊销的节点凭据；若遗失请联系管理节点(K)重新签发"}
[2026-10-03 03:53:47] ⚠️ 连续失败超限 → 继续但标记告警
[2026-10-03 03:53:53] ❌ beat fail (418/30): HTTP 403: {"error": "credential rejected", "reason": "credential_revoked", "fix": "检查 X-FSTDD-Token 是否为有效且未吊销的节点凭据；若遗失请联系管理节点(K)重新签发"}
[2026-10-03 03:53:53] ⚠️ 连续失败超限 → 继续但标记告警
[2026-10-03 03:53:57] ✅ beat ok: node_id=FSTDD003 last_seen=1790970837.1585608
[2026-10-03 03:54:45] ❌ beat fail (156/30): HTTP 403: {"error": "credential rejected", "reason": "credential_revoked", "fix": "检查 X-FSTDD-Token 是否为有效且未吊销的节点凭据；若遗失请联系管理节点(K)重新签发"}
[2026-10-03 03:54:45] ⚠️ 连续失败超限 → 继续但标记告警
[2026-10-03 03:54:48] ❌ beat fail (524/30): HTTP 403: {"error": "credential rejected", "reason": "credential_revoked", "fix": "检查 X-FSTDD-Token 是否为有效且未吊销的节点凭据；若遗失请联系管理节点(K)重新签发"}
[2026-10-03 03:54:48] ⚠️ 连续失败超限 → 继续但标记告警
[2026-10-03 03:54:54] ❌ beat fail (419/30): HTTP 403: {"error": "credential rejected", "reason": "credential_revoked", "fix": "检查 X-FSTDD-Token 是否为有效且未吊销的节点凭据；若遗失请联系管理节点(K)重新签发"}
[2026-10-03 03:54:54] ⚠️ 连续失败超限 → 继续但标记告警
[2026-10-03 03:54:58] ✅ beat ok: node_id=FSTDD003 last_seen=1790970897.8576355
[2026-10-03 03:55:46] ❌ beat fail (157/30): HTTP 403: {"error": "credential rejected", "reason": "credential_revoked", "fix": "检查 X-FSTDD-Token 是否为有效且未吊销的节点凭据；若遗失请联系管理节点(K)重新签发"}
[2026-10-03 03:55:46] ⚠️ 连续失败超限 → 继续但标记告警
[2026-10-03 03:55:49] ❌ beat fail (525/30): HTTP 403: {"error": "credential rejected", "reason": "credential_revoked", "fix": "检查 X-FSTDD-Token 是否为有效且未吊销的节点凭据；若遗失请联系管理节点(K)重新签发"}
[2026-10-03 03:55:49] ⚠️ 连续失败超限 → 继续但标记告警
[2026-10-03 03:55:55] ❌ beat fail (420/30): HTTP 403: {"error": "credential rejected", "reason": "credential_revoked", "fix": "检查 X-FSTDD-Token 是否为有效且未吊销的节点凭据；若遗失请联系管理节点(K)重新签发"}
[2026-10-03 03:55:55] ⚠️ 连续失败超限 → 继续但标记告警
[2026-10-03 03:55:58] ✅ beat ok: node_id=FSTDD003 last_seen=1790970958.9301276
[2026-10-03 03:56:47] ❌ beat fail (158/30): HTTP 403: {"error": "credential rejected", "reason": "credential_revoked", "fix": "检查 X-FSTDD-Token 是否为有效且未吊销的节点凭据；若遗失请联系管理节点(K)重新签发"}
[2026-10-03 03:56:47] ⚠️ 连续失败超限 → 继续但标记告警
[2026-10-03 03:56:50] ❌ beat fail (526/30): HTTP 403: {"error": "credential rejected", "reason": "credential_revoked", "fix": "检查 X-FSTDD-Token 是否为有效且未吊销的节点凭据；若遗失请联系管理节点(K)重新签发"}
[2026-10-03 03:56:50] ⚠️ 连续失败超限 → 继续但标记告警
[2026-10-03 03:56:56] ❌ beat fail (421/30): HTTP 403: {"error": "credential rejected", "reason": "credential_revoked", "fix": "检查 X-FSTDD-Token 是否为有效且未吊销的节点凭据；若遗失请联系管理节点(K)重新签发"}
[2026-10-03 03:56:56] ⚠️ 连续失败超限 → 继续但标记告警
[2026-10-03 03:56:59] ✅ beat ok: node_id=FSTDD003 last_seen=1790971019.6670556
[2026-10-03 03:57:48] ❌ beat fail (159/30): HTTP 403: {"error": "credential rejected", "reason": "credential_revoked", "fix": "检查 X-FSTDD-Token 是否为有效且未吊销的节点凭据；若遗失请联系管理节点(K)重新签发"}
[2026-10-03 03:57:48] ⚠️ 连续失败超限 → 继续但标记告警
[2026-10-03 03:57:51] ❌ beat fail (527/30): HTTP 403: {"error": "credential rejected", "reason": "credential_revoked", "fix": "检查 X-FSTDD-Token 是否为有效且未吊销的节点凭据；若遗失请联系管理节点(K)重新签发"}
[2026-10-03 03:57:51] ⚠️ 连续失败超限 → 继续但标记告警
[2026-10-03 03:57:57] ❌ beat fail (422/30): HTTP 403: {"error": "credential rejected", "reason": "credential_revoked", "fix": "检查 X-FSTDD-Token 是否为有效且未吊销的节点凭据；若遗失请联系管理节点(K)重新签发"}
[2026-10-03 03:57:57] ⚠️ 连续失败超限 → 继续但标记告警
[2026-10-03 03:58:01] ✅ beat ok: node_id=FSTDD003 last_seen=1790971080.744503
[2026-10-03 03:58:49] ❌ beat fail (160/30): HTTP 403: {"error": "credential rejected", "reason": "credential_revoked", "fix": "检查 X-FSTDD-Token 是否为有效且未吊销的节点凭据；若遗失请联系管理节点(K)重新签发"}
[2026-10-03 03:58:49] ⚠️ 连续失败超限 → 继续但标记告警
[2026-10-03 03:58:51] ❌ beat fail (528/30): HTTP 403: {"error": "credential rejected", "reason": "credential_revoked", "fix": "检查 X-FSTDD-Token 是否为有效且未吊销的节点凭据；若遗失请联系管理节点(K)重新签发"}
[2026-10-03 03:58:51] ⚠️ 连续失败超限 → 继续但标记告警
[2026-10-03 03:58:58] ❌ beat fail (423/30): HTTP 403: {"error": "credential rejected", "reason": "credential_revoked", "fix": "检查 X-FSTDD-Token 是否为有效且未吊销的节点凭据；若遗失请联系管理节点(K)重新签发"}
[2026-10-03 03:58:58] ⚠️ 连续失败超限 → 继续但标记告警
[2026-10-03 03:59:02] ✅ beat ok: node_id=FSTDD003 last_seen=1790971141.8203485
[2026-10-03 03:59:49] ❌ beat fail (161/30): HTTP 403: {"error": "credential rejected", "reason": "credential_revoked", "fix": "检查 X-FSTDD-Token 是否为有效且未吊销的节点凭据；若遗失请联系管理节点(K)重新签发"}
[2026-10-03 03:59:49] ⚠️ 连续失败超限 → 继续但标记告警
[2026-10-03 03:59:52] ❌ beat fail (529/30): HTTP 403: {"error": "credential rejected", "reason": "credential_revoked", "fix": "检查 X-FSTDD-Token 是否为有效且未吊销的节点凭据；若遗失请联系管理节点(K)重新签发"}
[2026-10-03 03:59:52] ⚠️ 连续失败超限 → 继续但标记告警
[2026-10-03 03:59:59] ❌ beat fail (424/30): HTTP 403: {"error": "credential rejected", "reason": "credential_revoked", "fix": "检查 X-FSTDD-Token 是否为有效且未吊销的节点凭据；若遗失请联系管理节点(K)重新签发"}
[2026-10-03 03:59:59] ⚠️ 连续失败超限 → 继续但标记告警
[2026-10-03 04:00:02] ✅ beat ok: node_id=FSTDD003 last_seen=1790971202.9096706
[2026-10-03 04:00:50] ❌ beat fail (162/30): HTTP 403: {"error": "credential rejected", "reason": "credential_revoked", "fix": "检查 X-FSTDD-Token 是否为有效且未吊销的节点凭据；若遗失请联系管理节点(K)重新签发"}
[2026-10-03 04:00:50] ⚠️ 连续失败超限 → 继续但标记告警
[2026-10-03 04:00:53] ❌ beat fail (530/30): HTTP 403: {"error": "credential rejected", "reason": "credential_revoked", "fix": "检查 X-FSTDD-Token 是否为有效且未吊销的节点凭据；若遗失请联系管理节点(K)重新签发"}
[2026-10-03 04:00:53] ⚠️ 连续失败超限 → 继续但标记告警
[2026-10-03 04:01:00] ❌ beat fail (425/30): HTTP 403: {"error": "credential rejected", "reason": "credential_revoked", "fix": "检查 X-FSTDD-Token 是否为有效且未吊销的节点凭据；若遗失请联系管理节点(K)重新签发"}
[2026-10-03 04:01:00] ⚠️ 连续失败超限 → 继续但标记告警
[2026-10-03 04:01:03] ✅ beat ok: node_id=FSTDD003 last_seen=1790971263.610057
[2026-10-03 04:01:51] ❌ beat fail (163/30): HTTP 403: {"error": "credential rejected", "reason": "credential_revoked", "fix": "检查 X-FSTDD-Token 是否为有效且未吊销的节点凭据；若遗失请联系管理节点(K)重新签发"}
[2026-10-03 04:01:51] ⚠️ 连续失败超限 → 继续但标记告警
[2026-10-03 04:01:54] ❌ beat fail (531/30): HTTP 403: {"error": "credential rejected", "reason": "credential_revoked", "fix": "检查 X-FSTDD-Token 是否为有效且未吊销的节点凭据；若遗失请联系管理节点(K)重新签发"}
[2026-10-03 04:01:54] ⚠️ 连续失败超限 → 继续但标记告警
[2026-10-03 04:02:00] ❌ beat fail (426/30): HTTP 403: {"error": "credential rejected", "reason": "credential_revoked", "fix": "检查 X-FSTDD-Token 是否为有效且未吊销的节点凭据；若遗失请联系管理节点(K)重新签发"}
[2026-10-03 04:02:00] ⚠️ 连续失败超限 → 继续但标记告警
[2026-10-03 04:02:04] ✅ beat ok: node_id=FSTDD003 last_seen=1790971324.30308
[2026-10-03 04:02:52] ❌ beat fail (164/30): HTTP 403: {"error": "credential rejected", "reason": "credential_revoked", "fix": "检查 X-FSTDD-Token 是否为有效且未吊销的节点凭据；若遗失请联系管理节点(K)重新签发"}
[2026-10-03 04:02:52] ⚠️ 连续失败超限 → 继续但标记告警
[2026-10-03 04:02:55] ❌ beat fail (532/30): HTTP 403: {"error": "credential rejected", "reason": "credential_revoked", "fix": "检查 X-FSTDD-Token 是否为有效且未吊销的节点凭据；若遗失请联系管理节点(K)重新签发"}
[2026-10-03 04:02:55] ⚠️ 连续失败超限 → 继续但标记告警
[2026-10-03 04:03:01] ❌ beat fail (427/30): HTTP 403: {"error": "credential rejected", "reason": "credential_revoked", "fix": "检查 X-FSTDD-Token 是否为有效且未吊销的节点凭据；若遗失请联系管理节点(K)重新签发"}
[2026-10-03 04:03:01] ⚠️ 连续失败超限 → 继续但标记告警
[2026-10-03 04:03:05] ✅ beat ok: node_id=FSTDD003 last_seen=1790971385.1108878
[2026-10-03 04:03:53] ❌ beat fail (165/30): HTTP 403: {"error": "credential rejected", "reason": "credential_revoked", "fix": "检查 X-FSTDD-Token 是否为有效且未吊销的节点凭据；若遗失请联系管理节点(K)重新签发"}
[2026-10-03 04:03:53] ⚠️ 连续失败超限 → 继续但标记告警
[2026-10-03 04:03:57] ❌ beat fail (533/30): HTTP 403: {"error": "credential rejected", "reason": "credential_revoked", "fix": "检查 X-FSTDD-Token 是否为有效且未吊销的节点凭据；若遗失请联系管理节点(K)重新签发"}
[2026-10-03 04:03:57] ⚠️ 连续失败超限 → 继续但标记告警
[2026-10-03 04:04:02] ❌ beat fail (428/30): HTTP 403: {"error": "credential rejected", "reason": "credential_revoked", "fix": "检查 X-FSTDD-Token 是否为有效且未吊销的节点凭据；若遗失请联系管理节点(K)重新签发"}
[2026-10-03 04:04:02] ⚠️ 连续失败超限 → 继续但标记告警
[2026-10-03 04:04:06] ✅ beat ok: node_id=FSTDD003 last_seen=1790971446.1947815
[2026-10-03 04:04:54] ❌ beat fail (166/30): HTTP 403: {"error": "credential rejected", "reason": "credential_revoked", "fix": "检查 X-FSTDD-Token 是否为有效且未吊销的节点凭据；若遗失请联系管理节点(K)重新签发"}
[2026-10-03 04:04:54] ⚠️ 连续失败超限 → 继续但标记告警
[2026-10-03 04:04:57] ❌ beat fail (534/30): HTTP 403: {"error": "credential rejected", "reason": "credential_revoked", "fix": "检查 X-FSTDD-Token 是否为有效且未吊销的节点凭据；若遗失请联系管理节点(K)重新签发"}
[2026-10-03 04:04:57] ⚠️ 连续失败超限 → 继续但标记告警
[2026-10-03 04:05:03] ❌ beat fail (429/30): HTTP 403: {"error": "credential rejected", "reason": "credential_revoked", "fix": "检查 X-FSTDD-Token 是否为有效且未吊销的节点凭据；若遗失请联系管理节点(K)重新签发"}
[2026-10-03 04:05:03] ⚠️ 连续失败超限 → 继续但标记告警
[2026-10-03 04:05:07] ✅ beat ok: node_id=FSTDD003 last_seen=1790971507.2768605
[2026-10-03 04:05:55] ❌ beat fail (167/30): HTTP 403: {"error": "credential rejected", "reason": "credential_revoked", "fix": "检查 X-FSTDD-Token 是否为有效且未吊销的节点凭据；若遗失请联系管理节点(K)重新签发"}
[2026-10-03 04:05:55] ⚠️ 连续失败超限 → 继续但标记告警
[2026-10-03 04:05:58] ❌ beat fail (535/30): HTTP 403: {"error": "credential rejected", "reason": "credential_revoked", "fix": "检查 X-FSTDD-Token 是否为有效且未吊销的节点凭据；若遗失请联系管理节点(K)重新签发"}
[2026-10-03 04:05:58] ⚠️ 连续失败超限 → 继续但标记告警
[2026-10-03 04:06:04] ❌ beat fail (430/30): HTTP 403: {"error": "credential rejected", "reason": "credential_revoked", "fix": "检查 X-FSTDD-Token 是否为有效且未吊销的节点凭据；若遗失请联系管理节点(K)重新签发"}
[2026-10-03 04:06:04] ⚠️ 连续失败超限 → 继续但标记告警
[2026-10-03 04:06:08] ✅ beat ok: node_id=FSTDD003 last_seen=1790971568.3456886
[2026-10-03 04:06:56] ❌ beat fail (168/30): HTTP 403: {"error": "credential rejected", "reason": "credential_revoked", "fix": "检查 X-FSTDD-Token 是否为有效且未吊销的节点凭据；若遗失请联系管理节点(K)重新签发"}
[2026-10-03 04:06:56] ⚠️ 连续失败超限 → 继续但标记告警
[2026-10-03 04:06:59] ❌ beat fail (536/30): HTTP 403: {"error": "credential rejected", "reason": "credential_revoked", "fix": "检查 X-FSTDD-Token 是否为有效且未吊销的节点凭据；若遗失请联系管理节点(K)重新签发"}
[2026-10-03 04:06:59] ⚠️ 连续失败超限 → 继续但标记告警
[2026-10-03 04:07:05] ❌ beat fail (431/30): HTTP 403: {"error": "credential rejected", "reason": "credential_revoked", "fix": "检查 X-FSTDD-Token 是否为有效且未吊销的节点凭据；若遗失请联系管理节点(K)重新签发"}
[2026-10-03 04:07:05] ⚠️ 连续失败超限 → 继续但标记告警
[2026-10-03 04:07:09] ✅ beat ok: node_id=FSTDD003 last_seen=1790971629.508738
[2026-10-03 04:07:57] ❌ beat fail (169/30): HTTP 403: {"error": "credential rejected", "reason": "credential_revoked", "fix": "检查 X-FSTDD-Token 是否为有效且未吊销的节点凭据；若遗失请联系管理节点(K)重新签发"}
[2026-10-03 04:07:57] ⚠️ 连续失败超限 → 继续但标记告警
[2026-10-03 04:07:59] ❌ beat fail (537/30): HTTP 403: {"error": "credential rejected", "reason": "credential_revoked", "fix": "检查 X-FSTDD-Token 是否为有效且未吊销的节点凭据；若遗失请联系管理节点(K)重新签发"}
[2026-10-03 04:07:59] ⚠️ 连续失败超限 → 继续但标记告警
[2026-10-03 04:08:06] ❌ beat fail (432/30): HTTP 403: {"error": "credential rejected", "reason": "credential_revoked", "fix": "检查 X-FSTDD-Token 是否为有效且未吊销的节点凭据；若遗失请联系管理节点(K)重新签发"}
[2026-10-03 04:08:06] ⚠️ 连续失败超限 → 继续但标记告警
[2026-10-03 04:08:10] ✅ beat ok: node_id=FSTDD003 last_seen=1790971690.5789478
[2026-10-03 04:08:58] ❌ beat fail (170/30): HTTP 403: {"error": "credential rejected", "reason": "credential_revoked", "fix": "检查 X-FSTDD-Token 是否为有效且未吊销的节点凭据；若遗失请联系管理节点(K)重新签发"}
[2026-10-03 04:08:58] ⚠️ 连续失败超限 → 继续但标记告警
[2026-10-03 04:09:00] ❌ beat fail (538/30): HTTP 403: {"error": "credential rejected", "reason": "credential_revoked", "fix": "检查 X-FSTDD-Token 是否为有效且未吊销的节点凭据；若遗失请联系管理节点(K)重新签发"}
[2026-10-03 04:09:00] ⚠️ 连续失败超限 → 继续但标记告警
[2026-10-03 04:09:07] ❌ beat fail (433/30): HTTP 403: {"error": "credential rejected", "reason": "credential_revoked", "fix": "检查 X-FSTDD-Token 是否为有效且未吊销的节点凭据；若遗失请联系管理节点(K)重新签发"}
[2026-10-03 04:09:07] ⚠️ 连续失败超限 → 继续但标记告警
[2026-10-03 04:09:11] ✅ beat ok: node_id=FSTDD003 last_seen=1790971751.6590068
[2026-10-03 04:09:59] ❌ beat fail (171/30): HTTP 403: {"error": "credential rejected", "reason": "credential_revoked", "fix": "检查 X-FSTDD-Token 是否为有效且未吊销的节点凭据；若遗失请联系管理节点(K)重新签发"}
[2026-10-03 04:09:59] ⚠️ 连续失败超限 → 继续但标记告警
[2026-10-03 04:10:01] ❌ beat fail (539/30): HTTP 403: {"error": "credential rejected", "reason": "credential_revoked", "fix": "检查 X-FSTDD-Token 是否为有效且未吊销的节点凭据；若遗失请联系管理节点(K)重新签发"}
[2026-10-03 04:10:01] ⚠️ 连续失败超限 → 继续但标记告警
[2026-10-03 04:10:08] ❌ beat fail (434/30): HTTP 403: {"error": "credential rejected", "reason": "credential_revoked", "fix": "检查 X-FSTDD-Token 是否为有效且未吊销的节点凭据；若遗失请联系管理节点(K)重新签发"}
[2026-10-03 04:10:08] ⚠️ 连续失败超限 → 继续但标记告警
[2026-10-03 04:10:12] ✅ beat ok: node_id=FSTDD003 last_seen=1790971812.3497808
[2026-10-03 04:11:00] ❌ beat fail (172/30): HTTP 403: {"error": "credential rejected", "reason": "credential_revoked", "fix": "检查 X-FSTDD-Token 是否为有效且未吊销的节点凭据；若遗失请联系管理节点(K)重新签发"}
[2026-10-03 04:11:00] ⚠️ 连续失败超限 → 继续但标记告警
[2026-10-03 04:11:03] ❌ beat fail (540/30): HTTP 403: {"error": "credential rejected", "reason": "credential_revoked", "fix": "检查 X-FSTDD-Token 是否为有效且未吊销的节点凭据；若遗失请联系管理节点(K)重新签发"}
[2026-10-03 04:11:03] ⚠️ 连续失败超限 → 继续但标记告警
[2026-10-03 04:11:09] ❌ beat fail (435/30): HTTP 403: {"error": "credential rejected", "reason": "credential_revoked", "fix": "检查 X-FSTDD-Token 是否为有效且未吊销的节点凭据；若遗失请联系管理节点(K)重新签发"}
[2026-10-03 04:11:09] ⚠️ 连续失败超限 → 继续但标记告警
[2026-10-03 04:11:13] ✅ beat ok: node_id=FSTDD003 last_seen=1790971873.0424247
[2026-10-03 04:12:01] ❌ beat fail (173/30): HTTP 403: {"error": "credential rejected", "reason": "credential_revoked", "fix": "检查 X-FSTDD-Token 是否为有效且未吊销的节点凭据；若遗失请联系管理节点(K)重新签发"}
[2026-10-03 04:12:01] ⚠️ 连续失败超限 → 继续但标记告警
[2026-10-03 04:12:03] ❌ beat fail (541/30): HTTP 403: {"error": "credential rejected", "reason": "credential_revoked", "fix": "检查 X-FSTDD-Token 是否为有效且未吊销的节点凭据；若遗失请联系管理节点(K)重新签发"}
[2026-10-03 04:12:03] ⚠️ 连续失败超限 → 继续但标记告警
[2026-10-03 04:12:10] ❌ beat fail (436/30): HTTP 403: {"error": "credential rejected", "reason": "credential_revoked", "fix": "检查 X-FSTDD-Token 是否为有效且未吊销的节点凭据；若遗失请联系管理节点(K)重新签发"}
[2026-10-03 04:12:10] ⚠️ 连续失败超限 → 继续但标记告警
[2026-10-03 04:12:14] ✅ beat ok: node_id=FSTDD003 last_seen=1790971934.1449132
[2026-10-03 04:13:02] ❌ beat fail (174/30): HTTP 403: {"error": "credential rejected", "reason": "credential_revoked", "fix": "检查 X-FSTDD-Token 是否为有效且未吊销的节点凭据；若遗失请联系管理节点(K)重新签发"}
[2026-10-03 04:13:02] ⚠️ 连续失败超限 → 继续但标记告警
[2026-10-03 04:13:04] ❌ beat fail (542/30): HTTP 403: {"error": "credential rejected", "reason": "credential_revoked", "fix": "检查 X-FSTDD-Token 是否为有效且未吊销的节点凭据；若遗失请联系管理节点(K)重新签发"}
[2026-10-03 04:13:04] ⚠️ 连续失败超限 → 继续但标记告警
[2026-10-03 04:13:11] ❌ beat fail (437/30): HTTP 403: {"error": "credential rejected", "reason": "credential_revoked", "fix": "检查 X-FSTDD-Token 是否为有效且未吊销的节点凭据；若遗失请联系管理节点(K)重新签发"}
[2026-10-03 04:13:11] ⚠️ 连续失败超限 → 继续但标记告警
[2026-10-03 04:13:15] ✅ beat ok: node_id=FSTDD003 last_seen=1790971995.239398
[2026-10-03 04:14:03] ❌ beat fail (175/30): HTTP 403: {"error": "credential rejected", "reason": "credential_revoked", "fix": "检查 X-FSTDD-Token 是否为有效且未吊销的节点凭据；若遗失请联系管理节点(K)重新签发"}
[2026-10-03 04:14:03] ⚠️ 连续失败超限 → 继续但标记告警
[2026-10-03 04:14:05] ❌ beat fail (543/30): HTTP 403: {"error": "credential rejected", "reason": "credential_revoked", "fix": "检查 X-FSTDD-Token 是否为有效且未吊销的节点凭据；若遗失请联系管理节点(K)重新签发"}
[2026-10-03 04:14:05] ⚠️ 连续失败超限 → 继续但标记告警
[2026-10-03 04:14:12] ❌ beat fail (438/30): HTTP 403: {"error": "credential rejected", "reason": "credential_revoked", "fix": "检查 X-FSTDD-Token 是否为有效且未吊销的节点凭据；若遗失请联系管理节点(K)重新签发"}
[2026-10-03 04:14:12] ⚠️ 连续失败超限 → 继续但标记告警
[2026-10-03 04:14:16] ✅ beat ok: node_id=FSTDD003 last_seen=1790972056.314016
[2026-10-03 04:15:05] ❌ beat fail (176/30): HTTP 403: {"error": "credential rejected", "reason": "credential_revoked", "fix": "检查 X-FSTDD-Token 是否为有效且未吊销的节点凭据；若遗失请联系管理节点(K)重新签发"}
[2026-10-03 04:15:05] ⚠️ 连续失败超限 → 继续但标记告警
[2026-10-03 04:15:06] ❌ beat fail (544/30): HTTP 403: {"error": "credential rejected", "reason": "credential_revoked", "fix": "检查 X-FSTDD-Token 是否为有效且未吊销的节点凭据；若遗失请联系管理节点(K)重新签发"}
[2026-10-03 04:15:06] ⚠️ 连续失败超限 → 继续但标记告警
[2026-10-03 04:15:13] ❌ beat fail (439/30): HTTP 403: {"error": "credential rejected", "reason": "credential_revoked", "fix": "检查 X-FSTDD-Token 是否为有效且未吊销的节点凭据；若遗失请联系管理节点(K)重新签发"}
[2026-10-03 04:15:13] ⚠️ 连续失败超限 → 继续但标记告警
[2026-10-03 04:15:17] ✅ beat ok: node_id=FSTDD003 last_seen=1790972117.390814
[2026-10-03 04:16:05] ❌ beat fail (177/30): HTTP 403: {"error": "credential rejected", "reason": "credential_revoked", "fix": "检查 X-FSTDD-Token 是否为有效且未吊销的节点凭据；若遗失请联系管理节点(K)重新签发"}
[2026-10-03 04:16:05] ⚠️ 连续失败超限 → 继续但标记告警
[2026-10-03 04:16:07] ❌ beat fail (545/30): HTTP 403: {"error": "credential rejected", "reason": "credential_revoked", "fix": "检查 X-FSTDD-Token 是否为有效且未吊销的节点凭据；若遗失请联系管理节点(K)重新签发"}
[2026-10-03 04:16:07] ⚠️ 连续失败超限 → 继续但标记告警
[2026-10-03 04:16:14] ❌ beat fail (440/30): HTTP 403: {"error": "credential rejected", "reason": "credential_revoked", "fix": "检查 X-FSTDD-Token 是否为有效且未吊销的节点凭据；若遗失请联系管理节点(K)重新签发"}
[2026-10-03 04:16:14] ⚠️ 连续失败超限 → 继续但标记告警
[2026-10-03 04:16:18] ✅ beat ok: node_id=FSTDD003 last_seen=1790972178.4737515
[2026-10-03 04:17:06] ❌ beat fail (178/30): HTTP 403: {"error": "credential rejected", "reason": "credential_revoked", "fix": "检查 X-FSTDD-Token 是否为有效且未吊销的节点凭据；若遗失请联系管理节点(K)重新签发"}
[2026-10-03 04:17:06] ⚠️ 连续失败超限 → 继续但标记告警
[2026-10-03 04:17:08] ❌ beat fail (546/30): HTTP 403: {"error": "credential rejected", "reason": "credential_revoked", "fix": "检查 X-FSTDD-Token 是否为有效且未吊销的节点凭据；若遗失请联系管理节点(K)重新签发"}
[2026-10-03 04:17:08] ⚠️ 连续失败超限 → 继续但标记告警
[2026-10-03 04:17:15] ❌ beat fail (441/30): HTTP 403: {"error": "credential rejected", "reason": "credential_revoked", "fix": "检查 X-FSTDD-Token 是否为有效且未吊销的节点凭据；若遗失请联系管理节点(K)重新签发"}
[2026-10-03 04:17:15] ⚠️ 连续失败超限 → 继续但标记告警
[2026-10-03 04:17:19] ✅ beat ok: node_id=FSTDD003 last_seen=1790972239.1649902
[2026-10-03 04:18:07] ❌ beat fail (179/30): HTTP 403: {"error": "credential rejected", "reason": "credential_revoked", "fix": "检查 X-FSTDD-Token 是否为有效且未吊销的节点凭据；若遗失请联系管理节点(K)重新签发"}
[2026-10-03 04:18:07] ⚠️ 连续失败超限 → 继续但标记告警
[2026-10-03 04:18:09] ❌ beat fail (547/30): HTTP 403: {"error": "credential rejected", "reason": "credential_revoked", "fix": "检查 X-FSTDD-Token 是否为有效且未吊销的节点凭据；若遗失请联系管理节点(K)重新签发"}
[2026-10-03 04:18:09] ⚠️ 连续失败超限 → 继续但标记告警
[2026-10-03 04:18:16] ❌ beat fail (442/30): HTTP 403: {"error": "credential rejected", "reason": "credential_revoked", "fix": "检查 X-FSTDD-Token 是否为有效且未吊销的节点凭据；若遗失请联系管理节点(K)重新签发"}
[2026-10-03 04:18:16] ⚠️ 连续失败超限 → 继续但标记告警
[2026-10-03 04:18:20] ✅ beat ok: node_id=FSTDD003 last_seen=1790972299.859045
[2026-10-03 04:19:08] ❌ beat fail (180/30): HTTP 403: {"error": "credential rejected", "reason": "credential_revoked", "fix": "检查 X-FSTDD-Token 是否为有效且未吊销的节点凭据；若遗失请联系管理节点(K)重新签发"}
[2026-10-03 04:19:08] ⚠️ 连续失败超限 → 继续但标记告警
[2026-10-03 04:19:10] ❌ beat fail (548/30): HTTP 403: {"error": "credential rejected", "reason": "credential_revoked", "fix": "检查 X-FSTDD-Token 是否为有效且未吊销的节点凭据；若遗失请联系管理节点(K)重新签发"}
[2026-10-03 04:19:10] ⚠️ 连续失败超限 → 继续但标记告警
[2026-10-03 04:19:17] ❌ beat fail (443/30): HTTP 403: {"error": "credential rejected", "reason": "credential_revoked", "fix": "检查 X-FSTDD-Token 是否为有效且未吊销的节点凭据；若遗失请联系管理节点(K)重新签发"}
[2026-10-03 04:19:17] ⚠️ 连续失败超限 → 继续但标记告警
[2026-10-03 04:19:21] ✅ beat ok: node_id=FSTDD003 last_seen=1790972360.9373844
[2026-10-03 04:20:09] ❌ beat fail (181/30): HTTP 403: {"error": "credential rejected", "reason": "credential_revoked", "fix": "检查 X-FSTDD-Token 是否为有效且未吊销的节点凭据；若遗失请联系管理节点(K)重新签发"}
[2026-10-03 04:20:09] ⚠️ 连续失败超限 → 继续但标记告警
[2026-10-03 04:20:11] ❌ beat fail (549/30): HTTP 403: {"error": "credential rejected", "reason": "credential_revoked", "fix": "检查 X-FSTDD-Token 是否为有效且未吊销的节点凭据；若遗失请联系管理节点(K)重新签发"}
[2026-10-03 04:20:11] ⚠️ 连续失败超限 → 继续但标记告警
[2026-10-03 04:20:18] ❌ beat fail (444/30): HTTP 403: {"error": "credential rejected", "reason": "credential_revoked", "fix": "检查 X-FSTDD-Token 是否为有效且未吊销的节点凭据；若遗失请联系管理节点(K)重新签发"}
[2026-10-03 04:20:18] ⚠️ 连续失败超限 → 继续但标记告警
[2026-10-03 04:20:22] ✅ beat ok: node_id=FSTDD003 last_seen=1790972422.009274
[2026-10-03 04:21:10] ❌ beat fail (182/30): HTTP 403: {"error": "credential rejected", "reason": "credential_revoked", "fix": "检查 X-FSTDD-Token 是否为有效且未吊销的节点凭据；若遗失请联系管理节点(K)重新签发"}
[2026-10-03 04:21:10] ⚠️ 连续失败超限 → 继续但标记告警
[2026-10-03 04:21:12] ❌ beat fail (550/30): HTTP 403: {"error": "credential rejected", "reason": "credential_revoked", "fix": "检查 X-FSTDD-Token 是否为有效且未吊销的节点凭据；若遗失请联系管理节点(K)重新签发"}
[2026-10-03 04:21:12] ⚠️ 连续失败超限 → 继续但标记告警
[2026-10-03 04:21:19] ❌ beat fail (445/30): HTTP 403: {"error": "credential rejected", "reason": "credential_revoked", "fix": "检查 X-FSTDD-Token 是否为有效且未吊销的节点凭据；若遗失请联系管理节点(K)重新签发"}
[2026-10-03 04:21:19] ⚠️ 连续失败超限 → 继续但标记告警
[2026-10-03 04:21:23] ✅ beat ok: node_id=FSTDD003 last_seen=1790972483.0784194
[2026-10-03 04:22:11] ❌ beat fail (183/30): HTTP 403: {"error": "credential rejected", "reason": "credential_revoked", "fix": "检查 X-FSTDD-Token 是否为有效且未吊销的节点凭据；若遗失请联系管理节点(K)重新签发"}
[2026-10-03 04:22:12] ⚠️ 连续失败超限 → 继续但标记告警
[2026-10-03 04:22:13] ❌ beat fail (551/30): HTTP 403: {"error": "credential rejected", "reason": "credential_revoked", "fix": "检查 X-FSTDD-Token 是否为有效且未吊销的节点凭据；若遗失请联系管理节点(K)重新签发"}
[2026-10-03 04:22:13] ⚠️ 连续失败超限 → 继续但标记告警
[2026-10-03 04:22:19] ❌ beat fail (446/30): HTTP 403: {"error": "credential rejected", "reason": "credential_revoked", "fix": "检查 X-FSTDD-Token 是否为有效且未吊销的节点凭据；若遗失请联系管理节点(K)重新签发"}
[2026-10-03 04:22:20] ⚠️ 连续失败超限 → 继续但标记告警
[2026-10-03 04:22:24] ✅ beat ok: node_id=FSTDD003 last_seen=1790972544.15918
[2026-10-03 04:23:12] ❌ beat fail (184/30): HTTP 403: {"error": "credential rejected", "reason": "credential_revoked", "fix": "检查 X-FSTDD-Token 是否为有效且未吊销的节点凭据；若遗失请联系管理节点(K)重新签发"}
[2026-10-03 04:23:12] ⚠️ 连续失败超限 → 继续但标记告警
[2026-10-03 04:23:14] ❌ beat fail (552/30): HTTP 403: {"error": "credential rejected", "reason": "credential_revoked", "fix": "检查 X-FSTDD-Token 是否为有效且未吊销的节点凭据；若遗失请联系管理节点(K)重新签发"}
[2026-10-03 04:23:14] ⚠️ 连续失败超限 → 继续但标记告警
[2026-10-03 04:23:21] ❌ beat fail (447/30): HTTP 403: {"error": "credential rejected", "reason": "credential_revoked", "fix": "检查 X-FSTDD-Token 是否为有效且未吊销的节点凭据；若遗失请联系管理节点(K)重新签发"}
[2026-10-03 04:23:21] ⚠️ 连续失败超限 → 继续但标记告警
[2026-10-03 04:23:25] ✅ beat ok: node_id=FSTDD003 last_seen=1790972604.8500426
[2026-10-03 04:24:13] ❌ beat fail (185/30): HTTP 403: {"error": "credential rejected", "reason": "credential_revoked", "fix": "检查 X-FSTDD-Token 是否为有效且未吊销的节点凭据；若遗失请联系管理节点(K)重新签发"}
[2026-10-03 04:24:13] ⚠️ 连续失败超限 → 继续但标记告警
[2026-10-03 04:24:15] ❌ beat fail (553/30): HTTP 403: {"error": "credential rejected", "reason": "credential_revoked", "fix": "检查 X-FSTDD-Token 是否为有效且未吊销的节点凭据；若遗失请联系管理节点(K)重新签发"}
[2026-10-03 04:24:15] ⚠️ 连续失败超限 → 继续但标记告警
[2026-10-03 04:24:22] ❌ beat fail (448/30): HTTP 403: {"error": "credential rejected", "reason": "credential_revoked", "fix": "检查 X-FSTDD-Token 是否为有效且未吊销的节点凭据；若遗失请联系管理节点(K)重新签发"}
[2026-10-03 04:24:22] ⚠️ 连续失败超限 → 继续但标记告警
[2026-10-03 04:24:25] ✅ beat ok: node_id=FSTDD003 last_seen=1790972665.9256802
[2026-10-03 04:25:15] ❌ beat fail (186/30): HTTP 403: {"error": "credential rejected", "reason": "credential_revoked", "fix": "检查 X-FSTDD-Token 是否为有效且未吊销的节点凭据；若遗失请联系管理节点(K)重新签发"}
[2026-10-03 04:25:15] ⚠️ 连续失败超限 → 继续但标记告警
[2026-10-03 04:25:16] ❌ beat fail (554/30): HTTP 403: {"error": "credential rejected", "reason": "credential_revoked", "fix": "检查 X-FSTDD-Token 是否为有效且未吊销的节点凭据；若遗失请联系管理节点(K)重新签发"}
[2026-10-03 04:25:16] ⚠️ 连续失败超限 → 继续但标记告警
[2026-10-03 04:25:23] ❌ beat fail (449/30): HTTP 403: {"error": "credential rejected", "reason": "credential_revoked", "fix": "检查 X-FSTDD-Token 是否为有效且未吊销的节点凭据；若遗失请联系管理节点(K)重新签发"}
[2026-10-03 04:25:23] ⚠️ 连续失败超限 → 继续但标记告警
[2026-10-03 04:25:26] ✅ beat ok: node_id=FSTDD003 last_seen=1790972726.6251793
[2026-10-03 04:26:16] ❌ beat fail (187/30): HTTP 403: {"error": "credential rejected", "reason": "credential_revoked", "fix": "检查 X-FSTDD-Token 是否为有效且未吊销的节点凭据；若遗失请联系管理节点(K)重新签发"}
[2026-10-03 04:26:16] ⚠️ 连续失败超限 → 继续但标记告警
[2026-10-03 04:26:17] ❌ beat fail (555/30): HTTP 403: {"error": "credential rejected", "reason": "credential_revoked", "fix": "检查 X-FSTDD-Token 是否为有效且未吊销的节点凭据；若遗失请联系管理节点(K)重新签发"}
[2026-10-03 04:26:17] ⚠️ 连续失败超限 → 继续但标记告警
[2026-10-03 04:26:24] ❌ beat fail (450/30): HTTP 403: {"error": "credential rejected", "reason": "credential_revoked", "fix": "检查 X-FSTDD-Token 是否为有效且未吊销的节点凭据；若遗失请联系管理节点(K)重新签发"}
[2026-10-03 04:26:24] ⚠️ 连续失败超限 → 继续但标记告警
[2026-10-03 04:26:28] ✅ beat ok: node_id=FSTDD003 last_seen=1790972787.7186043
[2026-10-03 04:27:16] ❌ beat fail (188/30): HTTP 403: {"error": "credential rejected", "reason": "credential_revoked", "fix": "检查 X-FSTDD-Token 是否为有效且未吊销的节点凭据；若遗失请联系管理节点(K)重新签发"}
[2026-10-03 04:27:16] ⚠️ 连续失败超限 → 继续但标记告警
[2026-10-03 04:27:18] ❌ beat fail (556/30): HTTP 403: {"error": "credential rejected", "reason": "credential_revoked", "fix": "检查 X-FSTDD-Token 是否为有效且未吊销的节点凭据；若遗失请联系管理节点(K)重新签发"}
[2026-10-03 04:27:18] ⚠️ 连续失败超限 → 继续但标记告警
[2026-10-03 04:27:25] ❌ beat fail (451/30): HTTP 403: {"error": "credential rejected", "reason": "credential_revoked", "fix": "检查 X-FSTDD-Token 是否为有效且未吊销的节点凭据；若遗失请联系管理节点(K)重新签发"}
[2026-10-03 04:27:25] ⚠️ 连续失败超限 → 继续但标记告警
[2026-10-03 04:27:29] ✅ beat ok: node_id=FSTDD003 last_seen=1790972848.7948859
[2026-10-03 04:28:17] ❌ beat fail (189/30): HTTP 403: {"error": "credential rejected", "reason": "credential_revoked", "fix": "检查 X-FSTDD-Token 是否为有效且未吊销的节点凭据；若遗失请联系管理节点(K)重新签发"}
[2026-10-03 04:28:17] ⚠️ 连续失败超限 → 继续但标记告警
[2026-10-03 04:28:19] ❌ beat fail (557/30): HTTP 403: {"error": "credential rejected", "reason": "credential_revoked", "fix": "检查 X-FSTDD-Token 是否为有效且未吊销的节点凭据；若遗失请联系管理节点(K)重新签发"}
[2026-10-03 04:28:19] ⚠️ 连续失败超限 → 继续但标记告警
[2026-10-03 04:28:26] ❌ beat fail (452/30): HTTP 403: {"error": "credential rejected", "reason": "credential_revoked", "fix": "检查 X-FSTDD-Token 是否为有效且未吊销的节点凭据；若遗失请联系管理节点(K)重新签发"}
[2026-10-03 04:28:26] ⚠️ 连续失败超限 → 继续但标记告警
[2026-10-03 04:28:29] ✅ beat ok: node_id=FSTDD003 last_seen=1790972909.866408
[2026-10-03 04:29:18] ❌ beat fail (190/30): HTTP 403: {"error": "credential rejected", "reason": "credential_revoked", "fix": "检查 X-FSTDD-Token 是否为有效且未吊销的节点凭据；若遗失请联系管理节点(K)重新签发"}
[2026-10-03 04:29:18] ⚠️ 连续失败超限 → 继续但标记告警
[2026-10-03 04:29:20] ❌ beat fail (558/30): HTTP 403: {"error": "credential rejected", "reason": "credential_revoked", "fix": "检查 X-FSTDD-Token 是否为有效且未吊销的节点凭据；若遗失请联系管理节点(K)重新签发"}
[2026-10-03 04:29:20] ⚠️ 连续失败超限 → 继续但标记告警
[2026-10-03 04:29:27] ❌ beat fail (453/30): HTTP 403: {"error": "credential rejected", "reason": "credential_revoked", "fix": "检查 X-FSTDD-Token 是否为有效且未吊销的节点凭据；若遗失请联系管理节点(K)重新签发"}
[2026-10-03 04:29:27] ⚠️ 连续失败超限 → 继续但标记告警
[2026-10-03 04:29:30] ✅ beat ok: node_id=FSTDD003 last_seen=1790972970.5707011
[2026-10-03 04:30:20] ❌ beat fail (191/30): HTTP 403: {"error": "credential rejected", "reason": "credential_revoked", "fix": "检查 X-FSTDD-Token 是否为有效且未吊销的节点凭据；若遗失请联系管理节点(K)重新签发"}
[2026-10-03 04:30:20] ⚠️ 连续失败超限 → 继续但标记告警
[2026-10-03 04:30:21] ❌ beat fail (559/30): HTTP 403: {"error": "credential rejected", "reason": "credential_revoked", "fix": "检查 X-FSTDD-Token 是否为有效且未吊销的节点凭据；若遗失请联系管理节点(K)重新签发"}
[2026-10-03 04:30:21] ⚠️ 连续失败超限 → 继续但标记告警
[2026-10-03 04:30:28] ❌ beat fail (454/30): HTTP 403: {"error": "credential rejected", "reason": "credential_revoked", "fix": "检查 X-FSTDD-Token 是否为有效且未吊销的节点凭据；若遗失请联系管理节点(K)重新签发"}
[2026-10-03 04:30:28] ⚠️ 连续失败超限 → 继续但标记告警
[2026-10-03 04:30:31] ✅ beat ok: node_id=FSTDD003 last_seen=1790973031.2566469
[2026-10-03 04:31:20] ❌ beat fail (192/30): HTTP 403: {"error": "credential rejected", "reason": "credential_revoked", "fix": "检查 X-FSTDD-Token 是否为有效且未吊销的节点凭据；若遗失请联系管理节点(K)重新签发"}
[2026-10-03 04:31:20] ⚠️ 连续失败超限 → 继续但标记告警
[2026-10-03 04:31:22] ❌ beat fail (560/30): HTTP 403: {"error": "credential rejected", "reason": "credential_revoked", "fix": "检查 X-FSTDD-Token 是否为有效且未吊销的节点凭据；若遗失请联系管理节点(K)重新签发"}
[2026-10-03 04:31:22] ⚠️ 连续失败超限 → 继续但标记告警
[2026-10-03 04:31:29] ❌ beat fail (455/30): HTTP 403: {"error": "credential rejected", "reason": "credential_revoked", "fix": "检查 X-FSTDD-Token 是否为有效且未吊销的节点凭据；若遗失请联系管理节点(K)重新签发"}
[2026-10-03 04:31:29] ⚠️ 连续失败超限 → 继续但标记告警
[2026-10-03 04:31:31] ✅ beat ok: node_id=FSTDD003 last_seen=1790973091.947904
[2026-10-03 04:32:21] ❌ beat fail (193/30): HTTP 403: {"error": "credential rejected", "reason": "credential_revoked", "fix": "检查 X-FSTDD-Token 是否为有效且未吊销的节点凭据；若遗失请联系管理节点(K)重新签发"}
[2026-10-03 04:32:21] ⚠️ 连续失败超限 → 继续但标记告警
[2026-10-03 04:32:23] ❌ beat fail (561/30): HTTP 403: {"error": "credential rejected", "reason": "credential_revoked", "fix": "检查 X-FSTDD-Token 是否为有效且未吊销的节点凭据；若遗失请联系管理节点(K)重新签发"}
[2026-10-03 04:32:23] ⚠️ 连续失败超限 → 继续但标记告警
[2026-10-03 04:32:30] ❌ beat fail (456/30): HTTP 403: {"error": "credential rejected", "reason": "credential_revoked", "fix": "检查 X-FSTDD-Token 是否为有效且未吊销的节点凭据；若遗失请联系管理节点(K)重新签发"}
[2026-10-03 04:32:30] ⚠️ 连续失败超限 → 继续但标记告警
[2026-10-03 04:32:32] ✅ beat ok: node_id=FSTDD003 last_seen=1790973152.6334522
[2026-10-03 04:33:22] ❌ beat fail (194/30): HTTP 403: {"error": "credential rejected", "reason": "credential_revoked", "fix": "检查 X-FSTDD-Token 是否为有效且未吊销的节点凭据；若遗失请联系管理节点(K)重新签发"}
[2026-10-03 04:33:22] ⚠️ 连续失败超限 → 继续但标记告警
[2026-10-03 04:33:24] ❌ beat fail (562/30): HTTP 403: {"error": "credential rejected", "reason": "credential_revoked", "fix": "检查 X-FSTDD-Token 是否为有效且未吊销的节点凭据；若遗失请联系管理节点(K)重新签发"}
[2026-10-03 04:33:24] ⚠️ 连续失败超限 → 继续但标记告警
[2026-10-03 04:33:31] ❌ beat fail (457/30): HTTP 403: {"error": "credential rejected", "reason": "credential_revoked", "fix": "检查 X-FSTDD-Token 是否为有效且未吊销的节点凭据；若遗失请联系管理节点(K)重新签发"}
[2026-10-03 04:33:31] ⚠️ 连续失败超限 → 继续但标记告警
[2026-10-03 04:33:33] ✅ beat ok: node_id=FSTDD003 last_seen=1790973213.3186858
[2026-10-03 04:34:23] ❌ beat fail (195/30): HTTP 403: {"error": "credential rejected", "reason": "credential_revoked", "fix": "检查 X-FSTDD-Token 是否为有效且未吊销的节点凭据；若遗失请联系管理节点(K)重新签发"}
[2026-10-03 04:34:23] ⚠️ 连续失败超限 → 继续但标记告警
[2026-10-03 04:34:24] ❌ beat fail (563/30): HTTP 403: {"error": "credential rejected", "reason": "credential_revoked", "fix": "检查 X-FSTDD-Token 是否为有效且未吊销的节点凭据；若遗失请联系管理节点(K)重新签发"}
[2026-10-03 04:34:24] ⚠️ 连续失败超限 → 继续但标记告警
[2026-10-03 04:34:32] ❌ beat fail (458/30): HTTP 403: {"error": "credential rejected", "reason": "credential_revoked", "fix": "检查 X-FSTDD-Token 是否为有效且未吊销的节点凭据；若遗失请联系管理节点(K)重新签发"}
[2026-10-03 04:34:32] ⚠️ 连续失败超限 → 继续但标记告警
[2026-10-03 04:34:34] ✅ beat ok: node_id=FSTDD003 last_seen=1790973274.392956
[2026-10-03 04:35:24] ❌ beat fail (196/30): HTTP 403: {"error": "credential rejected", "reason": "credential_revoked", "fix": "检查 X-FSTDD-Token 是否为有效且未吊销的节点凭据；若遗失请联系管理节点(K)重新签发"}
[2026-10-03 04:35:24] ⚠️ 连续失败超限 → 继续但标记告警
[2026-10-03 04:35:26] ❌ beat fail (564/30): HTTP 403: {"error": "credential rejected", "reason": "credential_revoked", "fix": "检查 X-FSTDD-Token 是否为有效且未吊销的节点凭据；若遗失请联系管理节点(K)重新签发"}
[2026-10-03 04:35:26] ⚠️ 连续失败超限 → 继续但标记告警
[2026-10-03 04:35:32] ❌ beat fail (459/30): HTTP 403: {"error": "credential rejected", "reason": "credential_revoked", "fix": "检查 X-FSTDD-Token 是否为有效且未吊销的节点凭据；若遗失请联系管理节点(K)重新签发"}
[2026-10-03 04:35:32] ⚠️ 连续失败超限 → 继续但标记告警
[2026-10-03 04:35:34] ✅ beat ok: node_id=FSTDD003 last_seen=1790973335.0794804
[2026-10-03 04:36:24] ❌ beat fail (197/30): HTTP 403: {"error": "credential rejected", "reason": "credential_revoked", "fix": "检查 X-FSTDD-Token 是否为有效且未吊销的节点凭据；若遗失请联系管理节点(K)重新签发"}
[2026-10-03 04:36:24] ⚠️ 连续失败超限 → 继续但标记告警
[2026-10-03 04:36:27] ❌ beat fail (565/30): HTTP 403: {"error": "credential rejected", "reason": "credential_revoked", "fix": "检查 X-FSTDD-Token 是否为有效且未吊销的节点凭据；若遗失请联系管理节点(K)重新签发"}
[2026-10-03 04:36:27] ⚠️ 连续失败超限 → 继续但标记告警
[2026-10-03 04:36:33] ❌ beat fail (460/30): HTTP 403: {"error": "credential rejected", "reason": "credential_revoked", "fix": "检查 X-FSTDD-Token 是否为有效且未吊销的节点凭据；若遗失请联系管理节点(K)重新签发"}
[2026-10-03 04:36:33] ⚠️ 连续失败超限 → 继续但标记告警
[2026-10-03 04:36:35] ✅ beat ok: node_id=FSTDD003 last_seen=1790973395.7653391
[2026-10-03 04:37:25] ❌ beat fail (198/30): HTTP 403: {"error": "credential rejected", "reason": "credential_revoked", "fix": "检查 X-FSTDD-Token 是否为有效且未吊销的节点凭据；若遗失请联系管理节点(K)重新签发"}
[2026-10-03 04:37:25] ⚠️ 连续失败超限 → 继续但标记告警
[2026-10-03 04:37:28] ❌ beat fail (566/30): HTTP 403: {"error": "credential rejected", "reason": "credential_revoked", "fix": "检查 X-FSTDD-Token 是否为有效且未吊销的节点凭据；若遗失请联系管理节点(K)重新签发"}
[2026-10-03 04:37:28] ⚠️ 连续失败超限 → 继续但标记告警
[2026-10-03 04:37:35] ❌ beat fail (461/30): HTTP 403: {"error": "credential rejected", "reason": "credential_revoked", "fix": "检查 X-FSTDD-Token 是否为有效且未吊销的节点凭据；若遗失请联系管理节点(K)重新签发"}
[2026-10-03 04:37:35] ⚠️ 连续失败超限 → 继续但标记告警
[2026-10-03 04:37:36] ✅ beat ok: node_id=FSTDD003 last_seen=1790973456.4519546
[2026-10-03 04:38:26] ❌ beat fail (199/30): HTTP 403: {"error": "credential rejected", "reason": "credential_revoked", "fix": "检查 X-FSTDD-Token 是否为有效且未吊销的节点凭据；若遗失请联系管理节点(K)重新签发"}
[2026-10-03 04:38:26] ⚠️ 连续失败超限 → 继续但标记告警
[2026-10-03 04:38:29] ❌ beat fail (567/30): HTTP 403: {"error": "credential rejected", "reason": "credential_revoked", "fix": "检查 X-FSTDD-Token 是否为有效且未吊销的节点凭据；若遗失请联系管理节点(K)重新签发"}
[2026-10-03 04:38:29] ⚠️ 连续失败超限 → 继续但标记告警
[2026-10-03 04:38:36] ❌ beat fail (462/30): HTTP 403: {"error": "credential rejected", "reason": "credential_revoked", "fix": "检查 X-FSTDD-Token 是否为有效且未吊销的节点凭据；若遗失请联系管理节点(K)重新签发"}
[2026-10-03 04:38:36] ⚠️ 连续失败超限 → 继续但标记告警
[2026-10-03 04:38:37] ✅ beat ok: node_id=FSTDD003 last_seen=1790973517.2553647
[2026-10-03 04:39:26] ❌ beat fail (200/30): HTTP 403: {"error": "credential rejected", "reason": "credential_revoked", "fix": "检查 X-FSTDD-Token 是否为有效且未吊销的节点凭据；若遗失请联系管理节点(K)重新签发"}
[2026-10-03 04:39:26] ⚠️ 连续失败超限 → 继续但标记告警
[2026-10-03 04:39:29] ❌ beat fail (568/30): HTTP 403: {"error": "credential rejected", "reason": "credential_revoked", "fix": "检查 X-FSTDD-Token 是否为有效且未吊销的节点凭据；若遗失请联系管理节点(K)重新签发"}
[2026-10-03 04:39:29] ⚠️ 连续失败超限 → 继续但标记告警
[2026-10-03 04:39:36] ❌ beat fail (463/30): HTTP 403: {"error": "credential rejected", "reason": "credential_revoked", "fix": "检查 X-FSTDD-Token 是否为有效且未吊销的节点凭据；若遗失请联系管理节点(K)重新签发"}
[2026-10-03 04:39:36] ⚠️ 连续失败超限 → 继续但标记告警
[2026-10-03 04:39:38] ✅ beat ok: node_id=FSTDD003 last_seen=1790973578.273242
[2026-10-03 04:40:27] ❌ beat fail (201/30): HTTP 403: {"error": "credential rejected", "reason": "credential_revoked", "fix": "检查 X-FSTDD-Token 是否为有效且未吊销的节点凭据；若遗失请联系管理节点(K)重新签发"}
[2026-10-03 04:40:27] ⚠️ 连续失败超限 → 继续但标记告警
[2026-10-03 04:40:30] ❌ beat fail (569/30): HTTP 403: {"error": "credential rejected", "reason": "credential_revoked", "fix": "检查 X-FSTDD-Token 是否为有效且未吊销的节点凭据；若遗失请联系管理节点(K)重新签发"}
[2026-10-03 04:40:30] ⚠️ 连续失败超限 → 继续但标记告警
[2026-10-03 04:40:37] ❌ beat fail (464/30): HTTP 403: {"error": "credential rejected", "reason": "credential_revoked", "fix": "检查 X-FSTDD-Token 是否为有效且未吊销的节点凭据；若遗失请联系管理节点(K)重新签发"}
[2026-10-03 04:40:37] ⚠️ 连续失败超限 → 继续但标记告警
[2026-10-03 04:40:39] ✅ beat ok: node_id=FSTDD003 last_seen=1790973639.3475175
[2026-10-03 04:41:28] ❌ beat fail (202/30): HTTP 403: {"error": "credential rejected", "reason": "credential_revoked", "fix": "检查 X-FSTDD-Token 是否为有效且未吊销的节点凭据；若遗失请联系管理节点(K)重新签发"}
[2026-10-03 04:41:28] ⚠️ 连续失败超限 → 继续但标记告警
[2026-10-03 04:41:32] ❌ beat fail (570/30): HTTP 403: {"error": "credential rejected", "reason": "credential_revoked", "fix": "检查 X-FSTDD-Token 是否为有效且未吊销的节点凭据；若遗失请联系管理节点(K)重新签发"}
[2026-10-03 04:41:32] ⚠️ 连续失败超限 → 继续但标记告警
[2026-10-03 04:41:38] ❌ beat fail (465/30): HTTP 403: {"error": "credential rejected", "reason": "credential_revoked", "fix": "检查 X-FSTDD-Token 是否为有效且未吊销的节点凭据；若遗失请联系管理节点(K)重新签发"}
[2026-10-03 04:41:38] ⚠️ 连续失败超限 → 继续但标记告警
[2026-10-03 04:41:40] ✅ beat ok: node_id=FSTDD003 last_seen=1790973700.040828
[2026-10-03 04:42:29] ❌ beat fail (203/30): HTTP 403: {"error": "credential rejected", "reason": "credential_revoked", "fix": "检查 X-FSTDD-Token 是否为有效且未吊销的节点凭据；若遗失请联系管理节点(K)重新签发"}
[2026-10-03 04:42:29] ⚠️ 连续失败超限 → 继续但标记告警
[2026-10-03 04:42:33] ❌ beat fail (571/30): HTTP 403: {"error": "credential rejected", "reason": "credential_revoked", "fix": "检查 X-FSTDD-Token 是否为有效且未吊销的节点凭据；若遗失请联系管理节点(K)重新签发"}
[2026-10-03 04:42:33] ⚠️ 连续失败超限 → 继续但标记告警
[2026-10-03 04:42:39] ❌ beat fail (466/30): HTTP 403: {"error": "credential rejected", "reason": "credential_revoked", "fix": "检查 X-FSTDD-Token 是否为有效且未吊销的节点凭据；若遗失请联系管理节点(K)重新签发"}
[2026-10-03 04:42:39] ⚠️ 连续失败超限 → 继续但标记告警
[2026-10-03 04:42:41] ✅ beat ok: node_id=FSTDD003 last_seen=1790973761.1049705
[2026-10-03 04:43:30] ❌ beat fail (204/30): HTTP 403: {"error": "credential rejected", "reason": "credential_revoked", "fix": "检查 X-FSTDD-Token 是否为有效且未吊销的节点凭据；若遗失请联系管理节点(K)重新签发"}
[2026-10-03 04:43:30] ⚠️ 连续失败超限 → 继续但标记告警
[2026-10-03 04:43:33] ❌ beat fail (572/30): HTTP 403: {"error": "credential rejected", "reason": "credential_revoked", "fix": "检查 X-FSTDD-Token 是否为有效且未吊销的节点凭据；若遗失请联系管理节点(K)重新签发"}
[2026-10-03 04:43:33] ⚠️ 连续失败超限 → 继续但标记告警
[2026-10-03 04:43:40] ❌ beat fail (467/30): HTTP 403: {"error": "credential rejected", "reason": "credential_revoked", "fix": "检查 X-FSTDD-Token 是否为有效且未吊销的节点凭据；若遗失请联系管理节点(K)重新签发"}
[2026-10-03 04:43:40] ⚠️ 连续失败超限 → 继续但标记告警
[2026-10-03 04:43:42] ✅ beat ok: node_id=FSTDD003 last_seen=1790973821.7930026
[2026-10-03 04:44:31] ❌ beat fail (205/30): HTTP 403: {"error": "credential rejected", "reason": "credential_revoked", "fix": "检查 X-FSTDD-Token 是否为有效且未吊销的节点凭据；若遗失请联系管理节点(K)重新签发"}
[2026-10-03 04:44:31] ⚠️ 连续失败超限 → 继续但标记告警
[2026-10-03 04:44:34] ❌ beat fail (573/30): HTTP 403: {"error": "credential rejected", "reason": "credential_revoked", "fix": "检查 X-FSTDD-Token 是否为有效且未吊销的节点凭据；若遗失请联系管理节点(K)重新签发"}
[2026-10-03 04:44:34] ⚠️ 连续失败超限 → 继续但标记告警
[2026-10-03 04:44:41] ❌ beat fail (468/30): HTTP 403: {"error": "credential rejected", "reason": "credential_revoked", "fix": "检查 X-FSTDD-Token 是否为有效且未吊销的节点凭据；若遗失请联系管理节点(K)重新签发"}
[2026-10-03 04:44:41] ⚠️ 连续失败超限 → 继续但标记告警
[2026-10-03 04:44:42] ✅ beat ok: node_id=FSTDD003 last_seen=1790973882.865927
[2026-10-03 04:45:32] ❌ beat fail (206/30): HTTP 403: {"error": "credential rejected", "reason": "credential_revoked", "fix": "检查 X-FSTDD-Token 是否为有效且未吊销的节点凭据；若遗失请联系管理节点(K)重新签发"}
[2026-10-03 04:45:32] ⚠️ 连续失败超限 → 继续但标记告警
[2026-10-03 04:45:35] ❌ beat fail (574/30): HTTP 403: {"error": "credential rejected", "reason": "credential_revoked", "fix": "检查 X-FSTDD-Token 是否为有效且未吊销的节点凭据；若遗失请联系管理节点(K)重新签发"}
[2026-10-03 04:45:35] ⚠️ 连续失败超限 → 继续但标记告警
[2026-10-03 04:45:42] ❌ beat fail (469/30): HTTP 403: {"error": "credential rejected", "reason": "credential_revoked", "fix": "检查 X-FSTDD-Token 是否为有效且未吊销的节点凭据；若遗失请联系管理节点(K)重新签发"}
[2026-10-03 04:45:42] ⚠️ 连续失败超限 → 继续但标记告警
[2026-10-03 04:45:43] ✅ beat ok: node_id=FSTDD003 last_seen=1790973943.557253
[2026-10-03 04:46:33] ❌ beat fail (207/30): HTTP 403: {"error": "credential rejected", "reason": "credential_revoked", "fix": "检查 X-FSTDD-Token 是否为有效且未吊销的节点凭据；若遗失请联系管理节点(K)重新签发"}
[2026-10-03 04:46:33] ⚠️ 连续失败超限 → 继续但标记告警
[2026-10-03 04:46:36] ❌ beat fail (575/30): HTTP 403: {"error": "credential rejected", "reason": "credential_revoked", "fix": "检查 X-FSTDD-Token 是否为有效且未吊销的节点凭据；若遗失请联系管理节点(K)重新签发"}
[2026-10-03 04:46:36] ⚠️ 连续失败超限 → 继续但标记告警
[2026-10-03 04:46:43] ❌ beat fail (470/30): HTTP 403: {"error": "credential rejected", "reason": "credential_revoked", "fix": "检查 X-FSTDD-Token 是否为有效且未吊销的节点凭据；若遗失请联系管理节点(K)重新签发"}
[2026-10-03 04:46:43] ⚠️ 连续失败超限 → 继续但标记告警
[2026-10-03 04:46:44] ✅ beat ok: node_id=FSTDD003 last_seen=1790974004.629865
[2026-10-03 04:47:33] ❌ beat fail (208/30): HTTP 403: {"error": "credential rejected", "reason": "credential_revoked", "fix": "检查 X-FSTDD-Token 是否为有效且未吊销的节点凭据；若遗失请联系管理节点(K)重新签发"}
[2026-10-03 04:47:33] ⚠️ 连续失败超限 → 继续但标记告警
[2026-10-03 04:47:38] ❌ beat fail (576/30): HTTP 403: {"error": "credential rejected", "reason": "credential_revoked", "fix": "检查 X-FSTDD-Token 是否为有效且未吊销的节点凭据；若遗失请联系管理节点(K)重新签发"}
[2026-10-03 04:47:38] ⚠️ 连续失败超限 → 继续但标记告警
[2026-10-03 04:47:44] ❌ beat fail (471/30): HTTP 403: {"error": "credential rejected", "reason": "credential_revoked", "fix": "检查 X-FSTDD-Token 是否为有效且未吊销的节点凭据；若遗失请联系管理节点(K)重新签发"}
[2026-10-03 04:47:44] ⚠️ 连续失败超限 → 继续但标记告警
[2026-10-03 04:47:45] ✅ beat ok: node_id=FSTDD003 last_seen=1790974065.394099
[2026-10-03 04:48:35] ❌ beat fail (209/30): HTTP 403: {"error": "credential rejected", "reason": "credential_revoked", "fix": "检查 X-FSTDD-Token 是否为有效且未吊销的节点凭据；若遗失请联系管理节点(K)重新签发"}
[2026-10-03 04:48:35] ⚠️ 连续失败超限 → 继续但标记告警
[2026-10-03 04:48:38] ❌ beat fail (577/30): HTTP 403: {"error": "credential rejected", "reason": "credential_revoked", "fix": "检查 X-FSTDD-Token 是否为有效且未吊销的节点凭据；若遗失请联系管理节点(K)重新签发"}
[2026-10-03 04:48:38] ⚠️ 连续失败超限 → 继续但标记告警
[2026-10-03 04:48:44] ❌ beat fail (472/30): HTTP 403: {"error": "credential rejected", "reason": "credential_revoked", "fix": "检查 X-FSTDD-Token 是否为有效且未吊销的节点凭据；若遗失请联系管理节点(K)重新签发"}
[2026-10-03 04:48:44] ⚠️ 连续失败超限 → 继续但标记告警
[2026-10-03 04:48:46] ✅ beat ok: node_id=FSTDD003 last_seen=1790974126.3868678
[2026-10-03 04:49:36] ❌ beat fail (210/30): HTTP 403: {"error": "credential rejected", "reason": "credential_revoked", "fix": "检查 X-FSTDD-Token 是否为有效且未吊销的节点凭据；若遗失请联系管理节点(K)重新签发"}
[2026-10-03 04:49:36] ⚠️ 连续失败超限 → 继续但标记告警
[2026-10-03 04:49:39] ❌ beat fail (578/30): HTTP 403: {"error": "credential rejected", "reason": "credential_revoked", "fix": "检查 X-FSTDD-Token 是否为有效且未吊销的节点凭据；若遗失请联系管理节点(K)重新签发"}
[2026-10-03 04:49:39] ⚠️ 连续失败超限 → 继续但标记告警
[2026-10-03 04:49:45] ❌ beat fail (473/30): HTTP 403: {"error": "credential rejected", "reason": "credential_revoked", "fix": "检查 X-FSTDD-Token 是否为有效且未吊销的节点凭据；若遗失请联系管理节点(K)重新签发"}
[2026-10-03 04:49:45] ⚠️ 连续失败超限 → 继续但标记告警
[2026-10-03 04:49:46] ✅ beat ok: node_id=FSTDD003 last_seen=1790974187.0724485
[2026-10-03 04:50:37] ❌ beat fail (211/30): HTTP 403: {"error": "credential rejected", "reason": "credential_revoked", "fix": "检查 X-FSTDD-Token 是否为有效且未吊销的节点凭据；若遗失请联系管理节点(K)重新签发"}
[2026-10-03 04:50:37] ⚠️ 连续失败超限 → 继续但标记告警
[2026-10-03 04:50:40] ❌ beat fail (579/30): HTTP 403: {"error": "credential rejected", "reason": "credential_revoked", "fix": "检查 X-FSTDD-Token 是否为有效且未吊销的节点凭据；若遗失请联系管理节点(K)重新签发"}
[2026-10-03 04:50:40] ⚠️ 连续失败超限 → 继续但标记告警
[2026-10-03 04:50:46] ❌ beat fail (474/30): HTTP 403: {"error": "credential rejected", "reason": "credential_revoked", "fix": "检查 X-FSTDD-Token 是否为有效且未吊销的节点凭据；若遗失请联系管理节点(K)重新签发"}
[2026-10-03 04:50:46] ⚠️ 连续失败超限 → 继续但标记告警
[2026-10-03 04:50:47] ✅ beat ok: node_id=FSTDD003 last_seen=1790974247.7605414
[2026-10-03 04:51:38] ❌ beat fail (212/30): HTTP 403: {"error": "credential rejected", "reason": "credential_revoked", "fix": "检查 X-FSTDD-Token 是否为有效且未吊销的节点凭据；若遗失请联系管理节点(K)重新签发"}
[2026-10-03 04:51:38] ⚠️ 连续失败超限 → 继续但标记告警
[2026-10-03 04:51:41] ❌ beat fail (580/30): HTTP 403: {"error": "credential rejected", "reason": "credential_revoked", "fix": "检查 X-FSTDD-Token 是否为有效且未吊销的节点凭据；若遗失请联系管理节点(K)重新签发"}
[2026-10-03 04:51:41] ⚠️ 连续失败超限 → 继续但标记告警
[2026-10-03 04:51:47] ❌ beat fail (475/30): HTTP 403: {"error": "credential rejected", "reason": "credential_revoked", "fix": "检查 X-FSTDD-Token 是否为有效且未吊销的节点凭据；若遗失请联系管理节点(K)重新签发"}
[2026-10-03 04:51:47] ⚠️ 连续失败超限 → 继续但标记告警
[2026-10-03 04:51:48] ✅ beat ok: node_id=FSTDD003 last_seen=1790974308.4695206
[2026-10-03 04:52:38] ❌ beat fail (213/30): HTTP 403: {"error": "credential rejected", "reason": "credential_revoked", "fix": "检查 X-FSTDD-Token 是否为有效且未吊销的节点凭据；若遗失请联系管理节点(K)重新签发"}
[2026-10-03 04:52:38] ⚠️ 连续失败超限 → 继续但标记告警
[2026-10-03 04:52:42] ❌ beat fail (581/30): HTTP 403: {"error": "credential rejected", "reason": "credential_revoked", "fix": "检查 X-FSTDD-Token 是否为有效且未吊销的节点凭据；若遗失请联系管理节点(K)重新签发"}
[2026-10-03 04:52:42] ⚠️ 连续失败超限 → 继续但标记告警
[2026-10-03 04:52:48] ❌ beat fail (476/30): HTTP 403: {"error": "credential rejected", "reason": "credential_revoked", "fix": "检查 X-FSTDD-Token 是否为有效且未吊销的节点凭据；若遗失请联系管理节点(K)重新签发"}
[2026-10-03 04:52:48] ⚠️ 连续失败超限 → 继续但标记告警
[2026-10-03 04:52:49] ✅ beat ok: node_id=FSTDD003 last_seen=1790974369.904578
[2026-10-03 04:53:39] ❌ beat fail (214/30): HTTP 403: {"error": "credential rejected", "reason": "credential_revoked", "fix": "检查 X-FSTDD-Token 是否为有效且未吊销的节点凭据；若遗失请联系管理节点(K)重新签发"}
[2026-10-03 04:53:39] ⚠️ 连续失败超限 → 继续但标记告警
[2026-10-03 04:53:43] ❌ beat fail (582/30): HTTP 403: {"error": "credential rejected", "reason": "credential_revoked", "fix": "检查 X-FSTDD-Token 是否为有效且未吊销的节点凭据；若遗失请联系管理节点(K)重新签发"}
[2026-10-03 04:53:43] ⚠️ 连续失败超限 → 继续但标记告警
[2026-10-03 04:53:49] ❌ beat fail (477/30): HTTP 403: {"error": "credential rejected", "reason": "credential_revoked", "fix": "检查 X-FSTDD-Token 是否为有效且未吊销的节点凭据；若遗失请联系管理节点(K)重新签发"}
[2026-10-03 04:53:49] ⚠️ 连续失败超限 → 继续但标记告警
[2026-10-03 04:53:51] ✅ beat ok: node_id=FSTDD003 last_seen=1790974430.923151
[2026-10-03 04:54:40] ❌ beat fail (215/30): HTTP 403: {"error": "credential rejected", "reason": "credential_revoked", "fix": "检查 X-FSTDD-Token 是否为有效且未吊销的节点凭据；若遗失请联系管理节点(K)重新签发"}
[2026-10-03 04:54:40] ⚠️ 连续失败超限 → 继续但标记告警
[2026-10-03 04:54:43] ❌ beat fail (583/30): HTTP 403: {"error": "credential rejected", "reason": "credential_revoked", "fix": "检查 X-FSTDD-Token 是否为有效且未吊销的节点凭据；若遗失请联系管理节点(K)重新签发"}
[2026-10-03 04:54:43] ⚠️ 连续失败超限 → 继续但标记告警
[2026-10-03 04:54:50] ❌ beat fail (478/30): HTTP 403: {"error": "credential rejected", "reason": "credential_revoked", "fix": "检查 X-FSTDD-Token 是否为有效且未吊销的节点凭据；若遗失请联系管理节点(K)重新签发"}
[2026-10-03 04:54:50] ⚠️ 连续失败超限 → 继续但标记告警
[2026-10-03 04:54:52] ✅ beat ok: node_id=FSTDD003 last_seen=1790974491.996565
[2026-10-03 04:55:40] ❌ beat fail (216/30): HTTP 403: {"error": "credential rejected", "reason": "credential_revoked", "fix": "检查 X-FSTDD-Token 是否为有效且未吊销的节点凭据；若遗失请联系管理节点(K)重新签发"}
[2026-10-03 04:55:40] ⚠️ 连续失败超限 → 继续但标记告警
[2026-10-03 04:55:44] ❌ beat fail (584/30): HTTP 403: {"error": "credential rejected", "reason": "credential_revoked", "fix": "检查 X-FSTDD-Token 是否为有效且未吊销的节点凭据；若遗失请联系管理节点(K)重新签发"}
[2026-10-03 04:55:44] ⚠️ 连续失败超限 → 继续但标记告警
[2026-10-03 04:55:51] ❌ beat fail (479/30): HTTP 403: {"error": "credential rejected", "reason": "credential_revoked", "fix": "检查 X-FSTDD-Token 是否为有效且未吊销的节点凭据；若遗失请联系管理节点(K)重新签发"}
[2026-10-03 04:55:51] ⚠️ 连续失败超限 → 继续但标记告警
[2026-10-03 04:55:52] ✅ beat ok: node_id=FSTDD003 last_seen=1790974553.0622306
[2026-10-03 04:56:41] ❌ beat fail (217/30): HTTP 403: {"error": "credential rejected", "reason": "credential_revoked", "fix": "检查 X-FSTDD-Token 是否为有效且未吊销的节点凭据；若遗失请联系管理节点(K)重新签发"}
[2026-10-03 04:56:41] ⚠️ 连续失败超限 → 继续但标记告警
[2026-10-03 04:56:45] ❌ beat fail (585/30): HTTP 403: {"error": "credential rejected", "reason": "credential_revoked", "fix": "检查 X-FSTDD-Token 是否为有效且未吊销的节点凭据；若遗失请联系管理节点(K)重新签发"}
[2026-10-03 04:56:45] ⚠️ 连续失败超限 → 继续但标记告警
[2026-10-03 04:56:52] ❌ beat fail (480/30): HTTP 403: {"error": "credential rejected", "reason": "credential_revoked", "fix": "检查 X-FSTDD-Token 是否为有效且未吊销的节点凭据；若遗失请联系管理节点(K)重新签发"}
[2026-10-03 04:56:52] ⚠️ 连续失败超限 → 继续但标记告警
[2026-10-03 04:56:53] ✅ beat ok: node_id=FSTDD003 last_seen=1790974613.7473216
[2026-10-03 04:57:43] ❌ beat fail (218/30): HTTP 403: {"error": "credential rejected", "reason": "credential_revoked", "fix": "检查 X-FSTDD-Token 是否为有效且未吊销的节点凭据；若遗失请联系管理节点(K)重新签发"}
[2026-10-03 04:57:43] ⚠️ 连续失败超限 → 继续但标记告警
[2026-10-03 04:57:45] ❌ beat fail (586/30): HTTP 403: {"error": "credential rejected", "reason": "credential_revoked", "fix": "检查 X-FSTDD-Token 是否为有效且未吊销的节点凭据；若遗失请联系管理节点(K)重新签发"}
[2026-10-03 04:57:45] ⚠️ 连续失败超限 → 继续但标记告警
[2026-10-03 04:57:53] ❌ beat fail (481/30): HTTP 403: {"error": "credential rejected", "reason": "credential_revoked", "fix": "检查 X-FSTDD-Token 是否为有效且未吊销的节点凭据；若遗失请联系管理节点(K)重新签发"}
[2026-10-03 04:57:53] ⚠️ 连续失败超限 → 继续但标记告警
[2026-10-03 04:57:54] ✅ beat ok: node_id=FSTDD003 last_seen=1790974674.4659026
[2026-10-03 04:58:44] ❌ beat fail (219/30): HTTP 403: {"error": "credential rejected", "reason": "credential_revoked", "fix": "检查 X-FSTDD-Token 是否为有效且未吊销的节点凭据；若遗失请联系管理节点(K)重新签发"}
[2026-10-03 04:58:44] ⚠️ 连续失败超限 → 继续但标记告警
[2026-10-03 04:58:47] ❌ beat fail (587/30): HTTP 403: {"error": "credential rejected", "reason": "credential_revoked", "fix": "检查 X-FSTDD-Token 是否为有效且未吊销的节点凭据；若遗失请联系管理节点(K)重新签发"}
[2026-10-03 04:58:47] ⚠️ 连续失败超限 → 继续但标记告警
[2026-10-03 04:58:54] ❌ beat fail (482/30): HTTP 403: {"error": "credential rejected", "reason": "credential_revoked", "fix": "检查 X-FSTDD-Token 是否为有效且未吊销的节点凭据；若遗失请联系管理节点(K)重新签发"}
[2026-10-03 04:58:54] ⚠️ 连续失败超限 → 继续但标记告警
[2026-10-03 04:58:55] ✅ beat ok: node_id=FSTDD003 last_seen=1790974735.9167588
[2026-10-03 04:59:44] ❌ beat fail (220/30): HTTP 403: {"error": "credential rejected", "reason": "credential_revoked", "fix": "检查 X-FSTDD-Token 是否为有效且未吊销的节点凭据；若遗失请联系管理节点(K)重新签发"}
[2026-10-03 04:59:44] ⚠️ 连续失败超限 → 继续但标记告警
[2026-10-03 04:59:47] ❌ beat fail (588/30): HTTP 403: {"error": "credential rejected", "reason": "credential_revoked", "fix": "检查 X-FSTDD-Token 是否为有效且未吊销的节点凭据；若遗失请联系管理节点(K)重新签发"}
[2026-10-03 04:59:47] ⚠️ 连续失败超限 → 继续但标记告警
[2026-10-03 04:59:55] ❌ beat fail (483/30): HTTP 403: {"error": "credential rejected", "reason": "credential_revoked", "fix": "检查 X-FSTDD-Token 是否为有效且未吊销的节点凭据；若遗失请联系管理节点(K)重新签发"}
[2026-10-03 04:59:55] ⚠️ 连续失败超限 → 继续但标记告警
[2026-10-03 04:59:57] ✅ beat ok: node_id=FSTDD003 last_seen=1790974796.979283
[2026-10-03 05:00:45] ❌ beat fail (221/30): HTTP 403: {"error": "credential rejected", "reason": "credential_revoked", "fix": "检查 X-FSTDD-Token 是否为有效且未吊销的节点凭据；若遗失请联系管理节点(K)重新签发"}
[2026-10-03 05:00:45] ⚠️ 连续失败超限 → 继续但标记告警
[2026-10-03 05:00:48] ❌ beat fail (589/30): HTTP 403: {"error": "credential rejected", "reason": "credential_revoked", "fix": "检查 X-FSTDD-Token 是否为有效且未吊销的节点凭据；若遗失请联系管理节点(K)重新签发"}
[2026-10-03 05:00:48] ⚠️ 连续失败超限 → 继续但标记告警
[2026-10-03 05:00:56] ❌ beat fail (484/30): HTTP 403: {"error": "credential rejected", "reason": "credential_revoked", "fix": "检查 X-FSTDD-Token 是否为有效且未吊销的节点凭据；若遗失请联系管理节点(K)重新签发"}
[2026-10-03 05:00:56] ⚠️ 连续失败超限 → 继续但标记告警
[2026-10-03 05:00:57] ✅ beat ok: node_id=FSTDD003 last_seen=1790974858.0524223
[2026-10-03 05:01:46] ❌ beat fail (222/30): HTTP 403: {"error": "credential rejected", "reason": "credential_revoked", "fix": "检查 X-FSTDD-Token 是否为有效且未吊销的节点凭据；若遗失请联系管理节点(K)重新签发"}
[2026-10-03 05:01:46] ⚠️ 连续失败超限 → 继续但标记告警
[2026-10-03 05:01:49] ❌ beat fail (590/30): HTTP 403: {"error": "credential rejected", "reason": "credential_revoked", "fix": "检查 X-FSTDD-Token 是否为有效且未吊销的节点凭据；若遗失请联系管理节点(K)重新签发"}
[2026-10-03 05:01:49] ⚠️ 连续失败超限 → 继续但标记告警
[2026-10-03 05:01:57] ❌ beat fail (485/30): HTTP 403: {"error": "credential rejected", "reason": "credential_revoked", "fix": "检查 X-FSTDD-Token 是否为有效且未吊销的节点凭据；若遗失请联系管理节点(K)重新签发"}
[2026-10-03 05:01:57] ⚠️ 连续失败超限 → 继续但标记告警
[2026-10-03 05:01:59] ✅ beat ok: node_id=FSTDD003 last_seen=1790974918.7396543
[2026-10-03 05:02:47] ❌ beat fail (223/30): HTTP 403: {"error": "credential rejected", "reason": "credential_revoked", "fix": "检查 X-FSTDD-Token 是否为有效且未吊销的节点凭据；若遗失请联系管理节点(K)重新签发"}
[2026-10-03 05:02:47] ⚠️ 连续失败超限 → 继续但标记告警
[2026-10-03 05:02:50] ❌ beat fail (591/30): HTTP 403: {"error": "credential rejected", "reason": "credential_revoked", "fix": "检查 X-FSTDD-Token 是否为有效且未吊销的节点凭据；若遗失请联系管理节点(K)重新签发"}
[2026-10-03 05:02:50] ⚠️ 连续失败超限 → 继续但标记告警
[2026-10-03 05:02:58] ❌ beat fail (486/30): HTTP 403: {"error": "credential rejected", "reason": "credential_revoked", "fix": "检查 X-FSTDD-Token 是否为有效且未吊销的节点凭据；若遗失请联系管理节点(K)重新签发"}
[2026-10-03 05:02:58] ⚠️ 连续失败超限 → 继续但标记告警
[2026-10-03 05:02:59] ✅ beat ok: node_id=FSTDD003 last_seen=1790974979.8053756
[2026-10-03 05:03:48] ❌ beat fail (224/30): HTTP 403: {"error": "credential rejected", "reason": "credential_revoked", "fix": "检查 X-FSTDD-Token 是否为有效且未吊销的节点凭据；若遗失请联系管理节点(K)重新签发"}
[2026-10-03 05:03:48] ⚠️ 连续失败超限 → 继续但标记告警
[2026-10-03 05:03:51] ❌ beat fail (592/30): HTTP 403: {"error": "credential rejected", "reason": "credential_revoked", "fix": "检查 X-FSTDD-Token 是否为有效且未吊销的节点凭据；若遗失请联系管理节点(K)重新签发"}
[2026-10-03 05:03:51] ⚠️ 连续失败超限 → 继续但标记告警
[2026-10-03 05:03:59] ❌ beat fail (487/30): HTTP 403: {"error": "credential rejected", "reason": "credential_revoked", "fix": "检查 X-FSTDD-Token 是否为有效且未吊销的节点凭据；若遗失请联系管理节点(K)重新签发"}
[2026-10-03 05:03:59] ⚠️ 连续失败超限 → 继续但标记告警
[2026-10-03 05:04:00] ✅ beat ok: node_id=FSTDD003 last_seen=1790975040.4909291
[2026-10-03 05:04:48] ❌ beat fail (225/30): HTTP 403: {"error": "credential rejected", "reason": "credential_revoked", "fix": "检查 X-FSTDD-Token 是否为有效且未吊销的节点凭据；若遗失请联系管理节点(K)重新签发"}
[2026-10-03 05:04:48] ⚠️ 连续失败超限 → 继续但标记告警
[2026-10-03 05:04:51] ❌ beat fail (593/30): HTTP 403: {"error": "credential rejected", "reason": "credential_revoked", "fix": "检查 X-FSTDD-Token 是否为有效且未吊销的节点凭据；若遗失请联系管理节点(K)重新签发"}
[2026-10-03 05:04:51] ⚠️ 连续失败超限 → 继续但标记告警
[2026-10-03 05:04:59] ❌ beat fail (488/30): HTTP 403: {"error": "credential rejected", "reason": "credential_revoked", "fix": "检查 X-FSTDD-Token 是否为有效且未吊销的节点凭据；若遗失请联系管理节点(K)重新签发"}
[2026-10-03 05:04:59] ⚠️ 连续失败超限 → 继续但标记告警
[2026-10-03 05:05:01] ✅ beat ok: node_id=FSTDD003 last_seen=1790975101.5642421
[2026-10-03 05:05:49] ❌ beat fail (226/30): HTTP 403: {"error": "credential rejected", "reason": "credential_revoked", "fix": "检查 X-FSTDD-Token 是否为有效且未吊销的节点凭据；若遗失请联系管理节点(K)重新签发"}
[2026-10-03 05:05:49] ⚠️ 连续失败超限 → 继续但标记告警
[2026-10-03 05:05:52] ❌ beat fail (594/30): HTTP 403: {"error": "credential rejected", "reason": "credential_revoked", "fix": "检查 X-FSTDD-Token 是否为有效且未吊销的节点凭据；若遗失请联系管理节点(K)重新签发"}
[2026-10-03 05:05:52] ⚠️ 连续失败超限 → 继续但标记告警
[2026-10-03 05:06:00] ❌ beat fail (489/30): HTTP 403: {"error": "credential rejected", "reason": "credential_revoked", "fix": "检查 X-FSTDD-Token 是否为有效且未吊销的节点凭据；若遗失请联系管理节点(K)重新签发"}
[2026-10-03 05:06:00] ⚠️ 连续失败超限 → 继续但标记告警
[2026-10-03 05:06:02] ✅ beat ok: node_id=FSTDD003 last_seen=1790975162.2511342
[2026-10-03 05:06:50] ❌ beat fail (227/30): HTTP 403: {"error": "credential rejected", "reason": "credential_revoked", "fix": "检查 X-FSTDD-Token 是否为有效且未吊销的节点凭据；若遗失请联系管理节点(K)重新签发"}
[2026-10-03 05:06:50] ⚠️ 连续失败超限 → 继续但标记告警
[2026-10-03 05:06:53] ❌ beat fail (595/30): HTTP 403: {"error": "credential rejected", "reason": "credential_revoked", "fix": "检查 X-FSTDD-Token 是否为有效且未吊销的节点凭据；若遗失请联系管理节点(K)重新签发"}
[2026-10-03 05:06:53] ⚠️ 连续失败超限 → 继续但标记告警
[2026-10-03 05:07:01] ❌ beat fail (490/30): HTTP 403: {"error": "credential rejected", "reason": "credential_revoked", "fix": "检查 X-FSTDD-Token 是否为有效且未吊销的节点凭据；若遗失请联系管理节点(K)重新签发"}
[2026-10-03 05:07:01] ⚠️ 连续失败超限 → 继续但标记告警
[2026-10-03 05:07:03] ✅ beat ok: node_id=FSTDD003 last_seen=1790975223.3175194
[2026-10-03 05:07:51] ❌ beat fail (228/30): HTTP 403: {"error": "credential rejected", "reason": "credential_revoked", "fix": "检查 X-FSTDD-Token 是否为有效且未吊销的节点凭据；若遗失请联系管理节点(K)重新签发"}
[2026-10-03 05:07:51] ⚠️ 连续失败超限 → 继续但标记告警
[2026-10-03 05:07:54] ❌ beat fail (596/30): HTTP 403: {"error": "credential rejected", "reason": "credential_revoked", "fix": "检查 X-FSTDD-Token 是否为有效且未吊销的节点凭据；若遗失请联系管理节点(K)重新签发"}
[2026-10-03 05:07:54] ⚠️ 连续失败超限 → 继续但标记告警
[2026-10-03 05:08:02] ❌ beat fail (491/30): HTTP 403: {"error": "credential rejected", "reason": "credential_revoked", "fix": "检查 X-FSTDD-Token 是否为有效且未吊销的节点凭据；若遗失请联系管理节点(K)重新签发"}
[2026-10-03 05:08:02] ⚠️ 连续失败超限 → 继续但标记告警
[2026-10-03 05:08:03] ✅ beat ok: node_id=FSTDD003 last_seen=1790975284.0063207
[2026-10-03 05:08:52] ❌ beat fail (229/30): HTTP 403: {"error": "credential rejected", "reason": "credential_revoked", "fix": "检查 X-FSTDD-Token 是否为有效且未吊销的节点凭据；若遗失请联系管理节点(K)重新签发"}
[2026-10-03 05:08:52] ⚠️ 连续失败超限 → 继续但标记告警
[2026-10-03 05:08:55] ❌ beat fail (597/30): HTTP 403: {"error": "credential rejected", "reason": "credential_revoked", "fix": "检查 X-FSTDD-Token 是否为有效且未吊销的节点凭据；若遗失请联系管理节点(K)重新签发"}
[2026-10-03 05:08:55] ⚠️ 连续失败超限 → 继续但标记告警
[2026-10-03 05:09:03] ❌ beat fail (492/30): HTTP 403: {"error": "credential rejected", "reason": "credential_revoked", "fix": "检查 X-FSTDD-Token 是否为有效且未吊销的节点凭据；若遗失请联系管理节点(K)重新签发"}
[2026-10-03 05:09:03] ⚠️ 连续失败超限 → 继续但标记告警
[2026-10-03 05:09:04] ✅ beat ok: node_id=FSTDD003 last_seen=1790975344.926626
[2026-10-03 05:09:53] ❌ beat fail (230/30): HTTP 403: {"error": "credential rejected", "reason": "credential_revoked", "fix": "检查 X-FSTDD-Token 是否为有效且未吊销的节点凭据；若遗失请联系管理节点(K)重新签发"}
[2026-10-03 05:09:53] ⚠️ 连续失败超限 → 继续但标记告警
[2026-10-03 05:09:56] ❌ beat fail (598/30): HTTP 403: {"error": "credential rejected", "reason": "credential_revoked", "fix": "检查 X-FSTDD-Token 是否为有效且未吊销的节点凭据；若遗失请联系管理节点(K)重新签发"}
[2026-10-03 05:09:56] ⚠️ 连续失败超限 → 继续但标记告警
[2026-10-03 05:10:04] ❌ beat fail (493/30): HTTP 403: {"error": "credential rejected", "reason": "credential_revoked", "fix": "检查 X-FSTDD-Token 是否为有效且未吊销的节点凭据；若遗失请联系管理节点(K)重新签发"}
[2026-10-03 05:10:04] ⚠️ 连续失败超限 → 继续但标记告警
[2026-10-03 05:10:05] ✅ beat ok: node_id=FSTDD003 last_seen=1790975405.6132936
[2026-10-03 05:10:54] ❌ beat fail (231/30): HTTP 403: {"error": "credential rejected", "reason": "credential_revoked", "fix": "检查 X-FSTDD-Token 是否为有效且未吊销的节点凭据；若遗失请联系管理节点(K)重新签发"}
[2026-10-03 05:10:54] ⚠️ 连续失败超限 → 继续但标记告警
[2026-10-03 05:10:56] ❌ beat fail (599/30): HTTP 403: {"error": "credential rejected", "reason": "credential_revoked", "fix": "检查 X-FSTDD-Token 是否为有效且未吊销的节点凭据；若遗失请联系管理节点(K)重新签发"}
[2026-10-03 05:10:56] ⚠️ 连续失败超限 → 继续但标记告警
[2026-10-03 05:11:05] ❌ beat fail (494/30): HTTP 403: {"error": "credential rejected", "reason": "credential_revoked", "fix": "检查 X-FSTDD-Token 是否为有效且未吊销的节点凭据；若遗失请联系管理节点(K)重新签发"}
[2026-10-03 05:11:05] ⚠️ 连续失败超限 → 继续但标记告警
[2026-10-03 05:11:06] ✅ beat ok: node_id=FSTDD003 last_seen=1790975466.6926694
[2026-10-03 05:11:55] ❌ beat fail (232/30): HTTP 403: {"error": "credential rejected", "reason": "credential_revoked", "fix": "检查 X-FSTDD-Token 是否为有效且未吊销的节点凭据；若遗失请联系管理节点(K)重新签发"}
[2026-10-03 05:11:55] ⚠️ 连续失败超限 → 继续但标记告警
[2026-10-03 05:11:57] ❌ beat fail (600/30): HTTP 403: {"error": "credential rejected", "reason": "credential_revoked", "fix": "检查 X-FSTDD-Token 是否为有效且未吊销的节点凭据；若遗失请联系管理节点(K)重新签发"}
[2026-10-03 05:11:57] ⚠️ 连续失败超限 → 继续但标记告警
[2026-10-03 05:12:06] ❌ beat fail (495/30): HTTP 403: {"error": "credential rejected", "reason": "credential_revoked", "fix": "检查 X-FSTDD-Token 是否为有效且未吊销的节点凭据；若遗失请联系管理节点(K)重新签发"}
[2026-10-03 05:12:06] ⚠️ 连续失败超限 → 继续但标记告警
[2026-10-03 05:12:07] ✅ beat ok: node_id=FSTDD003 last_seen=1790975527.3810666
[2026-10-03 05:12:56] ❌ beat fail (233/30): HTTP 403: {"error": "credential rejected", "reason": "credential_revoked", "fix": "检查 X-FSTDD-Token 是否为有效且未吊销的节点凭据；若遗失请联系管理节点(K)重新签发"}
[2026-10-03 05:12:56] ⚠️ 连续失败超限 → 继续但标记告警
[2026-10-03 05:12:58] ❌ beat fail (601/30): HTTP 403: {"error": "credential rejected", "reason": "credential_revoked", "fix": "检查 X-FSTDD-Token 是否为有效且未吊销的节点凭据；若遗失请联系管理节点(K)重新签发"}
[2026-10-03 05:12:58] ⚠️ 连续失败超限 → 继续但标记告警
[2026-10-03 05:13:06] ❌ beat fail (496/30): HTTP 403: {"error": "credential rejected", "reason": "credential_revoked", "fix": "检查 X-FSTDD-Token 是否为有效且未吊销的节点凭据；若遗失请联系管理节点(K)重新签发"}
[2026-10-03 05:13:06] ⚠️ 连续失败超限 → 继续但标记告警
[2026-10-03 05:13:08] ✅ beat ok: node_id=FSTDD003 last_seen=1790975588.4475207
[2026-10-03 05:13:56] ❌ beat fail (234/30): HTTP 403: {"error": "credential rejected", "reason": "credential_revoked", "fix": "检查 X-FSTDD-Token 是否为有效且未吊销的节点凭据；若遗失请联系管理节点(K)重新签发"}
[2026-10-03 05:13:56] ⚠️ 连续失败超限 → 继续但标记告警
[2026-10-03 05:13:59] ❌ beat fail (602/30): HTTP 403: {"error": "credential rejected", "reason": "credential_revoked", "fix": "检查 X-FSTDD-Token 是否为有效且未吊销的节点凭据；若遗失请联系管理节点(K)重新签发"}
[2026-10-03 05:13:59] ⚠️ 连续失败超限 → 继续但标记告警
[2026-10-03 05:14:07] ❌ beat fail (497/30): HTTP 403: {"error": "credential rejected", "reason": "credential_revoked", "fix": "检查 X-FSTDD-Token 是否为有效且未吊销的节点凭据；若遗失请联系管理节点(K)重新签发"}
[2026-10-03 05:14:07] ⚠️ 连续失败超限 → 继续但标记告警
[2026-10-03 05:14:09] ✅ beat ok: node_id=FSTDD003 last_seen=1790975649.1394992
[2026-10-03 05:14:58] ❌ beat fail (235/30): HTTP 403: {"error": "credential rejected", "reason": "credential_revoked", "fix": "检查 X-FSTDD-Token 是否为有效且未吊销的节点凭据；若遗失请联系管理节点(K)重新签发"}
[2026-10-03 05:14:58] ⚠️ 连续失败超限 → 继续但标记告警
[2026-10-03 05:15:00] ❌ beat fail (603/30): HTTP 403: {"error": "credential rejected", "reason": "credential_revoked", "fix": "检查 X-FSTDD-Token 是否为有效且未吊销的节点凭据；若遗失请联系管理节点(K)重新签发"}
[2026-10-03 05:15:00] ⚠️ 连续失败超限 → 继续但标记告警
[2026-10-03 05:15:08] ❌ beat fail (498/30): HTTP 403: {"error": "credential rejected", "reason": "credential_revoked", "fix": "检查 X-FSTDD-Token 是否为有效且未吊销的节点凭据；若遗失请联系管理节点(K)重新签发"}
[2026-10-03 05:15:08] ⚠️ 连续失败超限 → 继续但标记告警
[2026-10-03 05:15:10] ✅ beat ok: node_id=FSTDD003 last_seen=1790975709.83707
[2026-10-03 05:15:59] ❌ beat fail (236/30): HTTP 403: {"error": "credential rejected", "reason": "credential_revoked", "fix": "检查 X-FSTDD-Token 是否为有效且未吊销的节点凭据；若遗失请联系管理节点(K)重新签发"}
[2026-10-03 05:15:59] ⚠️ 连续失败超限 → 继续但标记告警
[2026-10-03 05:16:01] ❌ beat fail (604/30): HTTP 403: {"error": "credential rejected", "reason": "credential_revoked", "fix": "检查 X-FSTDD-Token 是否为有效且未吊销的节点凭据；若遗失请联系管理节点(K)重新签发"}
[2026-10-03 05:16:01] ⚠️ 连续失败超限 → 继续但标记告警
[2026-10-03 05:16:09] ❌ beat fail (499/30): HTTP 403: {"error": "credential rejected", "reason": "credential_revoked", "fix": "检查 X-FSTDD-Token 是否为有效且未吊销的节点凭据；若遗失请联系管理节点(K)重新签发"}
[2026-10-03 05:16:09] ⚠️ 连续失败超限 → 继续但标记告警
[2026-10-03 05:16:10] ✅ beat ok: node_id=FSTDD003 last_seen=1790975770.9021614
[2026-10-03 05:16:59] ❌ beat fail (237/30): HTTP 403: {"error": "credential rejected", "reason": "credential_revoked", "fix": "检查 X-FSTDD-Token 是否为有效且未吊销的节点凭据；若遗失请联系管理节点(K)重新签发"}
[2026-10-03 05:16:59] ⚠️ 连续失败超限 → 继续但标记告警
[2026-10-03 05:17:02] ❌ beat fail (605/30): HTTP 403: {"error": "credential rejected", "reason": "credential_revoked", "fix": "检查 X-FSTDD-Token 是否为有效且未吊销的节点凭据；若遗失请联系管理节点(K)重新签发"}
[2026-10-03 05:17:02] ⚠️ 连续失败超限 → 继续但标记告警
[2026-10-03 05:17:10] ❌ beat fail (500/30): HTTP 403: {"error": "credential rejected", "reason": "credential_revoked", "fix": "检查 X-FSTDD-Token 是否为有效且未吊销的节点凭据；若遗失请联系管理节点(K)重新签发"}
[2026-10-03 05:17:10] ⚠️ 连续失败超限 → 继续但标记告警
[2026-10-03 05:17:11] ✅ beat ok: node_id=FSTDD003 last_seen=1790975831.6032586
[2026-10-03 05:18:00] ❌ beat fail (238/30): HTTP 403: {"error": "credential rejected", "reason": "credential_revoked", "fix": "检查 X-FSTDD-Token 是否为有效且未吊销的节点凭据；若遗失请联系管理节点(K)重新签发"}
[2026-10-03 05:18:00] ⚠️ 连续失败超限 → 继续但标记告警
[2026-10-03 05:18:03] ❌ beat fail (606/30): HTTP 403: {"error": "credential rejected", "reason": "credential_revoked", "fix": "检查 X-FSTDD-Token 是否为有效且未吊销的节点凭据；若遗失请联系管理节点(K)重新签发"}
[2026-10-03 05:18:03] ⚠️ 连续失败超限 → 继续但标记告警
[2026-10-03 05:18:11] ❌ beat fail (501/30): HTTP 403: {"error": "credential rejected", "reason": "credential_revoked", "fix": "检查 X-FSTDD-Token 是否为有效且未吊销的节点凭据；若遗失请联系管理节点(K)重新签发"}
[2026-10-03 05:18:11] ⚠️ 连续失败超限 → 继续但标记告警
[2026-10-03 05:18:12] ✅ beat ok: node_id=FSTDD003 last_seen=1790975893.0101488
[2026-10-03 05:19:01] ❌ beat fail (239/30): HTTP 403: {"error": "credential rejected", "reason": "credential_revoked", "fix": "检查 X-FSTDD-Token 是否为有效且未吊销的节点凭据；若遗失请联系管理节点(K)重新签发"}
[2026-10-03 05:19:01] ⚠️ 连续失败超限 → 继续但标记告警
[2026-10-03 05:19:04] ❌ beat fail (607/30): HTTP 403: {"error": "credential rejected", "reason": "credential_revoked", "fix": "检查 X-FSTDD-Token 是否为有效且未吊销的节点凭据；若遗失请联系管理节点(K)重新签发"}
[2026-10-03 05:19:04] ⚠️ 连续失败超限 → 继续但标记告警
[2026-10-03 05:19:12] ❌ beat fail (502/30): HTTP 403: {"error": "credential rejected", "reason": "credential_revoked", "fix": "检查 X-FSTDD-Token 是否为有效且未吊销的节点凭据；若遗失请联系管理节点(K)重新签发"}
[2026-10-03 05:19:12] ⚠️ 连续失败超限 → 继续但标记告警
[2026-10-03 05:19:13] ✅ beat ok: node_id=FSTDD003 last_seen=1790975953.6971688
[2026-10-03 05:20:02] ❌ beat fail (240/30): HTTP 403: {"error": "credential rejected", "reason": "credential_revoked", "fix": "检查 X-FSTDD-Token 是否为有效且未吊销的节点凭据；若遗失请联系管理节点(K)重新签发"}
[2026-10-03 05:20:02] ⚠️ 连续失败超限 → 继续但标记告警
[2026-10-03 05:20:05] ❌ beat fail (608/30): HTTP 403: {"error": "credential rejected", "reason": "credential_revoked", "fix": "检查 X-FSTDD-Token 是否为有效且未吊销的节点凭据；若遗失请联系管理节点(K)重新签发"}
[2026-10-03 05:20:05] ⚠️ 连续失败超限 → 继续但标记告警
[2026-10-03 05:20:13] ❌ beat fail (503/30): HTTP 403: {"error": "credential rejected", "reason": "credential_revoked", "fix": "检查 X-FSTDD-Token 是否为有效且未吊销的节点凭据；若遗失请联系管理节点(K)重新签发"}
[2026-10-03 05:20:13] ⚠️ 连续失败超限 → 继续但标记告警
[2026-10-03 05:20:14] ✅ beat ok: node_id=FSTDD003 last_seen=1790976014.766893
[2026-10-03 05:21:02] ❌ beat fail (241/30): HTTP 403: {"error": "credential rejected", "reason": "credential_revoked", "fix": "检查 X-FSTDD-Token 是否为有效且未吊销的节点凭据；若遗失请联系管理节点(K)重新签发"}
[2026-10-03 05:21:02] ⚠️ 连续失败超限 → 继续但标记告警
[2026-10-03 05:21:06] ❌ beat fail (609/30): HTTP 403: {"error": "credential rejected", "reason": "credential_revoked", "fix": "检查 X-FSTDD-Token 是否为有效且未吊销的节点凭据；若遗失请联系管理节点(K)重新签发"}
[2026-10-03 05:21:06] ⚠️ 连续失败超限 → 继续但标记告警
[2026-10-03 05:21:13] ❌ beat fail (504/30): HTTP 403: {"error": "credential rejected", "reason": "credential_revoked", "fix": "检查 X-FSTDD-Token 是否为有效且未吊销的节点凭据；若遗失请联系管理节点(K)重新签发"}
[2026-10-03 05:21:13] ⚠️ 连续失败超限 → 继续但标记告警
[2026-10-03 05:21:15] ✅ beat ok: node_id=FSTDD003 last_seen=1790976075.4547713
[2026-10-03 05:22:03] ❌ beat fail (242/30): HTTP 403: {"error": "credential rejected", "reason": "credential_revoked", "fix": "检查 X-FSTDD-Token 是否为有效且未吊销的节点凭据；若遗失请联系管理节点(K)重新签发"}
[2026-10-03 05:22:03] ⚠️ 连续失败超限 → 继续但标记告警
[2026-10-03 05:22:07] ❌ beat fail (610/30): HTTP 403: {"error": "credential rejected", "reason": "credential_revoked", "fix": "检查 X-FSTDD-Token 是否为有效且未吊销的节点凭据；若遗失请联系管理节点(K)重新签发"}
[2026-10-03 05:22:07] ⚠️ 连续失败超限 → 继续但标记告警
[2026-10-03 05:22:14] ❌ beat fail (505/30): HTTP 403: {"error": "credential rejected", "reason": "credential_revoked", "fix": "检查 X-FSTDD-Token 是否为有效且未吊销的节点凭据；若遗失请联系管理节点(K)重新签发"}
[2026-10-03 05:22:14] ⚠️ 连续失败超限 → 继续但标记告警
[2026-10-03 05:22:16] ✅ beat ok: node_id=FSTDD003 last_seen=1790976136.1413424
[2026-10-03 05:23:05] ❌ beat fail (243/30): HTTP 403: {"error": "credential rejected", "reason": "credential_revoked", "fix": "检查 X-FSTDD-Token 是否为有效且未吊销的节点凭据；若遗失请联系管理节点(K)重新签发"}
[2026-10-03 05:23:05] ⚠️ 连续失败超限 → 继续但标记告警
[2026-10-03 05:23:08] ❌ beat fail (611/30): HTTP 403: {"error": "credential rejected", "reason": "credential_revoked", "fix": "检查 X-FSTDD-Token 是否为有效且未吊销的节点凭据；若遗失请联系管理节点(K)重新签发"}
[2026-10-03 05:23:08] ⚠️ 连续失败超限 → 继续但标记告警
[2026-10-03 05:23:16] ❌ beat fail (506/30): HTTP 403: {"error": "credential rejected", "reason": "credential_revoked", "fix": "检查 X-FSTDD-Token 是否为有效且未吊销的节点凭据；若遗失请联系管理节点(K)重新签发"}
[2026-10-03 05:23:16] ⚠️ 连续失败超限 → 继续但标记告警
[2026-10-03 05:23:17] ✅ beat ok: node_id=FSTDD003 last_seen=1790976197.2105083
[2026-10-03 05:24:06] ❌ beat fail (244/30): HTTP 403: {"error": "credential rejected", "reason": "credential_revoked", "fix": "检查 X-FSTDD-Token 是否为有效且未吊销的节点凭据；若遗失请联系管理节点(K)重新签发"}
[2026-10-03 05:24:06] ⚠️ 连续失败超限 → 继续但标记告警
[2026-10-03 05:24:09] ❌ beat fail (612/30): HTTP 403: {"error": "credential rejected", "reason": "credential_revoked", "fix": "检查 X-FSTDD-Token 是否为有效且未吊销的节点凭据；若遗失请联系管理节点(K)重新签发"}
[2026-10-03 05:24:09] ⚠️ 连续失败超限 → 继续但标记告警
[2026-10-03 05:24:17] ❌ beat fail (507/30): HTTP 403: {"error": "credential rejected", "reason": "credential_revoked", "fix": "检查 X-FSTDD-Token 是否为有效且未吊销的节点凭据；若遗失请联系管理节点(K)重新签发"}
[2026-10-03 05:24:17] ⚠️ 连续失败超限 → 继续但标记告警
[2026-10-03 05:24:18] ✅ beat ok: node_id=FSTDD003 last_seen=1790976257.8999696
[2026-10-03 05:25:07] ❌ beat fail (245/30): HTTP 403: {"error": "credential rejected", "reason": "credential_revoked", "fix": "检查 X-FSTDD-Token 是否为有效且未吊销的节点凭据；若遗失请联系管理节点(K)重新签发"}
[2026-10-03 05:25:07] ⚠️ 连续失败超限 → 继续但标记告警
[2026-10-03 05:25:10] ❌ beat fail (613/30): HTTP 403: {"error": "credential rejected", "reason": "credential_revoked", "fix": "检查 X-FSTDD-Token 是否为有效且未吊销的节点凭据；若遗失请联系管理节点(K)重新签发"}
[2026-10-03 05:25:10] ⚠️ 连续失败超限 → 继续但标记告警
[2026-10-03 05:25:18] ❌ beat fail (508/30): HTTP 403: {"error": "credential rejected", "reason": "credential_revoked", "fix": "检查 X-FSTDD-Token 是否为有效且未吊销的节点凭据；若遗失请联系管理节点(K)重新签发"}
[2026-10-03 05:25:18] ⚠️ 连续失败超限 → 继续但标记告警
[2026-10-03 05:25:19] ✅ beat ok: node_id=FSTDD003 last_seen=1790976318.9650943
[2026-10-03 05:26:08] ❌ beat fail (246/30): HTTP 403: {"error": "credential rejected", "reason": "credential_revoked", "fix": "检查 X-FSTDD-Token 是否为有效且未吊销的节点凭据；若遗失请联系管理节点(K)重新签发"}
[2026-10-03 05:26:08] ⚠️ 连续失败超限 → 继续但标记告警
[2026-10-03 05:26:11] ❌ beat fail (614/30): HTTP 403: {"error": "credential rejected", "reason": "credential_revoked", "fix": "检查 X-FSTDD-Token 是否为有效且未吊销的节点凭据；若遗失请联系管理节点(K)重新签发"}
[2026-10-03 05:26:11] ⚠️ 连续失败超限 → 继续但标记告警
[2026-10-03 05:26:19] ❌ beat fail (509/30): HTTP 403: {"error": "credential rejected", "reason": "credential_revoked", "fix": "检查 X-FSTDD-Token 是否为有效且未吊销的节点凭据；若遗失请联系管理节点(K)重新签发"}
[2026-10-03 05:26:19] ⚠️ 连续失败超限 → 继续但标记告警
[2026-10-03 05:26:20] ✅ beat ok: node_id=FSTDD003 last_seen=1790976380.030545
[2026-10-03 05:27:09] ❌ beat fail (247/30): HTTP 403: {"error": "credential rejected", "reason": "credential_revoked", "fix": "检查 X-FSTDD-Token 是否为有效且未吊销的节点凭据；若遗失请联系管理节点(K)重新签发"}
[2026-10-03 05:27:09] ⚠️ 连续失败超限 → 继续但标记告警
[2026-10-03 05:27:12] ❌ beat fail (615/30): HTTP 403: {"error": "credential rejected", "reason": "credential_revoked", "fix": "检查 X-FSTDD-Token 是否为有效且未吊销的节点凭据；若遗失请联系管理节点(K)重新签发"}
[2026-10-03 05:27:12] ⚠️ 连续失败超限 → 继续但标记告警
[2026-10-03 05:27:19] ❌ beat fail (510/30): HTTP 403: {"error": "credential rejected", "reason": "credential_revoked", "fix": "检查 X-FSTDD-Token 是否为有效且未吊销的节点凭据；若遗失请联系管理节点(K)重新签发"}
[2026-10-03 05:27:19] ⚠️ 连续失败超限 → 继续但标记告警
[2026-10-03 05:27:21] ✅ beat ok: node_id=FSTDD003 last_seen=1790976441.4293542
[2026-10-03 05:28:10] ❌ beat fail (248/30): HTTP 403: {"error": "credential rejected", "reason": "credential_revoked", "fix": "检查 X-FSTDD-Token 是否为有效且未吊销的节点凭据；若遗失请联系管理节点(K)重新签发"}
[2026-10-03 05:28:10] ⚠️ 连续失败超限 → 继续但标记告警
[2026-10-03 05:28:13] ❌ beat fail (616/30): HTTP 403: {"error": "credential rejected", "reason": "credential_revoked", "fix": "检查 X-FSTDD-Token 是否为有效且未吊销的节点凭据；若遗失请联系管理节点(K)重新签发"}
[2026-10-03 05:28:13] ⚠️ 连续失败超限 → 继续但标记告警
[2026-10-03 05:28:20] ❌ beat fail (511/30): HTTP 403: {"error": "credential rejected", "reason": "credential_revoked", "fix": "检查 X-FSTDD-Token 是否为有效且未吊销的节点凭据；若遗失请联系管理节点(K)重新签发"}
[2026-10-03 05:28:20] ⚠️ 连续失败超限 → 继续但标记告警
[2026-10-03 05:28:22] ✅ beat ok: node_id=FSTDD003 last_seen=1790976502.1140807
[2026-10-03 05:29:11] ❌ beat fail (249/30): HTTP 403: {"error": "credential rejected", "reason": "credential_revoked", "fix": "检查 X-FSTDD-Token 是否为有效且未吊销的节点凭据；若遗失请联系管理节点(K)重新签发"}
[2026-10-03 05:29:11] ⚠️ 连续失败超限 → 继续但标记告警
[2026-10-03 05:29:14] ❌ beat fail (617/30): HTTP 403: {"error": "credential rejected", "reason": "credential_revoked", "fix": "检查 X-FSTDD-Token 是否为有效且未吊销的节点凭据；若遗失请联系管理节点(K)重新签发"}
[2026-10-03 05:29:14] ⚠️ 连续失败超限 → 继续但标记告警
[2026-10-03 05:29:21] ❌ beat fail (512/30): HTTP 403: {"error": "credential rejected", "reason": "credential_revoked", "fix": "检查 X-FSTDD-Token 是否为有效且未吊销的节点凭据；若遗失请联系管理节点(K)重新签发"}
[2026-10-03 05:29:21] ⚠️ 连续失败超限 → 继续但标记告警
[2026-10-03 05:29:23] ✅ beat ok: node_id=FSTDD003 last_seen=1790976563.1837053
[2026-10-03 05:30:12] ❌ beat fail (250/30): HTTP 403: {"error": "credential rejected", "reason": "credential_revoked", "fix": "检查 X-FSTDD-Token 是否为有效且未吊销的节点凭据；若遗失请联系管理节点(K)重新签发"}
[2026-10-03 05:30:12] ⚠️ 连续失败超限 → 继续但标记告警
[2026-10-03 05:30:15] ❌ beat fail (618/30): HTTP 403: {"error": "credential rejected", "reason": "credential_revoked", "fix": "检查 X-FSTDD-Token 是否为有效且未吊销的节点凭据；若遗失请联系管理节点(K)重新签发"}
[2026-10-03 05:30:15] ⚠️ 连续失败超限 → 继续但标记告警
[2026-10-03 05:30:22] ❌ beat fail (513/30): HTTP 403: {"error": "credential rejected", "reason": "credential_revoked", "fix": "检查 X-FSTDD-Token 是否为有效且未吊销的节点凭据；若遗失请联系管理节点(K)重新签发"}
[2026-10-03 05:30:22] ⚠️ 连续失败超限 → 继续但标记告警
[2026-10-03 05:30:23] ✅ beat ok: node_id=FSTDD003 last_seen=1790976623.8694687
[2026-10-03 05:31:13] ❌ beat fail (251/30): HTTP 403: {"error": "credential rejected", "reason": "credential_revoked", "fix": "检查 X-FSTDD-Token 是否为有效且未吊销的节点凭据；若遗失请联系管理节点(K)重新签发"}
[2026-10-03 05:31:13] ⚠️ 连续失败超限 → 继续但标记告警
[2026-10-03 05:31:16] ❌ beat fail (619/30): HTTP 403: {"error": "credential rejected", "reason": "credential_revoked", "fix": "检查 X-FSTDD-Token 是否为有效且未吊销的节点凭据；若遗失请联系管理节点(K)重新签发"}
[2026-10-03 05:31:16] ⚠️ 连续失败超限 → 继续但标记告警
[2026-10-03 05:31:23] ❌ beat fail (514/30): HTTP 403: {"error": "credential rejected", "reason": "credential_revoked", "fix": "检查 X-FSTDD-Token 是否为有效且未吊销的节点凭据；若遗失请联系管理节点(K)重新签发"}
[2026-10-03 05:31:23] ⚠️ 连续失败超限 → 继续但标记告警
[2026-10-03 05:31:24] ✅ beat ok: node_id=FSTDD003 last_seen=1790976684.5849571
[2026-10-03 05:32:13] ❌ beat fail (252/30): HTTP 403: {"error": "credential rejected", "reason": "credential_revoked", "fix": "检查 X-FSTDD-Token 是否为有效且未吊销的节点凭据；若遗失请联系管理节点(K)重新签发"}
[2026-10-03 05:32:13] ⚠️ 连续失败超限 → 继续但标记告警
[2026-10-03 05:32:17] ❌ beat fail (620/30): HTTP 403: {"error": "credential rejected", "reason": "credential_revoked", "fix": "检查 X-FSTDD-Token 是否为有效且未吊销的节点凭据；若遗失请联系管理节点(K)重新签发"}
[2026-10-03 05:32:17] ⚠️ 连续失败超限 → 继续但标记告警
[2026-10-03 05:32:24] ❌ beat fail (515/30): HTTP 403: {"error": "credential rejected", "reason": "credential_revoked", "fix": "检查 X-FSTDD-Token 是否为有效且未吊销的节点凭据；若遗失请联系管理节点(K)重新签发"}
[2026-10-03 05:32:24] ⚠️ 连续失败超限 → 继续但标记告警
[2026-10-03 05:32:25] ✅ beat ok: node_id=FSTDD003 last_seen=1790976745.9905272
[2026-10-03 05:33:14] ❌ beat fail (253/30): HTTP 403: {"error": "credential rejected", "reason": "credential_revoked", "fix": "检查 X-FSTDD-Token 是否为有效且未吊销的节点凭据；若遗失请联系管理节点(K)重新签发"}
[2026-10-03 05:33:14] ⚠️ 连续失败超限 → 继续但标记告警
[2026-10-03 05:33:18] ❌ beat fail (621/30): HTTP 403: {"error": "credential rejected", "reason": "credential_revoked", "fix": "检查 X-FSTDD-Token 是否为有效且未吊销的节点凭据；若遗失请联系管理节点(K)重新签发"}
[2026-10-03 05:33:18] ⚠️ 连续失败超限 → 继续但标记告警
[2026-10-03 05:33:25] ❌ beat fail (516/30): HTTP 403: {"error": "credential rejected", "reason": "credential_revoked", "fix": "检查 X-FSTDD-Token 是否为有效且未吊销的节点凭据；若遗失请联系管理节点(K)重新签发"}
[2026-10-03 05:33:25] ⚠️ 连续失败超限 → 继续但标记告警
[2026-10-03 05:33:26] ✅ beat ok: node_id=FSTDD003 last_seen=1790976806.6753967
[2026-10-03 05:34:15] ❌ beat fail (254/30): HTTP 403: {"error": "credential rejected", "reason": "credential_revoked", "fix": "检查 X-FSTDD-Token 是否为有效且未吊销的节点凭据；若遗失请联系管理节点(K)重新签发"}
[2026-10-03 05:34:15] ⚠️ 连续失败超限 → 继续但标记告警
[2026-10-03 05:34:19] ❌ beat fail (622/30): HTTP 403: {"error": "credential rejected", "reason": "credential_revoked", "fix": "检查 X-FSTDD-Token 是否为有效且未吊销的节点凭据；若遗失请联系管理节点(K)重新签发"}
[2026-10-03 05:34:19] ⚠️ 连续失败超限 → 继续但标记告警
[2026-10-03 05:34:25] ❌ beat fail (517/30): HTTP 403: {"error": "credential rejected", "reason": "credential_revoked", "fix": "检查 X-FSTDD-Token 是否为有效且未吊销的节点凭据；若遗失请联系管理节点(K)重新签发"}
[2026-10-03 05:34:25] ⚠️ 连续失败超限 → 继续但标记告警
[2026-10-03 05:34:27] ✅ beat ok: node_id=FSTDD003 last_seen=1790976867.3612626
[2026-10-03 05:35:16] ❌ beat fail (255/30): HTTP 403: {"error": "credential rejected", "reason": "credential_revoked", "fix": "检查 X-FSTDD-Token 是否为有效且未吊销的节点凭据；若遗失请联系管理节点(K)重新签发"}
[2026-10-03 05:35:16] ⚠️ 连续失败超限 → 继续但标记告警
[2026-10-03 05:35:20] ❌ beat fail (623/30): HTTP 403: {"error": "credential rejected", "reason": "credential_revoked", "fix": "检查 X-FSTDD-Token 是否为有效且未吊销的节点凭据；若遗失请联系管理节点(K)重新签发"}
[2026-10-03 05:35:20] ⚠️ 连续失败超限 → 继续但标记告警
[2026-10-03 05:35:26] ❌ beat fail (518/30): HTTP 403: {"error": "credential rejected", "reason": "credential_revoked", "fix": "检查 X-FSTDD-Token 是否为有效且未吊销的节点凭据；若遗失请联系管理节点(K)重新签发"}
[2026-10-03 05:35:26] ⚠️ 连续失败超限 → 继续但标记告警
[2026-10-03 05:35:27] ✅ beat ok: node_id=FSTDD003 last_seen=1790976928.046911
[2026-10-03 05:36:17] ❌ beat fail (256/30): HTTP 403: {"error": "credential rejected", "reason": "credential_revoked", "fix": "检查 X-FSTDD-Token 是否为有效且未吊销的节点凭据；若遗失请联系管理节点(K)重新签发"}
[2026-10-03 05:36:17] ⚠️ 连续失败超限 → 继续但标记告警
[2026-10-03 05:36:21] ❌ beat fail (624/30): HTTP 403: {"error": "credential rejected", "reason": "credential_revoked", "fix": "检查 X-FSTDD-Token 是否为有效且未吊销的节点凭据；若遗失请联系管理节点(K)重新签发"}
[2026-10-03 05:36:21] ⚠️ 连续失败超限 → 继续但标记告警
[2026-10-03 05:36:27] ❌ beat fail (519/30): HTTP 403: {"error": "credential rejected", "reason": "credential_revoked", "fix": "检查 X-FSTDD-Token 是否为有效且未吊销的节点凭据；若遗失请联系管理节点(K)重新签发"}
[2026-10-03 05:36:27] ⚠️ 连续失败超限 → 继续但标记告警
[2026-10-03 05:36:29] ✅ beat ok: node_id=FSTDD003 last_seen=1790976988.7322688
[2026-10-03 05:37:18] ❌ beat fail (257/30): HTTP 403: {"error": "credential rejected", "reason": "credential_revoked", "fix": "检查 X-FSTDD-Token 是否为有效且未吊销的节点凭据；若遗失请联系管理节点(K)重新签发"}
[2026-10-03 05:37:18] ⚠️ 连续失败超限 → 继续但标记告警
[2026-10-03 05:37:22] ❌ beat fail (625/30): HTTP 403: {"error": "credential rejected", "reason": "credential_revoked", "fix": "检查 X-FSTDD-Token 是否为有效且未吊销的节点凭据；若遗失请联系管理节点(K)重新签发"}
[2026-10-03 05:37:22] ⚠️ 连续失败超限 → 继续但标记告警
[2026-10-03 05:37:28] ❌ beat fail (520/30): HTTP 403: {"error": "credential rejected", "reason": "credential_revoked", "fix": "检查 X-FSTDD-Token 是否为有效且未吊销的节点凭据；若遗失请联系管理节点(K)重新签发"}
[2026-10-03 05:37:28] ⚠️ 连续失败超限 → 继续但标记告警
[2026-10-03 05:37:30] ✅ beat ok: node_id=FSTDD003 last_seen=1790977049.8066692
[2026-10-03 05:38:19] ❌ beat fail (258/30): HTTP 403: {"error": "credential rejected", "reason": "credential_revoked", "fix": "检查 X-FSTDD-Token 是否为有效且未吊销的节点凭据；若遗失请联系管理节点(K)重新签发"}
[2026-10-03 05:38:19] ⚠️ 连续失败超限 → 继续但标记告警
[2026-10-03 05:38:23] ❌ beat fail (626/30): HTTP 403: {"error": "credential rejected", "reason": "credential_revoked", "fix": "检查 X-FSTDD-Token 是否为有效且未吊销的节点凭据；若遗失请联系管理节点(K)重新签发"}
[2026-10-03 05:38:23] ⚠️ 连续失败超限 → 继续但标记告警
[2026-10-03 05:38:28] ❌ beat fail (521/30): HTTP 403: {"error": "credential rejected", "reason": "credential_revoked", "fix": "检查 X-FSTDD-Token 是否为有效且未吊销的节点凭据；若遗失请联系管理节点(K)重新签发"}
[2026-10-03 05:38:28] ⚠️ 连续失败超限 → 继续但标记告警
[2026-10-03 05:38:30] ✅ beat ok: node_id=FSTDD003 last_seen=1790977110.876278
[2026-10-03 05:39:19] ❌ beat fail (259/30): HTTP 403: {"error": "credential rejected", "reason": "credential_revoked", "fix": "检查 X-FSTDD-Token 是否为有效且未吊销的节点凭据；若遗失请联系管理节点(K)重新签发"}
[2026-10-03 05:39:19] ⚠️ 连续失败超限 → 继续但标记告警
[2026-10-03 05:39:24] ❌ beat fail (627/30): HTTP 403: {"error": "credential rejected", "reason": "credential_revoked", "fix": "检查 X-FSTDD-Token 是否为有效且未吊销的节点凭据；若遗失请联系管理节点(K)重新签发"}
[2026-10-03 05:39:24] ⚠️ 连续失败超限 → 继续但标记告警
[2026-10-03 05:39:30] ❌ beat fail (522/30): HTTP 403: {"error": "credential rejected", "reason": "credential_revoked", "fix": "检查 X-FSTDD-Token 是否为有效且未吊销的节点凭据；若遗失请联系管理节点(K)重新签发"}
[2026-10-03 05:39:30] ⚠️ 连续失败超限 → 继续但标记告警
[2026-10-03 05:39:31] ✅ beat ok: node_id=FSTDD003 last_seen=1790977171.562226
[2026-10-03 05:40:20] ❌ beat fail (260/30): HTTP 403: {"error": "credential rejected", "reason": "credential_revoked", "fix": "检查 X-FSTDD-Token 是否为有效且未吊销的节点凭据；若遗失请联系管理节点(K)重新签发"}
[2026-10-03 05:40:20] ⚠️ 连续失败超限 → 继续但标记告警
[2026-10-03 05:40:25] ❌ beat fail (628/30): HTTP 403: {"error": "credential rejected", "reason": "credential_revoked", "fix": "检查 X-FSTDD-Token 是否为有效且未吊销的节点凭据；若遗失请联系管理节点(K)重新签发"}
[2026-10-03 05:40:25] ⚠️ 连续失败超限 → 继续但标记告警
[2026-10-03 05:40:31] ❌ beat fail (523/30): HTTP 403: {"error": "credential rejected", "reason": "credential_revoked", "fix": "检查 X-FSTDD-Token 是否为有效且未吊销的节点凭据；若遗失请联系管理节点(K)重新签发"}
[2026-10-03 05:40:31] ⚠️ 连续失败超限 → 继续但标记告警
[2026-10-03 05:40:32] ✅ beat ok: node_id=FSTDD003 last_seen=1790977232.6346474
[2026-10-03 05:41:21] ❌ beat fail (261/30): HTTP 403: {"error": "credential rejected", "reason": "credential_revoked", "fix": "检查 X-FSTDD-Token 是否为有效且未吊销的节点凭据；若遗失请联系管理节点(K)重新签发"}
[2026-10-03 05:41:22] ⚠️ 连续失败超限 → 继续但标记告警
[2026-10-03 05:41:26] ❌ beat fail (629/30): HTTP 403: {"error": "credential rejected", "reason": "credential_revoked", "fix": "检查 X-FSTDD-Token 是否为有效且未吊销的节点凭据；若遗失请联系管理节点(K)重新签发"}
[2026-10-03 05:41:26] ⚠️ 连续失败超限 → 继续但标记告警
[2026-10-03 05:41:32] ❌ beat fail (524/30): HTTP 403: {"error": "credential rejected", "reason": "credential_revoked", "fix": "检查 X-FSTDD-Token 是否为有效且未吊销的节点凭据；若遗失请联系管理节点(K)重新签发"}
[2026-10-03 05:41:32] ⚠️ 连续失败超限 → 继续但标记告警
[2026-10-03 05:41:33] ✅ beat ok: node_id=FSTDD003 last_seen=1790977293.3203092
[2026-10-03 05:42:22] ❌ beat fail (262/30): HTTP 403: {"error": "credential rejected", "reason": "credential_revoked", "fix": "检查 X-FSTDD-Token 是否为有效且未吊销的节点凭据；若遗失请联系管理节点(K)重新签发"}
[2026-10-03 05:42:22] ⚠️ 连续失败超限 → 继续但标记告警
[2026-10-03 05:42:27] ❌ beat fail (630/30): HTTP 403: {"error": "credential rejected", "reason": "credential_revoked", "fix": "检查 X-FSTDD-Token 是否为有效且未吊销的节点凭据；若遗失请联系管理节点(K)重新签发"}
[2026-10-03 05:42:27] ⚠️ 连续失败超限 → 继续但标记告警
[2026-10-03 05:42:32] ❌ beat fail (525/30): HTTP 403: {"error": "credential rejected", "reason": "credential_revoked", "fix": "检查 X-FSTDD-Token 是否为有效且未吊销的节点凭据；若遗失请联系管理节点(K)重新签发"}
[2026-10-03 05:42:32] ⚠️ 连续失败超限 → 继续但标记告警
[2026-10-03 05:42:34] ✅ beat ok: node_id=FSTDD003 last_seen=1790977354.3169997
[2026-10-03 05:43:23] ❌ beat fail (263/30): HTTP 403: {"error": "credential rejected", "reason": "credential_revoked", "fix": "检查 X-FSTDD-Token 是否为有效且未吊销的节点凭据；若遗失请联系管理节点(K)重新签发"}
[2026-10-03 05:43:23] ⚠️ 连续失败超限 → 继续但标记告警
[2026-10-03 05:43:28] ❌ beat fail (631/30): HTTP 403: {"error": "credential rejected", "reason": "credential_revoked", "fix": "检查 X-FSTDD-Token 是否为有效且未吊销的节点凭据；若遗失请联系管理节点(K)重新签发"}
[2026-10-03 05:43:28] ⚠️ 连续失败超限 → 继续但标记告警
[2026-10-03 05:43:33] ❌ beat fail (526/30): HTTP 403: {"error": "credential rejected", "reason": "credential_revoked", "fix": "检查 X-FSTDD-Token 是否为有效且未吊销的节点凭据；若遗失请联系管理节点(K)重新签发"}
[2026-10-03 05:43:33] ⚠️ 连续失败超限 → 继续但标记告警
[2026-10-03 05:43:35] ✅ beat ok: node_id=FSTDD003 last_seen=1790977415.0584779
[2026-10-03 05:44:24] ❌ beat fail (264/30): HTTP 403: {"error": "credential rejected", "reason": "credential_revoked", "fix": "检查 X-FSTDD-Token 是否为有效且未吊销的节点凭据；若遗失请联系管理节点(K)重新签发"}
[2026-10-03 05:44:24] ⚠️ 连续失败超限 → 继续但标记告警
[2026-10-03 05:44:29] ❌ beat fail (632/30): HTTP 403: {"error": "credential rejected", "reason": "credential_revoked", "fix": "检查 X-FSTDD-Token 是否为有效且未吊销的节点凭据；若遗失请联系管理节点(K)重新签发"}
[2026-10-03 05:44:29] ⚠️ 连续失败超限 → 继续但标记告警
[2026-10-03 05:44:34] ❌ beat fail (527/30): HTTP 403: {"error": "credential rejected", "reason": "credential_revoked", "fix": "检查 X-FSTDD-Token 是否为有效且未吊销的节点凭据；若遗失请联系管理节点(K)重新签发"}
[2026-10-03 05:44:34] ⚠️ 连续失败超限 → 继续但标记告警
[2026-10-03 05:44:36] ✅ beat ok: node_id=FSTDD003 last_seen=1790977476.1371093
[2026-10-03 05:45:25] ❌ beat fail (265/30): HTTP 403: {"error": "credential rejected", "reason": "credential_revoked", "fix": "检查 X-FSTDD-Token 是否为有效且未吊销的节点凭据；若遗失请联系管理节点(K)重新签发"}
[2026-10-03 05:45:25] ⚠️ 连续失败超限 → 继续但标记告警
[2026-10-03 05:45:30] ❌ beat fail (633/30): HTTP 403: {"error": "credential rejected", "reason": "credential_revoked", "fix": "检查 X-FSTDD-Token 是否为有效且未吊销的节点凭据；若遗失请联系管理节点(K)重新签发"}
[2026-10-03 05:45:30] ⚠️ 连续失败超限 → 继续但标记告警
[2026-10-03 05:45:36] ❌ beat fail (528/30): HTTP 403: {"error": "credential rejected", "reason": "credential_revoked", "fix": "检查 X-FSTDD-Token 是否为有效且未吊销的节点凭据；若遗失请联系管理节点(K)重新签发"}
[2026-10-03 05:45:36] ⚠️ 连续失败超限 → 继续但标记告警
[2026-10-03 05:45:37] ✅ beat ok: node_id=FSTDD003 last_seen=1790977537.1941383
[2026-10-03 05:46:26] ❌ beat fail (266/30): HTTP 403: {"error": "credential rejected", "reason": "credential_revoked", "fix": "检查 X-FSTDD-Token 是否为有效且未吊销的节点凭据；若遗失请联系管理节点(K)重新签发"}
[2026-10-03 05:46:26] ⚠️ 连续失败超限 → 继续但标记告警
[2026-10-03 05:46:31] ❌ beat fail (634/30): HTTP 403: {"error": "credential rejected", "reason": "credential_revoked", "fix": "检查 X-FSTDD-Token 是否为有效且未吊销的节点凭据；若遗失请联系管理节点(K)重新签发"}
[2026-10-03 05:46:31] ⚠️ 连续失败超限 → 继续但标记告警
[2026-10-03 05:46:37] ❌ beat fail (529/30): HTTP 403: {"error": "credential rejected", "reason": "credential_revoked", "fix": "检查 X-FSTDD-Token 是否为有效且未吊销的节点凭据；若遗失请联系管理节点(K)重新签发"}
[2026-10-03 05:46:37] ⚠️ 连续失败超限 → 继续但标记告警
[2026-10-03 05:46:38] ✅ beat ok: node_id=FSTDD003 last_seen=1790977598.2478876
[2026-10-03 05:47:27] ❌ beat fail (267/30): HTTP 403: {"error": "credential rejected", "reason": "credential_revoked", "fix": "检查 X-FSTDD-Token 是否为有效且未吊销的节点凭据；若遗失请联系管理节点(K)重新签发"}
[2026-10-03 05:47:27] ⚠️ 连续失败超限 → 继续但标记告警
[2026-10-03 05:47:32] ❌ beat fail (635/30): HTTP 403: {"error": "credential rejected", "reason": "credential_revoked", "fix": "检查 X-FSTDD-Token 是否为有效且未吊销的节点凭据；若遗失请联系管理节点(K)重新签发"}
[2026-10-03 05:47:32] ⚠️ 连续失败超限 → 继续但标记告警
[2026-10-03 05:47:37] ❌ beat fail (530/30): HTTP 403: {"error": "credential rejected", "reason": "credential_revoked", "fix": "检查 X-FSTDD-Token 是否为有效且未吊销的节点凭据；若遗失请联系管理节点(K)重新签发"}
[2026-10-03 05:47:37] ⚠️ 连续失败超限 → 继续但标记告警
[2026-10-03 05:47:39] ✅ beat ok: node_id=FSTDD003 last_seen=1790977659.2673464
[2026-10-03 05:48:28] ❌ beat fail (268/30): HTTP 403: {"error": "credential rejected", "reason": "credential_revoked", "fix": "检查 X-FSTDD-Token 是否为有效且未吊销的节点凭据；若遗失请联系管理节点(K)重新签发"}
[2026-10-03 05:48:28] ⚠️ 连续失败超限 → 继续但标记告警
[2026-10-03 05:48:32] ❌ beat fail (636/30): HTTP 403: {"error": "credential rejected", "reason": "credential_revoked", "fix": "检查 X-FSTDD-Token 是否为有效且未吊销的节点凭据；若遗失请联系管理节点(K)重新签发"}
[2026-10-03 05:48:32] ⚠️ 连续失败超限 → 继续但标记告警
[2026-10-03 05:48:38] ❌ beat fail (531/30): HTTP 403: {"error": "credential rejected", "reason": "credential_revoked", "fix": "检查 X-FSTDD-Token 是否为有效且未吊销的节点凭据；若遗失请联系管理节点(K)重新签发"}
[2026-10-03 05:48:38] ⚠️ 连续失败超限 → 继续但标记告警
[2026-10-03 05:48:40] ✅ beat ok: node_id=FSTDD003 last_seen=1790977720.343216
[2026-10-03 05:49:29] ❌ beat fail (269/30): HTTP 403: {"error": "credential rejected", "reason": "credential_revoked", "fix": "检查 X-FSTDD-Token 是否为有效且未吊销的节点凭据；若遗失请联系管理节点(K)重新签发"}
[2026-10-03 05:49:29] ⚠️ 连续失败超限 → 继续但标记告警
[2026-10-03 05:49:33] ❌ beat fail (637/30): HTTP 403: {"error": "credential rejected", "reason": "credential_revoked", "fix": "检查 X-FSTDD-Token 是否为有效且未吊销的节点凭据；若遗失请联系管理节点(K)重新签发"}
[2026-10-03 05:49:33] ⚠️ 连续失败超限 → 继续但标记告警
[2026-10-03 05:49:39] ❌ beat fail (532/30): HTTP 403: {"error": "credential rejected", "reason": "credential_revoked", "fix": "检查 X-FSTDD-Token 是否为有效且未吊销的节点凭据；若遗失请联系管理节点(K)重新签发"}
[2026-10-03 05:49:39] ⚠️ 连续失败超限 → 继续但标记告警
[2026-10-03 05:49:41] ✅ beat ok: node_id=FSTDD003 last_seen=1790977781.0311434
[2026-10-03 05:50:30] ❌ beat fail (270/30): HTTP 403: {"error": "credential rejected", "reason": "credential_revoked", "fix": "检查 X-FSTDD-Token 是否为有效且未吊销的节点凭据；若遗失请联系管理节点(K)重新签发"}
[2026-10-03 05:50:30] ⚠️ 连续失败超限 → 继续但标记告警
[2026-10-03 05:50:34] ❌ beat fail (638/30): HTTP 403: {"error": "credential rejected", "reason": "credential_revoked", "fix": "检查 X-FSTDD-Token 是否为有效且未吊销的节点凭据；若遗失请联系管理节点(K)重新签发"}
[2026-10-03 05:50:34] ⚠️ 连续失败超限 → 继续但标记告警
[2026-10-03 05:50:40] ❌ beat fail (533/30): HTTP 403: {"error": "credential rejected", "reason": "credential_revoked", "fix": "检查 X-FSTDD-Token 是否为有效且未吊销的节点凭据；若遗失请联系管理节点(K)重新签发"}
[2026-10-03 05:50:40] ⚠️ 连续失败超限 → 继续但标记告警
[2026-10-03 05:50:42] ✅ beat ok: node_id=FSTDD003 last_seen=1790977842.4843545
[2026-10-03 05:51:31] ❌ beat fail (271/30): HTTP 403: {"error": "credential rejected", "reason": "credential_revoked", "fix": "检查 X-FSTDD-Token 是否为有效且未吊销的节点凭据；若遗失请联系管理节点(K)重新签发"}
[2026-10-03 05:51:31] ⚠️ 连续失败超限 → 继续但标记告警
[2026-10-03 05:51:35] ❌ beat fail (639/30): HTTP 403: {"error": "credential rejected", "reason": "credential_revoked", "fix": "检查 X-FSTDD-Token 是否为有效且未吊销的节点凭据；若遗失请联系管理节点(K)重新签发"}
[2026-10-03 05:51:35] ⚠️ 连续失败超限 → 继续但标记告警
[2026-10-03 05:51:42] ❌ beat fail (534/30): HTTP 403: {"error": "credential rejected", "reason": "credential_revoked", "fix": "检查 X-FSTDD-Token 是否为有效且未吊销的节点凭据；若遗失请联系管理节点(K)重新签发"}
[2026-10-03 05:51:42] ⚠️ 连续失败超限 → 继续但标记告警
[2026-10-03 05:51:43] ✅ beat ok: node_id=FSTDD003 last_seen=1790977903.1713114
[2026-10-03 05:52:32] ❌ beat fail (272/30): HTTP 403: {"error": "credential rejected", "reason": "credential_revoked", "fix": "检查 X-FSTDD-Token 是否为有效且未吊销的节点凭据；若遗失请联系管理节点(K)重新签发"}
[2026-10-03 05:52:32] ⚠️ 连续失败超限 → 继续但标记告警
[2026-10-03 05:52:36] ❌ beat fail (640/30): HTTP 403: {"error": "credential rejected", "reason": "credential_revoked", "fix": "检查 X-FSTDD-Token 是否为有效且未吊销的节点凭据；若遗失请联系管理节点(K)重新签发"}
[2026-10-03 05:52:36] ⚠️ 连续失败超限 → 继续但标记告警
[2026-10-03 05:52:42] ❌ beat fail (535/30): HTTP 403: {"error": "credential rejected", "reason": "credential_revoked", "fix": "检查 X-FSTDD-Token 是否为有效且未吊销的节点凭据；若遗失请联系管理节点(K)重新签发"}
[2026-10-03 05:52:42] ⚠️ 连续失败超限 → 继续但标记告警
[2026-10-03 05:52:44] ✅ beat ok: node_id=FSTDD003 last_seen=1790977964.2500305
[2026-10-03 05:53:33] ❌ beat fail (273/30): HTTP 403: {"error": "credential rejected", "reason": "credential_revoked", "fix": "检查 X-FSTDD-Token 是否为有效且未吊销的节点凭据；若遗失请联系管理节点(K)重新签发"}
[2026-10-03 05:53:33] ⚠️ 连续失败超限 → 继续但标记告警
[2026-10-03 05:53:36] ❌ beat fail (641/30): HTTP 403: {"error": "credential rejected", "reason": "credential_revoked", "fix": "检查 X-FSTDD-Token 是否为有效且未吊销的节点凭据；若遗失请联系管理节点(K)重新签发"}
[2026-10-03 05:53:36] ⚠️ 连续失败超限 → 继续但标记告警
[2026-10-03 05:53:43] ❌ beat fail (536/30): HTTP 403: {"error": "credential rejected", "reason": "credential_revoked", "fix": "检查 X-FSTDD-Token 是否为有效且未吊销的节点凭据；若遗失请联系管理节点(K)重新签发"}
[2026-10-03 05:53:43] ⚠️ 连续失败超限 → 继续但标记告警
[2026-10-03 05:53:44] ✅ beat ok: node_id=FSTDD003 last_seen=1790978024.9358008
[2026-10-03 05:54:34] ❌ beat fail (274/30): HTTP 403: {"error": "credential rejected", "reason": "credential_revoked", "fix": "检查 X-FSTDD-Token 是否为有效且未吊销的节点凭据；若遗失请联系管理节点(K)重新签发"}
[2026-10-03 05:54:34] ⚠️ 连续失败超限 → 继续但标记告警
[2026-10-03 05:54:37] ❌ beat fail (642/30): HTTP 403: {"error": "credential rejected", "reason": "credential_revoked", "fix": "检查 X-FSTDD-Token 是否为有效且未吊销的节点凭据；若遗失请联系管理节点(K)重新签发"}
[2026-10-03 05:54:37] ⚠️ 连续失败超限 → 继续但标记告警
[2026-10-03 05:54:44] ❌ beat fail (537/30): HTTP 403: {"error": "credential rejected", "reason": "credential_revoked", "fix": "检查 X-FSTDD-Token 是否为有效且未吊销的节点凭据；若遗失请联系管理节点(K)重新签发"}
[2026-10-03 05:54:44] ⚠️ 连续失败超限 → 继续但标记告警
[2026-10-03 05:54:46] ✅ beat ok: node_id=FSTDD003 last_seen=1790978085.9875188
[2026-10-03 05:55:35] ❌ beat fail (275/30): HTTP 403: {"error": "credential rejected", "reason": "credential_revoked", "fix": "检查 X-FSTDD-Token 是否为有效且未吊销的节点凭据；若遗失请联系管理节点(K)重新签发"}
[2026-10-03 05:55:35] ⚠️ 连续失败超限 → 继续但标记告警
[2026-10-03 05:55:39] ❌ beat fail (643/30): HTTP 403: {"error": "credential rejected", "reason": "credential_revoked", "fix": "检查 X-FSTDD-Token 是否为有效且未吊销的节点凭据；若遗失请联系管理节点(K)重新签发"}
[2026-10-03 05:55:39] ⚠️ 连续失败超限 → 继续但标记告警
[2026-10-03 05:55:45] ❌ beat fail (538/30): HTTP 403: {"error": "credential rejected", "reason": "credential_revoked", "fix": "检查 X-FSTDD-Token 是否为有效且未吊销的节点凭据；若遗失请联系管理节点(K)重新签发"}
[2026-10-03 05:55:45] ⚠️ 连续失败超限 → 继续但标记告警
[2026-10-03 05:55:46] ✅ beat ok: node_id=FSTDD003 last_seen=1790978147.057917
[2026-10-03 05:56:36] ❌ beat fail (276/30): HTTP 403: {"error": "credential rejected", "reason": "credential_revoked", "fix": "检查 X-FSTDD-Token 是否为有效且未吊销的节点凭据；若遗失请联系管理节点(K)重新签发"}
[2026-10-03 05:56:36] ⚠️ 连续失败超限 → 继续但标记告警
[2026-10-03 05:56:40] ❌ beat fail (644/30): HTTP 403: {"error": "credential rejected", "reason": "credential_revoked", "fix": "检查 X-FSTDD-Token 是否为有效且未吊销的节点凭据；若遗失请联系管理节点(K)重新签发"}
[2026-10-03 05:56:40] ⚠️ 连续失败超限 → 继续但标记告警
[2026-10-03 05:56:46] ❌ beat fail (539/30): HTTP 403: {"error": "credential rejected", "reason": "credential_revoked", "fix": "检查 X-FSTDD-Token 是否为有效且未吊销的节点凭据；若遗失请联系管理节点(K)重新签发"}
[2026-10-03 05:56:46] ⚠️ 连续失败超限 → 继续但标记告警
[2026-10-03 05:56:48] ✅ beat ok: node_id=FSTDD003 last_seen=1790978207.7440038
[2026-10-03 05:57:37] ❌ beat fail (277/30): HTTP 403: {"error": "credential rejected", "reason": "credential_revoked", "fix": "检查 X-FSTDD-Token 是否为有效且未吊销的节点凭据；若遗失请联系管理节点(K)重新签发"}
[2026-10-03 05:57:37] ⚠️ 连续失败超限 → 继续但标记告警
[2026-10-03 05:57:41] ❌ beat fail (645/30): HTTP 403: {"error": "credential rejected", "reason": "credential_revoked", "fix": "检查 X-FSTDD-Token 是否为有效且未吊销的节点凭据；若遗失请联系管理节点(K)重新签发"}
[2026-10-03 05:57:41] ⚠️ 连续失败超限 → 继续但标记告警
[2026-10-03 05:57:47] ❌ beat fail (540/30): HTTP 403: {"error": "credential rejected", "reason": "credential_revoked", "fix": "检查 X-FSTDD-Token 是否为有效且未吊销的节点凭据；若遗失请联系管理节点(K)重新签发"}
[2026-10-03 05:57:47] ⚠️ 连续失败超限 → 继续但标记告警
[2026-10-03 05:57:48] ✅ beat ok: node_id=FSTDD003 last_seen=1790978268.8185668
[2026-10-03 05:58:38] ❌ beat fail (278/30): HTTP 403: {"error": "credential rejected", "reason": "credential_revoked", "fix": "检查 X-FSTDD-Token 是否为有效且未吊销的节点凭据；若遗失请联系管理节点(K)重新签发"}
[2026-10-03 05:58:38] ⚠️ 连续失败超限 → 继续但标记告警
[2026-10-03 05:58:42] ❌ beat fail (646/30): HTTP 403: {"error": "credential rejected", "reason": "credential_revoked", "fix": "检查 X-FSTDD-Token 是否为有效且未吊销的节点凭据；若遗失请联系管理节点(K)重新签发"}
[2026-10-03 05:58:42] ⚠️ 连续失败超限 → 继续但标记告警
[2026-10-03 05:58:48] ❌ beat fail (541/30): HTTP 403: {"error": "credential rejected", "reason": "credential_revoked", "fix": "检查 X-FSTDD-Token 是否为有效且未吊销的节点凭据；若遗失请联系管理节点(K)重新签发"}
[2026-10-03 05:58:48] ⚠️ 连续失败超限 → 继续但标记告警
[2026-10-03 05:58:49] ✅ beat ok: node_id=FSTDD003 last_seen=1790978329.8674295
[2026-10-03 05:59:39] ❌ beat fail (279/30): HTTP 403: {"error": "credential rejected", "reason": "credential_revoked", "fix": "检查 X-FSTDD-Token 是否为有效且未吊销的节点凭据；若遗失请联系管理节点(K)重新签发"}
[2026-10-03 05:59:39] ⚠️ 连续失败超限 → 继续但标记告警
[2026-10-03 05:59:43] ❌ beat fail (647/30): HTTP 403: {"error": "credential rejected", "reason": "credential_revoked", "fix": "检查 X-FSTDD-Token 是否为有效且未吊销的节点凭据；若遗失请联系管理节点(K)重新签发"}
[2026-10-03 05:59:43] ⚠️ 连续失败超限 → 继续但标记告警
[2026-10-03 05:59:49] ❌ beat fail (542/30): HTTP 403: {"error": "credential rejected", "reason": "credential_revoked", "fix": "检查 X-FSTDD-Token 是否为有效且未吊销的节点凭据；若遗失请联系管理节点(K)重新签发"}
[2026-10-03 05:59:49] ⚠️ 连续失败超限 → 继续但标记告警
[2026-10-03 05:59:50] ✅ beat ok: node_id=FSTDD003 last_seen=1790978390.8955982
[2026-10-03 06:00:40] ❌ beat fail (280/30): HTTP 403: {"error": "credential rejected", "reason": "credential_revoked", "fix": "检查 X-FSTDD-Token 是否为有效且未吊销的节点凭据；若遗失请联系管理节点(K)重新签发"}
[2026-10-03 06:00:40] ⚠️ 连续失败超限 → 继续但标记告警
[2026-10-03 06:00:44] ❌ beat fail (648/30): HTTP 403: {"error": "credential rejected", "reason": "credential_revoked", "fix": "检查 X-FSTDD-Token 是否为有效且未吊销的节点凭据；若遗失请联系管理节点(K)重新签发"}
[2026-10-03 06:00:44] ⚠️ 连续失败超限 → 继续但标记告警
[2026-10-03 06:00:50] ❌ beat fail (543/30): HTTP 403: {"error": "credential rejected", "reason": "credential_revoked", "fix": "检查 X-FSTDD-Token 是否为有效且未吊销的节点凭据；若遗失请联系管理节点(K)重新签发"}
[2026-10-03 06:00:50] ⚠️ 连续失败超限 → 继续但标记告警
[2026-10-03 06:00:51] ✅ beat ok: node_id=FSTDD003 last_seen=1790978451.5804164
[2026-10-03 06:01:41] ❌ beat fail (281/30): HTTP 403: {"error": "credential rejected", "reason": "credential_revoked", "fix": "检查 X-FSTDD-Token 是否为有效且未吊销的节点凭据；若遗失请联系管理节点(K)重新签发"}
[2026-10-03 06:01:41] ⚠️ 连续失败超限 → 继续但标记告警
[2026-10-03 06:01:45] ❌ beat fail (649/30): HTTP 403: {"error": "credential rejected", "reason": "credential_revoked", "fix": "检查 X-FSTDD-Token 是否为有效且未吊销的节点凭据；若遗失请联系管理节点(K)重新签发"}
[2026-10-03 06:01:45] ⚠️ 连续失败超限 → 继续但标记告警
[2026-10-03 06:01:51] ❌ beat fail (544/30): HTTP 403: {"error": "credential rejected", "reason": "credential_revoked", "fix": "检查 X-FSTDD-Token 是否为有效且未吊销的节点凭据；若遗失请联系管理节点(K)重新签发"}
[2026-10-03 06:01:51] ⚠️ 连续失败超限 → 继续但标记告警
[2026-10-03 06:01:52] ✅ beat ok: node_id=FSTDD003 last_seen=1790978512.6446857
[2026-10-03 06:02:42] ❌ beat fail (282/30): HTTP 403: {"error": "credential rejected", "reason": "credential_revoked", "fix": "检查 X-FSTDD-Token 是否为有效且未吊销的节点凭据；若遗失请联系管理节点(K)重新签发"}
[2026-10-03 06:02:42] ⚠️ 连续失败超限 → 继续但标记告警
[2026-10-03 06:02:46] ❌ beat fail (650/30): HTTP 403: {"error": "credential rejected", "reason": "credential_revoked", "fix": "检查 X-FSTDD-Token 是否为有效且未吊销的节点凭据；若遗失请联系管理节点(K)重新签发"}
[2026-10-03 06:02:46] ⚠️ 连续失败超限 → 继续但标记告警
[2026-10-03 06:02:52] ❌ beat fail (545/30): HTTP 403: {"error": "credential rejected", "reason": "credential_revoked", "fix": "检查 X-FSTDD-Token 是否为有效且未吊销的节点凭据；若遗失请联系管理节点(K)重新签发"}
[2026-10-03 06:02:52] ⚠️ 连续失败超限 → 继续但标记告警
[2026-10-03 06:02:53] ✅ beat ok: node_id=FSTDD003 last_seen=1790978573.3607502
[2026-10-03 06:03:43] ❌ beat fail (283/30): HTTP 403: {"error": "credential rejected", "reason": "credential_revoked", "fix": "检查 X-FSTDD-Token 是否为有效且未吊销的节点凭据；若遗失请联系管理节点(K)重新签发"}
[2026-10-03 06:03:43] ⚠️ 连续失败超限 → 继续但标记告警
[2026-10-03 06:03:47] ❌ beat fail (651/30): HTTP 403: {"error": "credential rejected", "reason": "credential_revoked", "fix": "检查 X-FSTDD-Token 是否为有效且未吊销的节点凭据；若遗失请联系管理节点(K)重新签发"}
[2026-10-03 06:03:47] ⚠️ 连续失败超限 → 继续但标记告警
[2026-10-03 06:03:53] ❌ beat fail (546/30): HTTP 403: {"error": "credential rejected", "reason": "credential_revoked", "fix": "检查 X-FSTDD-Token 是否为有效且未吊销的节点凭据；若遗失请联系管理节点(K)重新签发"}
[2026-10-03 06:03:53] ⚠️ 连续失败超限 → 继续但标记告警
[2026-10-03 06:03:54] ✅ beat ok: node_id=FSTDD003 last_seen=1790978634.4238749
[2026-10-03 06:04:44] ❌ beat fail (284/30): HTTP 403: {"error": "credential rejected", "reason": "credential_revoked", "fix": "检查 X-FSTDD-Token 是否为有效且未吊销的节点凭据；若遗失请联系管理节点(K)重新签发"}
[2026-10-03 06:04:44] ⚠️ 连续失败超限 → 继续但标记告警
[2026-10-03 06:04:48] ❌ beat fail (652/30): HTTP 403: {"error": "credential rejected", "reason": "credential_revoked", "fix": "检查 X-FSTDD-Token 是否为有效且未吊销的节点凭据；若遗失请联系管理节点(K)重新签发"}
[2026-10-03 06:04:48] ⚠️ 连续失败超限 → 继续但标记告警
[2026-10-03 06:04:54] ❌ beat fail (547/30): HTTP 403: {"error": "credential rejected", "reason": "credential_revoked", "fix": "检查 X-FSTDD-Token 是否为有效且未吊销的节点凭据；若遗失请联系管理节点(K)重新签发"}
[2026-10-03 06:04:54] ⚠️ 连续失败超限 → 继续但标记告警
[2026-10-03 06:04:56] ✅ beat ok: node_id=FSTDD003 last_seen=1790978695.8388288
[2026-10-03 06:05:45] ❌ beat fail (285/30): HTTP 403: {"error": "credential rejected", "reason": "credential_revoked", "fix": "检查 X-FSTDD-Token 是否为有效且未吊销的节点凭据；若遗失请联系管理节点(K)重新签发"}
[2026-10-03 06:05:45] ⚠️ 连续失败超限 → 继续但标记告警
[2026-10-03 06:05:49] ❌ beat fail (653/30): HTTP 403: {"error": "credential rejected", "reason": "credential_revoked", "fix": "检查 X-FSTDD-Token 是否为有效且未吊销的节点凭据；若遗失请联系管理节点(K)重新签发"}
[2026-10-03 06:05:49] ⚠️ 连续失败超限 → 继续但标记告警
[2026-10-03 06:05:55] ❌ beat fail (548/30): HTTP 403: {"error": "credential rejected", "reason": "credential_revoked", "fix": "检查 X-FSTDD-Token 是否为有效且未吊销的节点凭据；若遗失请联系管理节点(K)重新签发"}
[2026-10-03 06:05:55] ⚠️ 连续失败超限 → 继续但标记告警
[2026-10-03 06:05:56] ✅ beat ok: node_id=FSTDD003 last_seen=1790978756.912503
[2026-10-03 06:06:46] ❌ beat fail (286/30): HTTP 403: {"error": "credential rejected", "reason": "credential_revoked", "fix": "检查 X-FSTDD-Token 是否为有效且未吊销的节点凭据；若遗失请联系管理节点(K)重新签发"}
[2026-10-03 06:06:46] ⚠️ 连续失败超限 → 继续但标记告警
[2026-10-03 06:06:50] ❌ beat fail (654/30): HTTP 403: {"error": "credential rejected", "reason": "credential_revoked", "fix": "检查 X-FSTDD-Token 是否为有效且未吊销的节点凭据；若遗失请联系管理节点(K)重新签发"}
[2026-10-03 06:06:50] ⚠️ 连续失败超限 → 继续但标记告警
[2026-10-03 06:06:56] ❌ beat fail (549/30): HTTP 403: {"error": "credential rejected", "reason": "credential_revoked", "fix": "检查 X-FSTDD-Token 是否为有效且未吊销的节点凭据；若遗失请联系管理节点(K)重新签发"}
[2026-10-03 06:06:56] ⚠️ 连续失败超限 → 继续但标记告警
[2026-10-03 06:06:57] ✅ beat ok: node_id=FSTDD003 last_seen=1790978817.917757
[2026-10-03 06:07:47] ❌ beat fail (287/30): HTTP 403: {"error": "credential rejected", "reason": "credential_revoked", "fix": "检查 X-FSTDD-Token 是否为有效且未吊销的节点凭据；若遗失请联系管理节点(K)重新签发"}
[2026-10-03 06:07:47] ⚠️ 连续失败超限 → 继续但标记告警
[2026-10-03 06:07:51] ❌ beat fail (655/30): HTTP 403: {"error": "credential rejected", "reason": "credential_revoked", "fix": "检查 X-FSTDD-Token 是否为有效且未吊销的节点凭据；若遗失请联系管理节点(K)重新签发"}
[2026-10-03 06:07:51] ⚠️ 连续失败超限 → 继续但标记告警
[2026-10-03 06:07:57] ❌ beat fail (550/30): HTTP 403: {"error": "credential rejected", "reason": "credential_revoked", "fix": "检查 X-FSTDD-Token 是否为有效且未吊销的节点凭据；若遗失请联系管理节点(K)重新签发"}
[2026-10-03 06:07:57] ⚠️ 连续失败超限 → 继续但标记告警
[2026-10-03 06:07:58] ✅ beat ok: node_id=FSTDD003 last_seen=1790978878.6881258
[2026-10-03 06:08:48] ❌ beat fail (288/30): HTTP 403: {"error": "credential rejected", "reason": "credential_revoked", "fix": "检查 X-FSTDD-Token 是否为有效且未吊销的节点凭据；若遗失请联系管理节点(K)重新签发"}
[2026-10-03 06:08:48] ⚠️ 连续失败超限 → 继续但标记告警
[2026-10-03 06:08:52] ❌ beat fail (656/30): HTTP 403: {"error": "credential rejected", "reason": "credential_revoked", "fix": "检查 X-FSTDD-Token 是否为有效且未吊销的节点凭据；若遗失请联系管理节点(K)重新签发"}
[2026-10-03 06:08:52] ⚠️ 连续失败超限 → 继续但标记告警
[2026-10-03 06:08:58] ❌ beat fail (551/30): HTTP 403: {"error": "credential rejected", "reason": "credential_revoked", "fix": "检查 X-FSTDD-Token 是否为有效且未吊销的节点凭据；若遗失请联系管理节点(K)重新签发"}
[2026-10-03 06:08:58] ⚠️ 连续失败超限 → 继续但标记告警
[2026-10-03 06:08:59] ✅ beat ok: node_id=FSTDD003 last_seen=1790978939.7602565
[2026-10-03 06:09:49] ❌ beat fail (289/30): HTTP 403: {"error": "credential rejected", "reason": "credential_revoked", "fix": "检查 X-FSTDD-Token 是否为有效且未吊销的节点凭据；若遗失请联系管理节点(K)重新签发"}
[2026-10-03 06:09:49] ⚠️ 连续失败超限 → 继续但标记告警
[2026-10-03 06:09:53] ❌ beat fail (657/30): HTTP 403: {"error": "credential rejected", "reason": "credential_revoked", "fix": "检查 X-FSTDD-Token 是否为有效且未吊销的节点凭据；若遗失请联系管理节点(K)重新签发"}
[2026-10-03 06:09:53] ⚠️ 连续失败超限 → 继续但标记告警
[2026-10-03 06:09:59] ❌ beat fail (552/30): HTTP 403: {"error": "credential rejected", "reason": "credential_revoked", "fix": "检查 X-FSTDD-Token 是否为有效且未吊销的节点凭据；若遗失请联系管理节点(K)重新签发"}
[2026-10-03 06:09:59] ⚠️ 连续失败超限 → 继续但标记告警
[2026-10-03 06:10:00] ✅ beat ok: node_id=FSTDD003 last_seen=1790979000.4451416
[2026-10-03 06:10:50] ❌ beat fail (290/30): HTTP 403: {"error": "credential rejected", "reason": "credential_revoked", "fix": "检查 X-FSTDD-Token 是否为有效且未吊销的节点凭据；若遗失请联系管理节点(K)重新签发"}
[2026-10-03 06:10:50] ⚠️ 连续失败超限 → 继续但标记告警
[2026-10-03 06:10:53] ❌ beat fail (658/30): HTTP 403: {"error": "credential rejected", "reason": "credential_revoked", "fix": "检查 X-FSTDD-Token 是否为有效且未吊销的节点凭据；若遗失请联系管理节点(K)重新签发"}
[2026-10-03 06:10:53] ⚠️ 连续失败超限 → 继续但标记告警
[2026-10-03 06:11:00] ❌ beat fail (553/30): HTTP 403: {"error": "credential rejected", "reason": "credential_revoked", "fix": "检查 X-FSTDD-Token 是否为有效且未吊销的节点凭据；若遗失请联系管理节点(K)重新签发"}
[2026-10-03 06:11:00] ⚠️ 连续失败超限 → 继续但标记告警
[2026-10-03 06:11:01] ✅ beat ok: node_id=FSTDD003 last_seen=1790979061.493818
[2026-10-03 06:11:51] ❌ beat fail (291/30): HTTP 403: {"error": "credential rejected", "reason": "credential_revoked", "fix": "检查 X-FSTDD-Token 是否为有效且未吊销的节点凭据；若遗失请联系管理节点(K)重新签发"}
[2026-10-03 06:11:51] ⚠️ 连续失败超限 → 继续但标记告警
[2026-10-03 06:11:54] ❌ beat fail (659/30): HTTP 403: {"error": "credential rejected", "reason": "credential_revoked", "fix": "检查 X-FSTDD-Token 是否为有效且未吊销的节点凭据；若遗失请联系管理节点(K)重新签发"}
[2026-10-03 06:11:54] ⚠️ 连续失败超限 → 继续但标记告警
[2026-10-03 06:12:01] ❌ beat fail (554/30): HTTP 403: {"error": "credential rejected", "reason": "credential_revoked", "fix": "检查 X-FSTDD-Token 是否为有效且未吊销的节点凭据；若遗失请联系管理节点(K)重新签发"}
[2026-10-03 06:12:01] ⚠️ 连续失败超限 → 继续但标记告警
[2026-10-03 06:12:02] ✅ beat ok: node_id=FSTDD003 last_seen=1790979122.1808815
[2026-10-03 06:12:52] ❌ beat fail (292/30): HTTP 403: {"error": "credential rejected", "reason": "credential_revoked", "fix": "检查 X-FSTDD-Token 是否为有效且未吊销的节点凭据；若遗失请联系管理节点(K)重新签发"}
[2026-10-03 06:12:52] ⚠️ 连续失败超限 → 继续但标记告警
[2026-10-03 06:12:56] ❌ beat fail (660/30): HTTP 403: {"error": "credential rejected", "reason": "credential_revoked", "fix": "检查 X-FSTDD-Token 是否为有效且未吊销的节点凭据；若遗失请联系管理节点(K)重新签发"}
[2026-10-03 06:12:56] ⚠️ 连续失败超限 → 继续但标记告警
[2026-10-03 06:13:02] ❌ beat fail (555/30): HTTP 403: {"error": "credential rejected", "reason": "credential_revoked", "fix": "检查 X-FSTDD-Token 是否为有效且未吊销的节点凭据；若遗失请联系管理节点(K)重新签发"}
[2026-10-03 06:13:02] ⚠️ 连续失败超限 → 继续但标记告警
[2026-10-03 06:13:03] ✅ beat ok: node_id=FSTDD003 last_seen=1790979183.252029
[2026-10-03 06:13:53] ❌ beat fail (293/30): HTTP 403: {"error": "credential rejected", "reason": "credential_revoked", "fix": "检查 X-FSTDD-Token 是否为有效且未吊销的节点凭据；若遗失请联系管理节点(K)重新签发"}
[2026-10-03 06:13:53] ⚠️ 连续失败超限 → 继续但标记告警
[2026-10-03 06:13:57] ❌ beat fail (661/30): HTTP 403: {"error": "credential rejected", "reason": "credential_revoked", "fix": "检查 X-FSTDD-Token 是否为有效且未吊销的节点凭据；若遗失请联系管理节点(K)重新签发"}
[2026-10-03 06:13:57] ⚠️ 连续失败超限 → 继续但标记告警
[2026-10-03 06:14:03] ❌ beat fail (556/30): HTTP 403: {"error": "credential rejected", "reason": "credential_revoked", "fix": "检查 X-FSTDD-Token 是否为有效且未吊销的节点凭据；若遗失请联系管理节点(K)重新签发"}
[2026-10-03 06:14:03] ⚠️ 连续失败超限 → 继续但标记告警
[2026-10-03 06:14:04] ✅ beat ok: node_id=FSTDD003 last_seen=1790979244.6606796
[2026-10-03 06:14:54] ❌ beat fail (294/30): HTTP 403: {"error": "credential rejected", "reason": "credential_revoked", "fix": "检查 X-FSTDD-Token 是否为有效且未吊销的节点凭据；若遗失请联系管理节点(K)重新签发"}
[2026-10-03 06:14:54] ⚠️ 连续失败超限 → 继续但标记告警
[2026-10-03 06:14:58] ❌ beat fail (662/30): HTTP 403: {"error": "credential rejected", "reason": "credential_revoked", "fix": "检查 X-FSTDD-Token 是否为有效且未吊销的节点凭据；若遗失请联系管理节点(K)重新签发"}
[2026-10-03 06:14:58] ⚠️ 连续失败超限 → 继续但标记告警
[2026-10-03 06:15:04] ❌ beat fail (557/30): HTTP 403: {"error": "credential rejected", "reason": "credential_revoked", "fix": "检查 X-FSTDD-Token 是否为有效且未吊销的节点凭据；若遗失请联系管理节点(K)重新签发"}
[2026-10-03 06:15:04] ⚠️ 连续失败超限 → 继续但标记告警
[2026-10-03 06:15:05] ✅ beat ok: node_id=FSTDD003 last_seen=1790979305.4523757
[2026-10-03 06:15:55] ❌ beat fail (295/30): HTTP 403: {"error": "credential rejected", "reason": "credential_revoked", "fix": "检查 X-FSTDD-Token 是否为有效且未吊销的节点凭据；若遗失请联系管理节点(K)重新签发"}
[2026-10-03 06:15:55] ⚠️ 连续失败超限 → 继续但标记告警
[2026-10-03 06:15:59] ❌ beat fail (663/30): HTTP 403: {"error": "credential rejected", "reason": "credential_revoked", "fix": "检查 X-FSTDD-Token 是否为有效且未吊销的节点凭据；若遗失请联系管理节点(K)重新签发"}
[2026-10-03 06:15:59] ⚠️ 连续失败超限 → 继续但标记告警
[2026-10-03 06:16:05] ❌ beat fail (558/30): HTTP 403: {"error": "credential rejected", "reason": "credential_revoked", "fix": "检查 X-FSTDD-Token 是否为有效且未吊销的节点凭据；若遗失请联系管理节点(K)重新签发"}
[2026-10-03 06:16:05] ⚠️ 连续失败超限 → 继续但标记告警
[2026-10-03 06:16:06] ✅ beat ok: node_id=FSTDD003 last_seen=1790979366.4612885
[2026-10-03 06:16:55] ❌ beat fail (296/30): HTTP 403: {"error": "credential rejected", "reason": "credential_revoked", "fix": "检查 X-FSTDD-Token 是否为有效且未吊销的节点凭据；若遗失请联系管理节点(K)重新签发"}
[2026-10-03 06:16:55] ⚠️ 连续失败超限 → 继续但标记告警
[2026-10-03 06:16:59] ❌ beat fail (664/30): HTTP 403: {"error": "credential rejected", "reason": "credential_revoked", "fix": "检查 X-FSTDD-Token 是否为有效且未吊销的节点凭据；若遗失请联系管理节点(K)重新签发"}
[2026-10-03 06:16:59] ⚠️ 连续失败超限 → 继续但标记告警
[2026-10-03 06:17:06] ❌ beat fail (559/30): HTTP 403: {"error": "credential rejected", "reason": "credential_revoked", "fix": "检查 X-FSTDD-Token 是否为有效且未吊销的节点凭据；若遗失请联系管理节点(K)重新签发"}
[2026-10-03 06:17:06] ⚠️ 连续失败超限 → 继续但标记告警
[2026-10-03 06:17:07] ✅ beat ok: node_id=FSTDD003 last_seen=1790979427.5196738
[2026-10-03 06:17:56] ❌ beat fail (297/30): HTTP 403: {"error": "credential rejected", "reason": "credential_revoked", "fix": "检查 X-FSTDD-Token 是否为有效且未吊销的节点凭据；若遗失请联系管理节点(K)重新签发"}
[2026-10-03 06:17:56] ⚠️ 连续失败超限 → 继续但标记告警
[2026-10-03 06:18:00] ❌ beat fail (665/30): HTTP 403: {"error": "credential rejected", "reason": "credential_revoked", "fix": "检查 X-FSTDD-Token 是否为有效且未吊销的节点凭据；若遗失请联系管理节点(K)重新签发"}
[2026-10-03 06:18:00] ⚠️ 连续失败超限 → 继续但标记告警
[2026-10-03 06:18:07] ❌ beat fail (560/30): HTTP 403: {"error": "credential rejected", "reason": "credential_revoked", "fix": "检查 X-FSTDD-Token 是否为有效且未吊销的节点凭据；若遗失请联系管理节点(K)重新签发"}
[2026-10-03 06:18:07] ⚠️ 连续失败超限 → 继续但标记告警
[2026-10-03 06:18:08] ✅ beat ok: node_id=FSTDD003 last_seen=1790979488.5945506
[2026-10-03 06:18:57] ❌ beat fail (298/30): HTTP 403: {"error": "credential rejected", "reason": "credential_revoked", "fix": "检查 X-FSTDD-Token 是否为有效且未吊销的节点凭据；若遗失请联系管理节点(K)重新签发"}
[2026-10-03 06:18:57] ⚠️ 连续失败超限 → 继续但标记告警
[2026-10-03 06:19:01] ❌ beat fail (666/30): HTTP 403: {"error": "credential rejected", "reason": "credential_revoked", "fix": "检查 X-FSTDD-Token 是否为有效且未吊销的节点凭据；若遗失请联系管理节点(K)重新签发"}
[2026-10-03 06:19:01] ⚠️ 连续失败超限 → 继续但标记告警
[2026-10-03 06:19:08] ❌ beat fail (561/30): HTTP 403: {"error": "credential rejected", "reason": "credential_revoked", "fix": "检查 X-FSTDD-Token 是否为有效且未吊销的节点凭据；若遗失请联系管理节点(K)重新签发"}
[2026-10-03 06:19:08] ⚠️ 连续失败超限 → 继续但标记告警
[2026-10-03 06:19:09] ✅ beat ok: node_id=FSTDD003 last_seen=1790979549.6112432
[2026-10-03 06:19:58] ❌ beat fail (299/30): HTTP 403: {"error": "credential rejected", "reason": "credential_revoked", "fix": "检查 X-FSTDD-Token 是否为有效且未吊销的节点凭据；若遗失请联系管理节点(K)重新签发"}
[2026-10-03 06:19:58] ⚠️ 连续失败超限 → 继续但标记告警
[2026-10-03 06:20:02] ❌ beat fail (667/30): HTTP 403: {"error": "credential rejected", "reason": "credential_revoked", "fix": "检查 X-FSTDD-Token 是否为有效且未吊销的节点凭据；若遗失请联系管理节点(K)重新签发"}
[2026-10-03 06:20:02] ⚠️ 连续失败超限 → 继续但标记告警
[2026-10-03 06:20:08] ❌ beat fail (562/30): HTTP 403: {"error": "credential rejected", "reason": "credential_revoked", "fix": "检查 X-FSTDD-Token 是否为有效且未吊销的节点凭据；若遗失请联系管理节点(K)重新签发"}
[2026-10-03 06:20:08] ⚠️ 连续失败超限 → 继续但标记告警
[2026-10-03 06:20:10] ✅ beat ok: node_id=FSTDD003 last_seen=1790979610.298951
[2026-10-03 06:20:58] ❌ beat fail (300/30): HTTP 403: {"error": "credential rejected", "reason": "credential_revoked", "fix": "检查 X-FSTDD-Token 是否为有效且未吊销的节点凭据；若遗失请联系管理节点(K)重新签发"}
[2026-10-03 06:20:58] ⚠️ 连续失败超限 → 继续但标记告警
[2026-10-03 06:21:03] ❌ beat fail (668/30): HTTP 403: {"error": "credential rejected", "reason": "credential_revoked", "fix": "检查 X-FSTDD-Token 是否为有效且未吊销的节点凭据；若遗失请联系管理节点(K)重新签发"}
[2026-10-03 06:21:03] ⚠️ 连续失败超限 → 继续但标记告警
[2026-10-03 06:21:09] ❌ beat fail (563/30): HTTP 403: {"error": "credential rejected", "reason": "credential_revoked", "fix": "检查 X-FSTDD-Token 是否为有效且未吊销的节点凭据；若遗失请联系管理节点(K)重新签发"}
[2026-10-03 06:21:09] ⚠️ 连续失败超限 → 继续但标记告警
[2026-10-03 06:21:10] ✅ beat ok: node_id=FSTDD003 last_seen=1790979670.9842029
[2026-10-03 06:21:59] ❌ beat fail (301/30): HTTP 403: {"error": "credential rejected", "reason": "credential_revoked", "fix": "检查 X-FSTDD-Token 是否为有效且未吊销的节点凭据；若遗失请联系管理节点(K)重新签发"}
[2026-10-03 06:21:59] ⚠️ 连续失败超限 → 继续但标记告警
[2026-10-03 06:22:04] ❌ beat fail (669/30): HTTP 403: {"error": "credential rejected", "reason": "credential_revoked", "fix": "检查 X-FSTDD-Token 是否为有效且未吊销的节点凭据；若遗失请联系管理节点(K)重新签发"}
[2026-10-03 06:22:04] ⚠️ 连续失败超限 → 继续但标记告警
[2026-10-03 06:22:10] ❌ beat fail (564/30): HTTP 403: {"error": "credential rejected", "reason": "credential_revoked", "fix": "检查 X-FSTDD-Token 是否为有效且未吊销的节点凭据；若遗失请联系管理节点(K)重新签发"}
[2026-10-03 06:22:10] ⚠️ 连续失败超限 → 继续但标记告警
[2026-10-03 06:22:11] ✅ beat ok: node_id=FSTDD003 last_seen=1790979731.694039
[2026-10-03 06:23:00] ❌ beat fail (302/30): HTTP 403: {"error": "credential rejected", "reason": "credential_revoked", "fix": "检查 X-FSTDD-Token 是否为有效且未吊销的节点凭据；若遗失请联系管理节点(K)重新签发"}
[2026-10-03 06:23:01] ⚠️ 连续失败超限 → 继续但标记告警
[2026-10-03 06:23:05] ❌ beat fail (670/30): HTTP 403: {"error": "credential rejected", "reason": "credential_revoked", "fix": "检查 X-FSTDD-Token 是否为有效且未吊销的节点凭据；若遗失请联系管理节点(K)重新签发"}
[2026-10-03 06:23:05] ⚠️ 连续失败超限 → 继续但标记告警
[2026-10-03 06:23:11] ❌ beat fail (565/30): HTTP 403: {"error": "credential rejected", "reason": "credential_revoked", "fix": "检查 X-FSTDD-Token 是否为有效且未吊销的节点凭据；若遗失请联系管理节点(K)重新签发"}
[2026-10-03 06:23:11] ⚠️ 连续失败超限 → 继续但标记告警
[2026-10-03 06:23:13] ✅ beat ok: node_id=FSTDD003 last_seen=1790979792.7662318
[2026-10-03 06:24:01] ❌ beat fail (303/30): HTTP 403: {"error": "credential rejected", "reason": "credential_revoked", "fix": "检查 X-FSTDD-Token 是否为有效且未吊销的节点凭据；若遗失请联系管理节点(K)重新签发"}
[2026-10-03 06:24:01] ⚠️ 连续失败超限 → 继续但标记告警
[2026-10-03 06:24:05] ❌ beat fail (671/30): HTTP 403: {"error": "credential rejected", "reason": "credential_revoked", "fix": "检查 X-FSTDD-Token 是否为有效且未吊销的节点凭据；若遗失请联系管理节点(K)重新签发"}
[2026-10-03 06:24:05] ⚠️ 连续失败超限 → 继续但标记告警
[2026-10-03 06:24:13] ❌ beat fail (566/30): HTTP 403: {"error": "credential rejected", "reason": "credential_revoked", "fix": "检查 X-FSTDD-Token 是否为有效且未吊销的节点凭据；若遗失请联系管理节点(K)重新签发"}
[2026-10-03 06:24:13] ⚠️ 连续失败超限 → 继续但标记告警
[2026-10-03 06:24:14] ✅ beat ok: node_id=FSTDD003 last_seen=1790979853.829403
[2026-10-03 06:25:02] ❌ beat fail (304/30): HTTP 403: {"error": "credential rejected", "reason": "credential_revoked", "fix": "检查 X-FSTDD-Token 是否为有效且未吊销的节点凭据；若遗失请联系管理节点(K)重新签发"}
[2026-10-03 06:25:02] ⚠️ 连续失败超限 → 继续但标记告警
[2026-10-03 06:25:06] ❌ beat fail (672/30): HTTP 403: {"error": "credential rejected", "reason": "credential_revoked", "fix": "检查 X-FSTDD-Token 是否为有效且未吊销的节点凭据；若遗失请联系管理节点(K)重新签发"}
[2026-10-03 06:25:06] ⚠️ 连续失败超限 → 继续但标记告警
[2026-10-03 06:25:14] ❌ beat fail (567/30): HTTP 403: {"error": "credential rejected", "reason": "credential_revoked", "fix": "检查 X-FSTDD-Token 是否为有效且未吊销的节点凭据；若遗失请联系管理节点(K)重新签发"}
[2026-10-03 06:25:14] ⚠️ 连续失败超限 → 继续但标记告警
[2026-10-03 06:25:15] ✅ beat ok: node_id=FSTDD003 last_seen=1790979915.2671406
[2026-10-03 06:26:03] ❌ beat fail (305/30): HTTP 403: {"error": "credential rejected", "reason": "credential_revoked", "fix": "检查 X-FSTDD-Token 是否为有效且未吊销的节点凭据；若遗失请联系管理节点(K)重新签发"}
[2026-10-03 06:26:03] ⚠️ 连续失败超限 → 继续但标记告警
[2026-10-03 06:26:07] ❌ beat fail (673/30): HTTP 403: {"error": "credential rejected", "reason": "credential_revoked", "fix": "检查 X-FSTDD-Token 是否为有效且未吊销的节点凭据；若遗失请联系管理节点(K)重新签发"}
[2026-10-03 06:26:07] ⚠️ 连续失败超限 → 继续但标记告警
[2026-10-03 06:26:15] ❌ beat fail (568/30): HTTP 403: {"error": "credential rejected", "reason": "credential_revoked", "fix": "检查 X-FSTDD-Token 是否为有效且未吊销的节点凭据；若遗失请联系管理节点(K)重新签发"}
[2026-10-03 06:26:15] ⚠️ 连续失败超限 → 继续但标记告警
[2026-10-03 06:26:16] ✅ beat ok: node_id=FSTDD003 last_seen=1790979976.3239818
[2026-10-03 06:27:04] ❌ beat fail (306/30): HTTP 403: {"error": "credential rejected", "reason": "credential_revoked", "fix": "检查 X-FSTDD-Token 是否为有效且未吊销的节点凭据；若遗失请联系管理节点(K)重新签发"}
[2026-10-03 06:27:04] ⚠️ 连续失败超限 → 继续但标记告警
[2026-10-03 06:27:09] ❌ beat fail (674/30): HTTP 403: {"error": "credential rejected", "reason": "credential_revoked", "fix": "检查 X-FSTDD-Token 是否为有效且未吊销的节点凭据；若遗失请联系管理节点(K)重新签发"}
[2026-10-03 06:27:09] ⚠️ 连续失败超限 → 继续但标记告警
[2026-10-03 06:27:16] ❌ beat fail (569/30): HTTP 403: {"error": "credential rejected", "reason": "credential_revoked", "fix": "检查 X-FSTDD-Token 是否为有效且未吊销的节点凭据；若遗失请联系管理节点(K)重新签发"}
[2026-10-03 06:27:16] ⚠️ 连续失败超限 → 继续但标记告警
[2026-10-03 06:27:17] ✅ beat ok: node_id=FSTDD003 last_seen=1790980037.3998802
[2026-10-03 06:28:05] ❌ beat fail (307/30): HTTP 403: {"error": "credential rejected", "reason": "credential_revoked", "fix": "检查 X-FSTDD-Token 是否为有效且未吊销的节点凭据；若遗失请联系管理节点(K)重新签发"}
[2026-10-03 06:28:05] ⚠️ 连续失败超限 → 继续但标记告警
[2026-10-03 06:28:10] ❌ beat fail (675/30): HTTP 403: {"error": "credential rejected", "reason": "credential_revoked", "fix": "检查 X-FSTDD-Token 是否为有效且未吊销的节点凭据；若遗失请联系管理节点(K)重新签发"}
[2026-10-03 06:28:10] ⚠️ 连续失败超限 → 继续但标记告警
[2026-10-03 06:28:16] ❌ beat fail (570/30): HTTP 403: {"error": "credential rejected", "reason": "credential_revoked", "fix": "检查 X-FSTDD-Token 是否为有效且未吊销的节点凭据；若遗失请联系管理节点(K)重新签发"}
[2026-10-03 06:28:16] ⚠️ 连续失败超限 → 继续但标记告警
[2026-10-03 06:28:18] ✅ beat ok: node_id=FSTDD003 last_seen=1790980098.4642339
[2026-10-03 06:29:06] ❌ beat fail (308/30): HTTP 403: {"error": "credential rejected", "reason": "credential_revoked", "fix": "检查 X-FSTDD-Token 是否为有效且未吊销的节点凭据；若遗失请联系管理节点(K)重新签发"}
[2026-10-03 06:29:06] ⚠️ 连续失败超限 → 继续但标记告警
[2026-10-03 06:29:11] ❌ beat fail (676/30): HTTP 403: {"error": "credential rejected", "reason": "credential_revoked", "fix": "检查 X-FSTDD-Token 是否为有效且未吊销的节点凭据；若遗失请联系管理节点(K)重新签发"}
[2026-10-03 06:29:11] ⚠️ 连续失败超限 → 继续但标记告警
[2026-10-03 06:29:17] ❌ beat fail (571/30): HTTP 403: {"error": "credential rejected", "reason": "credential_revoked", "fix": "检查 X-FSTDD-Token 是否为有效且未吊销的节点凭据；若遗失请联系管理节点(K)重新签发"}
[2026-10-03 06:29:17] ⚠️ 连续失败超限 → 继续但标记告警
[2026-10-03 06:29:19] ✅ beat ok: node_id=FSTDD003 last_seen=1790980159.1500165
[2026-10-03 06:30:06] ❌ beat fail (309/30): HTTP 403: {"error": "credential rejected", "reason": "credential_revoked", "fix": "检查 X-FSTDD-Token 是否为有效且未吊销的节点凭据；若遗失请联系管理节点(K)重新签发"}
[2026-10-03 06:30:06] ⚠️ 连续失败超限 → 继续但标记告警
[2026-10-03 06:30:11] ❌ beat fail (677/30): HTTP 403: {"error": "credential rejected", "reason": "credential_revoked", "fix": "检查 X-FSTDD-Token 是否为有效且未吊销的节点凭据；若遗失请联系管理节点(K)重新签发"}
[2026-10-03 06:30:11] ⚠️ 连续失败超限 → 继续但标记告警
[2026-10-03 06:30:18] ❌ beat fail (572/30): HTTP 403: {"error": "credential rejected", "reason": "credential_revoked", "fix": "检查 X-FSTDD-Token 是否为有效且未吊销的节点凭据；若遗失请联系管理节点(K)重新签发"}
[2026-10-03 06:30:18] ⚠️ 连续失败超限 → 继续但标记告警
[2026-10-03 06:30:20] ✅ beat ok: node_id=FSTDD003 last_seen=1790980220.2143898
[2026-10-03 06:31:08] ❌ beat fail (310/30): HTTP 403: {"error": "credential rejected", "reason": "credential_revoked", "fix": "检查 X-FSTDD-Token 是否为有效且未吊销的节点凭据；若遗失请联系管理节点(K)重新签发"}
[2026-10-03 06:31:08] ⚠️ 连续失败超限 → 继续但标记告警
[2026-10-03 06:31:12] ❌ beat fail (678/30): HTTP 403: {"error": "credential rejected", "reason": "credential_revoked", "fix": "检查 X-FSTDD-Token 是否为有效且未吊销的节点凭据；若遗失请联系管理节点(K)重新签发"}
[2026-10-03 06:31:12] ⚠️ 连续失败超限 → 继续但标记告警
[2026-10-03 06:31:18] ❌ beat fail (573/30): HTTP 403: {"error": "credential rejected", "reason": "credential_revoked", "fix": "检查 X-FSTDD-Token 是否为有效且未吊销的节点凭据；若遗失请联系管理节点(K)重新签发"}
[2026-10-03 06:31:18] ⚠️ 连续失败超限 → 继续但标记告警
[2026-10-03 06:31:20] ✅ beat ok: node_id=FSTDD003 last_seen=1790980280.8997307
[2026-10-03 06:32:08] ❌ beat fail (311/30): HTTP 403: {"error": "credential rejected", "reason": "credential_revoked", "fix": "检查 X-FSTDD-Token 是否为有效且未吊销的节点凭据；若遗失请联系管理节点(K)重新签发"}
[2026-10-03 06:32:08] ⚠️ 连续失败超限 → 继续但标记告警
[2026-10-03 06:32:13] ❌ beat fail (679/30): HTTP 403: {"error": "credential rejected", "reason": "credential_revoked", "fix": "检查 X-FSTDD-Token 是否为有效且未吊销的节点凭据；若遗失请联系管理节点(K)重新签发"}
[2026-10-03 06:32:13] ⚠️ 连续失败超限 → 继续但标记告警
[2026-10-03 06:32:19] ❌ beat fail (574/30): HTTP 403: {"error": "credential rejected", "reason": "credential_revoked", "fix": "检查 X-FSTDD-Token 是否为有效且未吊销的节点凭据；若遗失请联系管理节点(K)重新签发"}
[2026-10-03 06:32:19] ⚠️ 连续失败超限 → 继续但标记告警
[2026-10-03 06:32:21] ✅ beat ok: node_id=FSTDD003 last_seen=1790980341.5875492
[2026-10-03 06:33:09] ❌ beat fail (312/30): HTTP 403: {"error": "credential rejected", "reason": "credential_revoked", "fix": "检查 X-FSTDD-Token 是否为有效且未吊销的节点凭据；若遗失请联系管理节点(K)重新签发"}
[2026-10-03 06:33:09] ⚠️ 连续失败超限 → 继续但标记告警
[2026-10-03 06:33:14] ❌ beat fail (680/30): HTTP 403: {"error": "credential rejected", "reason": "credential_revoked", "fix": "检查 X-FSTDD-Token 是否为有效且未吊销的节点凭据；若遗失请联系管理节点(K)重新签发"}
[2026-10-03 06:33:14] ⚠️ 连续失败超限 → 继续但标记告警
[2026-10-03 06:33:20] ❌ beat fail (575/30): HTTP 403: {"error": "credential rejected", "reason": "credential_revoked", "fix": "检查 X-FSTDD-Token 是否为有效且未吊销的节点凭据；若遗失请联系管理节点(K)重新签发"}
[2026-10-03 06:33:20] ⚠️ 连续失败超限 → 继续但标记告警
[2026-10-03 06:33:22] ✅ beat ok: node_id=FSTDD003 last_seen=1790980402.2731347
[2026-10-03 06:34:10] ❌ beat fail (313/30): HTTP 403: {"error": "credential rejected", "reason": "credential_revoked", "fix": "检查 X-FSTDD-Token 是否为有效且未吊销的节点凭据；若遗失请联系管理节点(K)重新签发"}
[2026-10-03 06:34:10] ⚠️ 连续失败超限 → 继续但标记告警
[2026-10-03 06:34:15] ❌ beat fail (681/30): HTTP 403: {"error": "credential rejected", "reason": "credential_revoked", "fix": "检查 X-FSTDD-Token 是否为有效且未吊销的节点凭据；若遗失请联系管理节点(K)重新签发"}
[2026-10-03 06:34:15] ⚠️ 连续失败超限 → 继续但标记告警
[2026-10-03 06:34:21] ❌ beat fail (576/30): HTTP 403: {"error": "credential rejected", "reason": "credential_revoked", "fix": "检查 X-FSTDD-Token 是否为有效且未吊销的节点凭据；若遗失请联系管理节点(K)重新签发"}
[2026-10-03 06:34:21] ⚠️ 连续失败超限 → 继续但标记告警
[2026-10-03 06:34:23] ✅ beat ok: node_id=FSTDD003 last_seen=1790980463.339215
[2026-10-03 06:35:11] ❌ beat fail (314/30): HTTP 403: {"error": "credential rejected", "reason": "credential_revoked", "fix": "检查 X-FSTDD-Token 是否为有效且未吊销的节点凭据；若遗失请联系管理节点(K)重新签发"}
[2026-10-03 06:35:11] ⚠️ 连续失败超限 → 继续但标记告警
[2026-10-03 06:35:15] ❌ beat fail (682/30): HTTP 403: {"error": "credential rejected", "reason": "credential_revoked", "fix": "检查 X-FSTDD-Token 是否为有效且未吊销的节点凭据；若遗失请联系管理节点(K)重新签发"}
[2026-10-03 06:35:15] ⚠️ 连续失败超限 → 继续但标记告警
[2026-10-03 06:35:22] ❌ beat fail (577/30): HTTP 403: {"error": "credential rejected", "reason": "credential_revoked", "fix": "检查 X-FSTDD-Token 是否为有效且未吊销的节点凭据；若遗失请联系管理节点(K)重新签发"}
[2026-10-03 06:35:22] ⚠️ 连续失败超限 → 继续但标记告警
[2026-10-03 06:35:23] ✅ beat ok: node_id=FSTDD003 last_seen=1790980524.024001
[2026-10-03 06:36:12] ❌ beat fail (315/30): HTTP 403: {"error": "credential rejected", "reason": "credential_revoked", "fix": "检查 X-FSTDD-Token 是否为有效且未吊销的节点凭据；若遗失请联系管理节点(K)重新签发"}
[2026-10-03 06:36:12] ⚠️ 连续失败超限 → 继续但标记告警
[2026-10-03 06:36:17] ❌ beat fail (683/30): HTTP 403: {"error": "credential rejected", "reason": "credential_revoked", "fix": "检查 X-FSTDD-Token 是否为有效且未吊销的节点凭据；若遗失请联系管理节点(K)重新签发"}
[2026-10-03 06:36:17] ⚠️ 连续失败超限 → 继续但标记告警
[2026-10-03 06:36:23] ❌ beat fail (578/30): HTTP 403: {"error": "credential rejected", "reason": "credential_revoked", "fix": "检查 X-FSTDD-Token 是否为有效且未吊销的节点凭据；若遗失请联系管理节点(K)重新签发"}
[2026-10-03 06:36:23] ⚠️ 连续失败超限 → 继续但标记告警
[2026-10-03 06:36:24] ✅ beat ok: node_id=FSTDD003 last_seen=1790980585.0082343
[2026-10-03 06:37:13] ❌ beat fail (316/30): HTTP 403: {"error": "credential rejected", "reason": "credential_revoked", "fix": "检查 X-FSTDD-Token 是否为有效且未吊销的节点凭据；若遗失请联系管理节点(K)重新签发"}
[2026-10-03 06:37:13] ⚠️ 连续失败超限 → 继续但标记告警
[2026-10-03 06:37:17] ❌ beat fail (684/30): HTTP 403: {"error": "credential rejected", "reason": "credential_revoked", "fix": "检查 X-FSTDD-Token 是否为有效且未吊销的节点凭据；若遗失请联系管理节点(K)重新签发"}
[2026-10-03 06:37:17] ⚠️ 连续失败超限 → 继续但标记告警
[2026-10-03 06:37:24] ❌ beat fail (579/30): HTTP 403: {"error": "credential rejected", "reason": "credential_revoked", "fix": "检查 X-FSTDD-Token 是否为有效且未吊销的节点凭据；若遗失请联系管理节点(K)重新签发"}
[2026-10-03 06:37:24] ⚠️ 连续失败超限 → 继续但标记告警
[2026-10-03 06:37:25] ✅ beat ok: node_id=FSTDD003 last_seen=1790980645.6962156
[2026-10-03 06:38:13] ❌ beat fail (317/30): HTTP 403: {"error": "credential rejected", "reason": "credential_revoked", "fix": "检查 X-FSTDD-Token 是否为有效且未吊销的节点凭据；若遗失请联系管理节点(K)重新签发"}
[2026-10-03 06:38:13] ⚠️ 连续失败超限 → 继续但标记告警
[2026-10-03 06:38:18] ❌ beat fail (685/30): HTTP 403: {"error": "credential rejected", "reason": "credential_revoked", "fix": "检查 X-FSTDD-Token 是否为有效且未吊销的节点凭据；若遗失请联系管理节点(K)重新签发"}
[2026-10-03 06:38:18] ⚠️ 连续失败超限 → 继续但标记告警
[2026-10-03 06:38:25] ❌ beat fail (580/30): HTTP 403: {"error": "credential rejected", "reason": "credential_revoked", "fix": "检查 X-FSTDD-Token 是否为有效且未吊销的节点凭据；若遗失请联系管理节点(K)重新签发"}
[2026-10-03 06:38:25] ⚠️ 连续失败超限 → 继续但标记告警
[2026-10-03 06:38:26] ✅ beat ok: node_id=FSTDD003 last_seen=1790980706.7784193
[2026-10-03 06:39:14] ❌ beat fail (318/30): HTTP 403: {"error": "credential rejected", "reason": "credential_revoked", "fix": "检查 X-FSTDD-Token 是否为有效且未吊销的节点凭据；若遗失请联系管理节点(K)重新签发"}
[2026-10-03 06:39:14] ⚠️ 连续失败超限 → 继续但标记告警
[2026-10-03 06:39:19] ❌ beat fail (686/30): HTTP 403: {"error": "credential rejected", "reason": "credential_revoked", "fix": "检查 X-FSTDD-Token 是否为有效且未吊销的节点凭据；若遗失请联系管理节点(K)重新签发"}
[2026-10-03 06:39:19] ⚠️ 连续失败超限 → 继续但标记告警
[2026-10-03 06:39:26] ❌ beat fail (581/30): HTTP 403: {"error": "credential rejected", "reason": "credential_revoked", "fix": "检查 X-FSTDD-Token 是否为有效且未吊销的节点凭据；若遗失请联系管理节点(K)重新签发"}
[2026-10-03 06:39:26] ⚠️ 连续失败超限 → 继续但标记告警
[2026-10-03 06:39:27] ✅ beat ok: node_id=FSTDD003 last_seen=1790980767.4797518
[2026-10-03 06:40:16] ❌ beat fail (319/30): HTTP 403: {"error": "credential rejected", "reason": "credential_revoked", "fix": "检查 X-FSTDD-Token 是否为有效且未吊销的节点凭据；若遗失请联系管理节点(K)重新签发"}
[2026-10-03 06:40:16] ⚠️ 连续失败超限 → 继续但标记告警
[2026-10-03 06:40:20] ❌ beat fail (687/30): HTTP 403: {"error": "credential rejected", "reason": "credential_revoked", "fix": "检查 X-FSTDD-Token 是否为有效且未吊销的节点凭据；若遗失请联系管理节点(K)重新签发"}
[2026-10-03 06:40:20] ⚠️ 连续失败超限 → 继续但标记告警
[2026-10-03 06:40:27] ❌ beat fail (582/30): HTTP 403: {"error": "credential rejected", "reason": "credential_revoked", "fix": "检查 X-FSTDD-Token 是否为有效且未吊销的节点凭据；若遗失请联系管理节点(K)重新签发"}
[2026-10-03 06:40:27] ⚠️ 连续失败超限 → 继续但标记告警
[2026-10-03 06:40:28] ✅ beat ok: node_id=FSTDD003 last_seen=1790980828.5383604
[2026-10-03 06:41:17] ❌ beat fail (320/30): HTTP 403: {"error": "credential rejected", "reason": "credential_revoked", "fix": "检查 X-FSTDD-Token 是否为有效且未吊销的节点凭据；若遗失请联系管理节点(K)重新签发"}
[2026-10-03 06:41:17] ⚠️ 连续失败超限 → 继续但标记告警
[2026-10-03 06:41:21] ❌ beat fail (688/30): HTTP 403: {"error": "credential rejected", "reason": "credential_revoked", "fix": "检查 X-FSTDD-Token 是否为有效且未吊销的节点凭据；若遗失请联系管理节点(K)重新签发"}
[2026-10-03 06:41:21] ⚠️ 连续失败超限 → 继续但标记告警
[2026-10-03 06:41:28] ❌ beat fail (583/30): HTTP 403: {"error": "credential rejected", "reason": "credential_revoked", "fix": "检查 X-FSTDD-Token 是否为有效且未吊销的节点凭据；若遗失请联系管理节点(K)重新签发"}
[2026-10-03 06:41:28] ⚠️ 连续失败超限 → 继续但标记告警
[2026-10-03 06:41:29] ✅ beat ok: node_id=FSTDD003 last_seen=1790980889.5544329
[2026-10-03 06:42:18] ❌ beat fail (321/30): HTTP 403: {"error": "credential rejected", "reason": "credential_revoked", "fix": "检查 X-FSTDD-Token 是否为有效且未吊销的节点凭据；若遗失请联系管理节点(K)重新签发"}
[2026-10-03 06:42:18] ⚠️ 连续失败超限 → 继续但标记告警
[2026-10-03 06:42:22] ❌ beat fail (689/30): HTTP 403: {"error": "credential rejected", "reason": "credential_revoked", "fix": "检查 X-FSTDD-Token 是否为有效且未吊销的节点凭据；若遗失请联系管理节点(K)重新签发"}
[2026-10-03 06:42:22] ⚠️ 连续失败超限 → 继续但标记告警
[2026-10-03 06:42:29] ❌ beat fail (584/30): HTTP 403: {"error": "credential rejected", "reason": "credential_revoked", "fix": "检查 X-FSTDD-Token 是否为有效且未吊销的节点凭据；若遗失请联系管理节点(K)重新签发"}
[2026-10-03 06:42:29] ⚠️ 连续失败超限 → 继续但标记告警
[2026-10-03 06:42:30] ✅ beat ok: node_id=FSTDD003 last_seen=1790980950.625052
[2026-10-03 06:43:18] ❌ beat fail (322/30): HTTP 403: {"error": "credential rejected", "reason": "credential_revoked", "fix": "检查 X-FSTDD-Token 是否为有效且未吊销的节点凭据；若遗失请联系管理节点(K)重新签发"}
[2026-10-03 06:43:18] ⚠️ 连续失败超限 → 继续但标记告警
[2026-10-03 06:43:22] ❌ beat fail (690/30): HTTP 403: {"error": "credential rejected", "reason": "credential_revoked", "fix": "检查 X-FSTDD-Token 是否为有效且未吊销的节点凭据；若遗失请联系管理节点(K)重新签发"}
[2026-10-03 06:43:22] ⚠️ 连续失败超限 → 继续但标记告警
[2026-10-03 06:43:29] ❌ beat fail (585/30): HTTP 403: {"error": "credential rejected", "reason": "credential_revoked", "fix": "检查 X-FSTDD-Token 是否为有效且未吊销的节点凭据；若遗失请联系管理节点(K)重新签发"}
[2026-10-03 06:43:29] ⚠️ 连续失败超限 → 继续但标记告警
[2026-10-03 06:43:31] ✅ beat ok: node_id=FSTDD003 last_seen=1790981011.3108096
[2026-10-03 06:44:19] ❌ beat fail (323/30): HTTP 403: {"error": "credential rejected", "reason": "credential_revoked", "fix": "检查 X-FSTDD-Token 是否为有效且未吊销的节点凭据；若遗失请联系管理节点(K)重新签发"}
[2026-10-03 06:44:19] ⚠️ 连续失败超限 → 继续但标记告警
[2026-10-03 06:44:24] ❌ beat fail (691/30): HTTP 403: {"error": "credential rejected", "reason": "credential_revoked", "fix": "检查 X-FSTDD-Token 是否为有效且未吊销的节点凭据；若遗失请联系管理节点(K)重新签发"}
[2026-10-03 06:44:24] ⚠️ 连续失败超限 → 继续但标记告警
[2026-10-03 06:44:30] ❌ beat fail (586/30): HTTP 403: {"error": "credential rejected", "reason": "credential_revoked", "fix": "检查 X-FSTDD-Token 是否为有效且未吊销的节点凭据；若遗失请联系管理节点(K)重新签发"}
[2026-10-03 06:44:30] ⚠️ 连续失败超限 → 继续但标记告警
[2026-10-03 06:44:31] ✅ beat ok: node_id=FSTDD003 last_seen=1790981072.0005496
[2026-10-03 06:45:20] ❌ beat fail (324/30): HTTP 403: {"error": "credential rejected", "reason": "credential_revoked", "fix": "检查 X-FSTDD-Token 是否为有效且未吊销的节点凭据；若遗失请联系管理节点(K)重新签发"}
[2026-10-03 06:45:20] ⚠️ 连续失败超限 → 继续但标记告警
[2026-10-03 06:45:24] ❌ beat fail (692/30): HTTP 403: {"error": "credential rejected", "reason": "credential_revoked", "fix": "检查 X-FSTDD-Token 是否为有效且未吊销的节点凭据；若遗失请联系管理节点(K)重新签发"}
[2026-10-03 06:45:24] ⚠️ 连续失败超限 → 继续但标记告警
[2026-10-03 06:45:31] ❌ beat fail (587/30): HTTP 403: {"error": "credential rejected", "reason": "credential_revoked", "fix": "检查 X-FSTDD-Token 是否为有效且未吊销的节点凭据；若遗失请联系管理节点(K)重新签发"}
[2026-10-03 06:45:31] ⚠️ 连续失败超限 → 继续但标记告警
[2026-10-03 06:45:32] ✅ beat ok: node_id=FSTDD003 last_seen=1790981132.6876822
[2026-10-03 06:46:21] ❌ beat fail (325/30): HTTP 403: {"error": "credential rejected", "reason": "credential_revoked", "fix": "检查 X-FSTDD-Token 是否为有效且未吊销的节点凭据；若遗失请联系管理节点(K)重新签发"}
[2026-10-03 06:46:21] ⚠️ 连续失败超限 → 继续但标记告警
[2026-10-03 06:46:25] ❌ beat fail (693/30): HTTP 403: {"error": "credential rejected", "reason": "credential_revoked", "fix": "检查 X-FSTDD-Token 是否为有效且未吊销的节点凭据；若遗失请联系管理节点(K)重新签发"}
[2026-10-03 06:46:25] ⚠️ 连续失败超限 → 继续但标记告警
[2026-10-03 06:46:32] ❌ beat fail (588/30): HTTP 403: {"error": "credential rejected", "reason": "credential_revoked", "fix": "检查 X-FSTDD-Token 是否为有效且未吊销的节点凭据；若遗失请联系管理节点(K)重新签发"}
[2026-10-03 06:46:32] ⚠️ 连续失败超限 → 继续但标记告警
[2026-10-03 06:46:33] ✅ beat ok: node_id=FSTDD003 last_seen=1790981193.3743358
[2026-10-03 06:47:21] ❌ beat fail (326/30): HTTP 403: {"error": "credential rejected", "reason": "credential_revoked", "fix": "检查 X-FSTDD-Token 是否为有效且未吊销的节点凭据；若遗失请联系管理节点(K)重新签发"}
[2026-10-03 06:47:21] ⚠️ 连续失败超限 → 继续但标记告警
[2026-10-03 06:47:26] ❌ beat fail (694/30): HTTP 403: {"error": "credential rejected", "reason": "credential_revoked", "fix": "检查 X-FSTDD-Token 是否为有效且未吊销的节点凭据；若遗失请联系管理节点(K)重新签发"}
[2026-10-03 06:47:26] ⚠️ 连续失败超限 → 继续但标记告警
[2026-10-03 06:47:32] ❌ beat fail (589/30): HTTP 403: {"error": "credential rejected", "reason": "credential_revoked", "fix": "检查 X-FSTDD-Token 是否为有效且未吊销的节点凭据；若遗失请联系管理节点(K)重新签发"}
[2026-10-03 06:47:32] ⚠️ 连续失败超限 → 继续但标记告警
[2026-10-03 06:47:34] ✅ beat ok: node_id=FSTDD003 last_seen=1790981254.399016
[2026-10-03 06:48:23] ❌ beat fail (327/30): HTTP 403: {"error": "credential rejected", "reason": "credential_revoked", "fix": "检查 X-FSTDD-Token 是否为有效且未吊销的节点凭据；若遗失请联系管理节点(K)重新签发"}
[2026-10-03 06:48:23] ⚠️ 连续失败超限 → 继续但标记告警
[2026-10-03 06:48:27] ❌ beat fail (695/30): HTTP 403: {"error": "credential rejected", "reason": "credential_revoked", "fix": "检查 X-FSTDD-Token 是否为有效且未吊销的节点凭据；若遗失请联系管理节点(K)重新签发"}
[2026-10-03 06:48:27] ⚠️ 连续失败超限 → 继续但标记告警
[2026-10-03 06:48:33] ❌ beat fail (590/30): HTTP 403: {"error": "credential rejected", "reason": "credential_revoked", "fix": "检查 X-FSTDD-Token 是否为有效且未吊销的节点凭据；若遗失请联系管理节点(K)重新签发"}
[2026-10-03 06:48:33] ⚠️ 连续失败超限 → 继续但标记告警
[2026-10-03 06:48:35] ✅ beat ok: node_id=FSTDD003 last_seen=1790981315.469664
[2026-10-03 06:49:23] ❌ beat fail (328/30): HTTP 403: {"error": "credential rejected", "reason": "credential_revoked", "fix": "检查 X-FSTDD-Token 是否为有效且未吊销的节点凭据；若遗失请联系管理节点(K)重新签发"}
[2026-10-03 06:49:23] ⚠️ 连续失败超限 → 继续但标记告警
[2026-10-03 06:49:28] ❌ beat fail (696/30): HTTP 403: {"error": "credential rejected", "reason": "credential_revoked", "fix": "检查 X-FSTDD-Token 是否为有效且未吊销的节点凭据；若遗失请联系管理节点(K)重新签发"}
[2026-10-03 06:49:28] ⚠️ 连续失败超限 → 继续但标记告警
[2026-10-03 06:49:34] ❌ beat fail (591/30): HTTP 403: {"error": "credential rejected", "reason": "credential_revoked", "fix": "检查 X-FSTDD-Token 是否为有效且未吊销的节点凭据；若遗失请联系管理节点(K)重新签发"}
[2026-10-03 06:49:34] ⚠️ 连续失败超限 → 继续但标记告警
[2026-10-03 06:49:36] ✅ beat ok: node_id=FSTDD003 last_seen=1790981376.1558437
[2026-10-03 06:50:24] ❌ beat fail (329/30): HTTP 403: {"error": "credential rejected", "reason": "credential_revoked", "fix": "检查 X-FSTDD-Token 是否为有效且未吊销的节点凭据；若遗失请联系管理节点(K)重新签发"}
[2026-10-03 06:50:24] ⚠️ 连续失败超限 → 继续但标记告警
[2026-10-03 06:50:29] ❌ beat fail (697/30): HTTP 403: {"error": "credential rejected", "reason": "credential_revoked", "fix": "检查 X-FSTDD-Token 是否为有效且未吊销的节点凭据；若遗失请联系管理节点(K)重新签发"}
[2026-10-03 06:50:29] ⚠️ 连续失败超限 → 继续但标记告警
[2026-10-03 06:50:36] ❌ beat fail (592/30): HTTP 403: {"error": "credential rejected", "reason": "credential_revoked", "fix": "检查 X-FSTDD-Token 是否为有效且未吊销的节点凭据；若遗失请联系管理节点(K)重新签发"}
[2026-10-03 06:50:36] ⚠️ 连续失败超限 → 继续但标记告警
[2026-10-03 06:50:37] ✅ beat ok: node_id=FSTDD003 last_seen=1790981436.8531456
[2026-10-03 06:51:25] ❌ beat fail (330/30): HTTP 403: {"error": "credential rejected", "reason": "credential_revoked", "fix": "检查 X-FSTDD-Token 是否为有效且未吊销的节点凭据；若遗失请联系管理节点(K)重新签发"}
[2026-10-03 06:51:25] ⚠️ 连续失败超限 → 继续但标记告警
[2026-10-03 06:51:30] ❌ beat fail (698/30): HTTP 403: {"error": "credential rejected", "reason": "credential_revoked", "fix": "检查 X-FSTDD-Token 是否为有效且未吊销的节点凭据；若遗失请联系管理节点(K)重新签发"}
[2026-10-03 06:51:30] ⚠️ 连续失败超限 → 继续但标记告警
[2026-10-03 06:51:37] ❌ beat fail (593/30): HTTP 403: {"error": "credential rejected", "reason": "credential_revoked", "fix": "检查 X-FSTDD-Token 是否为有效且未吊销的节点凭据；若遗失请联系管理节点(K)重新签发"}
[2026-10-03 06:51:37] ⚠️ 连续失败超限 → 继续但标记告警
[2026-10-03 06:51:38] ✅ beat ok: node_id=FSTDD003 last_seen=1790981497.9139385
[2026-10-03 06:52:26] ❌ beat fail (331/30): HTTP 403: {"error": "credential rejected", "reason": "credential_revoked", "fix": "检查 X-FSTDD-Token 是否为有效且未吊销的节点凭据；若遗失请联系管理节点(K)重新签发"}
[2026-10-03 06:52:26] ⚠️ 连续失败超限 → 继续但标记告警
[2026-10-03 06:52:31] ❌ beat fail (699/30): HTTP 403: {"error": "credential rejected", "reason": "credential_revoked", "fix": "检查 X-FSTDD-Token 是否为有效且未吊销的节点凭据；若遗失请联系管理节点(K)重新签发"}
[2026-10-03 06:52:31] ⚠️ 连续失败超限 → 继续但标记告警
[2026-10-03 06:52:38] ❌ beat fail (594/30): HTTP 403: {"error": "credential rejected", "reason": "credential_revoked", "fix": "检查 X-FSTDD-Token 是否为有效且未吊销的节点凭据；若遗失请联系管理节点(K)重新签发"}
[2026-10-03 06:52:38] ⚠️ 连续失败超限 → 继续但标记告警
[2026-10-03 06:52:39] ✅ beat ok: node_id=FSTDD003 last_seen=1790981559.3619914
[2026-10-03 06:53:27] ❌ beat fail (332/30): HTTP 403: {"error": "credential rejected", "reason": "credential_revoked", "fix": "检查 X-FSTDD-Token 是否为有效且未吊销的节点凭据；若遗失请联系管理节点(K)重新签发"}
[2026-10-03 06:53:27] ⚠️ 连续失败超限 → 继续但标记告警
[2026-10-03 06:53:32] ❌ beat fail (700/30): HTTP 403: {"error": "credential rejected", "reason": "credential_revoked", "fix": "检查 X-FSTDD-Token 是否为有效且未吊销的节点凭据；若遗失请联系管理节点(K)重新签发"}
[2026-10-03 06:53:32] ⚠️ 连续失败超限 → 继续但标记告警
[2026-10-03 06:53:38] ❌ beat fail (595/30): HTTP 403: {"error": "credential rejected", "reason": "credential_revoked", "fix": "检查 X-FSTDD-Token 是否为有效且未吊销的节点凭据；若遗失请联系管理节点(K)重新签发"}
[2026-10-03 06:53:38] ⚠️ 连续失败超限 → 继续但标记告警
[2026-10-03 06:53:40] ✅ beat ok: node_id=FSTDD003 last_seen=1790981620.3729768
[2026-10-03 06:54:28] ❌ beat fail (333/30): HTTP 403: {"error": "credential rejected", "reason": "credential_revoked", "fix": "检查 X-FSTDD-Token 是否为有效且未吊销的节点凭据；若遗失请联系管理节点(K)重新签发"}
[2026-10-03 06:54:28] ⚠️ 连续失败超限 → 继续但标记告警
[2026-10-03 06:54:33] ❌ beat fail (701/30): HTTP 403: {"error": "credential rejected", "reason": "credential_revoked", "fix": "检查 X-FSTDD-Token 是否为有效且未吊销的节点凭据；若遗失请联系管理节点(K)重新签发"}
[2026-10-03 06:54:33] ⚠️ 连续失败超限 → 继续但标记告警
[2026-10-03 06:54:39] ❌ beat fail (596/30): HTTP 403: {"error": "credential rejected", "reason": "credential_revoked", "fix": "检查 X-FSTDD-Token 是否为有效且未吊销的节点凭据；若遗失请联系管理节点(K)重新签发"}
[2026-10-03 06:54:39] ⚠️ 连续失败超限 → 继续但标记告警
[2026-10-03 06:54:40] ✅ beat ok: node_id=FSTDD003 last_seen=1790981681.0604818
[2026-10-03 06:55:29] ❌ beat fail (334/30): HTTP 403: {"error": "credential rejected", "reason": "credential_revoked", "fix": "检查 X-FSTDD-Token 是否为有效且未吊销的节点凭据；若遗失请联系管理节点(K)重新签发"}
[2026-10-03 06:55:29] ⚠️ 连续失败超限 → 继续但标记告警
[2026-10-03 06:55:34] ❌ beat fail (702/30): HTTP 403: {"error": "credential rejected", "reason": "credential_revoked", "fix": "检查 X-FSTDD-Token 是否为有效且未吊销的节点凭据；若遗失请联系管理节点(K)重新签发"}
[2026-10-03 06:55:34] ⚠️ 连续失败超限 → 继续但标记告警
[2026-10-03 06:55:40] ❌ beat fail (597/30): HTTP 403: {"error": "credential rejected", "reason": "credential_revoked", "fix": "检查 X-FSTDD-Token 是否为有效且未吊销的节点凭据；若遗失请联系管理节点(K)重新签发"}
[2026-10-03 06:55:40] ⚠️ 连续失败超限 → 继续但标记告警
[2026-10-03 06:55:41] ✅ beat ok: node_id=FSTDD003 last_seen=1790981741.7471101
[2026-10-03 06:56:30] ❌ beat fail (335/30): HTTP 403: {"error": "credential rejected", "reason": "credential_revoked", "fix": "检查 X-FSTDD-Token 是否为有效且未吊销的节点凭据；若遗失请联系管理节点(K)重新签发"}
[2026-10-03 06:56:30] ⚠️ 连续失败超限 → 继续但标记告警
[2026-10-03 06:56:35] ❌ beat fail (703/30): HTTP 403: {"error": "credential rejected", "reason": "credential_revoked", "fix": "检查 X-FSTDD-Token 是否为有效且未吊销的节点凭据；若遗失请联系管理节点(K)重新签发"}
[2026-10-03 06:56:35] ⚠️ 连续失败超限 → 继续但标记告警
[2026-10-03 06:56:41] ❌ beat fail (598/30): HTTP 403: {"error": "credential rejected", "reason": "credential_revoked", "fix": "检查 X-FSTDD-Token 是否为有效且未吊销的节点凭据；若遗失请联系管理节点(K)重新签发"}
[2026-10-03 06:56:41] ⚠️ 连续失败超限 → 继续但标记告警
[2026-10-03 06:56:42] ✅ beat ok: node_id=FSTDD003 last_seen=1790981802.6194816
[2026-10-03 06:57:31] ❌ beat fail (336/30): HTTP 403: {"error": "credential rejected", "reason": "credential_revoked", "fix": "检查 X-FSTDD-Token 是否为有效且未吊销的节点凭据；若遗失请联系管理节点(K)重新签发"}
[2026-10-03 06:57:31] ⚠️ 连续失败超限 → 继续但标记告警
[2026-10-03 06:57:35] ❌ beat fail (704/30): HTTP 403: {"error": "credential rejected", "reason": "credential_revoked", "fix": "检查 X-FSTDD-Token 是否为有效且未吊销的节点凭据；若遗失请联系管理节点(K)重新签发"}
[2026-10-03 06:57:35] ⚠️ 连续失败超限 → 继续但标记告警
[2026-10-03 06:57:42] ❌ beat fail (599/30): HTTP 403: {"error": "credential rejected", "reason": "credential_revoked", "fix": "检查 X-FSTDD-Token 是否为有效且未吊销的节点凭据；若遗失请联系管理节点(K)重新签发"}
[2026-10-03 06:57:42] ⚠️ 连续失败超限 → 继续但标记告警
[2026-10-03 06:57:43] ✅ beat ok: node_id=FSTDD003 last_seen=1790981863.6182706
[2026-10-03 06:58:32] ❌ beat fail (337/30): HTTP 403: {"error": "credential rejected", "reason": "credential_revoked", "fix": "检查 X-FSTDD-Token 是否为有效且未吊销的节点凭据；若遗失请联系管理节点(K)重新签发"}
[2026-10-03 06:58:32] ⚠️ 连续失败超限 → 继续但标记告警
[2026-10-03 06:58:36] ❌ beat fail (705/30): HTTP 403: {"error": "credential rejected", "reason": "credential_revoked", "fix": "检查 X-FSTDD-Token 是否为有效且未吊销的节点凭据；若遗失请联系管理节点(K)重新签发"}
[2026-10-03 06:58:36] ⚠️ 连续失败超限 → 继续但标记告警
[2026-10-03 06:58:43] ❌ beat fail (600/30): HTTP 403: {"error": "credential rejected", "reason": "credential_revoked", "fix": "检查 X-FSTDD-Token 是否为有效且未吊销的节点凭据；若遗失请联系管理节点(K)重新签发"}
[2026-10-03 06:58:43] ⚠️ 连续失败超限 → 继续但标记告警
[2026-10-03 06:58:44] ✅ beat ok: node_id=FSTDD003 last_seen=1790981924.6829412
[2026-10-03 06:59:33] ❌ beat fail (338/30): HTTP 403: {"error": "credential rejected", "reason": "credential_revoked", "fix": "检查 X-FSTDD-Token 是否为有效且未吊销的节点凭据；若遗失请联系管理节点(K)重新签发"}
[2026-10-03 06:59:33] ⚠️ 连续失败超限 → 继续但标记告警
[2026-10-03 06:59:37] ❌ beat fail (706/30): HTTP 403: {"error": "credential rejected", "reason": "credential_revoked", "fix": "检查 X-FSTDD-Token 是否为有效且未吊销的节点凭据；若遗失请联系管理节点(K)重新签发"}
[2026-10-03 06:59:37] ⚠️ 连续失败超限 → 继续但标记告警
[2026-10-03 06:59:44] ❌ beat fail (601/30): HTTP 403: {"error": "credential rejected", "reason": "credential_revoked", "fix": "检查 X-FSTDD-Token 是否为有效且未吊销的节点凭据；若遗失请联系管理节点(K)重新签发"}
[2026-10-03 06:59:44] ⚠️ 连续失败超限 → 继续但标记告警
[2026-10-03 06:59:45] ✅ beat ok: node_id=FSTDD003 last_seen=1790981985.6909401
[2026-10-03 07:00:34] ❌ beat fail (339/30): HTTP 403: {"error": "credential rejected", "reason": "credential_revoked", "fix": "检查 X-FSTDD-Token 是否为有效且未吊销的节点凭据；若遗失请联系管理节点(K)重新签发"}
[2026-10-03 07:00:34] ⚠️ 连续失败超限 → 继续但标记告警
[2026-10-03 07:00:37] ❌ beat fail (707/30): HTTP 403: {"error": "credential rejected", "reason": "credential_revoked", "fix": "检查 X-FSTDD-Token 是否为有效且未吊销的节点凭据；若遗失请联系管理节点(K)重新签发"}
[2026-10-03 07:00:37] ⚠️ 连续失败超限 → 继续但标记告警
[2026-10-03 07:00:45] ❌ beat fail (602/30): HTTP 403: {"error": "credential rejected", "reason": "credential_revoked", "fix": "检查 X-FSTDD-Token 是否为有效且未吊销的节点凭据；若遗失请联系管理节点(K)重新签发"}
[2026-10-03 07:00:45] ⚠️ 连续失败超限 → 继续但标记告警
[2026-10-03 07:00:46] ✅ beat ok: node_id=FSTDD003 last_seen=1790982046.435352
[2026-10-03 07:01:35] ❌ beat fail (340/30): HTTP 403: {"error": "credential rejected", "reason": "credential_revoked", "fix": "检查 X-FSTDD-Token 是否为有效且未吊销的节点凭据；若遗失请联系管理节点(K)重新签发"}
[2026-10-03 07:01:35] ⚠️ 连续失败超限 → 继续但标记告警
[2026-10-03 07:01:39] ❌ beat fail (708/30): HTTP 403: {"error": "credential rejected", "reason": "credential_revoked", "fix": "检查 X-FSTDD-Token 是否为有效且未吊销的节点凭据；若遗失请联系管理节点(K)重新签发"}
[2026-10-03 07:01:39] ⚠️ 连续失败超限 → 继续但标记告警
[2026-10-03 07:01:46] ❌ beat fail (603/30): HTTP 403: {"error": "credential rejected", "reason": "credential_revoked", "fix": "检查 X-FSTDD-Token 是否为有效且未吊销的节点凭据；若遗失请联系管理节点(K)重新签发"}
[2026-10-03 07:01:46] ⚠️ 连续失败超限 → 继续但标记告警
[2026-10-03 07:01:47] ✅ beat ok: node_id=FSTDD003 last_seen=1790982107.4909296
[2026-10-03 07:02:35] ❌ beat fail (341/30): HTTP 403: {"error": "credential rejected", "reason": "credential_revoked", "fix": "检查 X-FSTDD-Token 是否为有效且未吊销的节点凭据；若遗失请联系管理节点(K)重新签发"}
[2026-10-03 07:02:35] ⚠️ 连续失败超限 → 继续但标记告警
[2026-10-03 07:02:39] ❌ beat fail (709/30): HTTP 403: {"error": "credential rejected", "reason": "credential_revoked", "fix": "检查 X-FSTDD-Token 是否为有效且未吊销的节点凭据；若遗失请联系管理节点(K)重新签发"}
[2026-10-03 07:02:39] ⚠️ 连续失败超限 → 继续但标记告警
[2026-10-03 07:02:47] ❌ beat fail (604/30): HTTP 403: {"error": "credential rejected", "reason": "credential_revoked", "fix": "检查 X-FSTDD-Token 是否为有效且未吊销的节点凭据；若遗失请联系管理节点(K)重新签发"}
[2026-10-03 07:02:47] ⚠️ 连续失败超限 → 继续但标记告警
[2026-10-03 07:02:48] ✅ beat ok: node_id=FSTDD003 last_seen=1790982168.5560417
[2026-10-03 07:03:36] ❌ beat fail (342/30): HTTP 403: {"error": "credential rejected", "reason": "credential_revoked", "fix": "检查 X-FSTDD-Token 是否为有效且未吊销的节点凭据；若遗失请联系管理节点(K)重新签发"}
[2026-10-03 07:03:36] ⚠️ 连续失败超限 → 继续但标记告警
[2026-10-03 07:03:40] ❌ beat fail (710/30): HTTP 403: {"error": "credential rejected", "reason": "credential_revoked", "fix": "检查 X-FSTDD-Token 是否为有效且未吊销的节点凭据；若遗失请联系管理节点(K)重新签发"}
[2026-10-03 07:03:40] ⚠️ 连续失败超限 → 继续但标记告警
[2026-10-03 07:03:48] ❌ beat fail (605/30): HTTP 403: {"error": "credential rejected", "reason": "credential_revoked", "fix": "检查 X-FSTDD-Token 是否为有效且未吊销的节点凭据；若遗失请联系管理节点(K)重新签发"}
[2026-10-03 07:03:48] ⚠️ 连续失败超限 → 继续但标记告警
[2026-10-03 07:03:49] ✅ beat ok: node_id=FSTDD003 last_seen=1790982229.6070173
[2026-10-03 07:04:37] ❌ beat fail (343/30): HTTP 403: {"error": "credential rejected", "reason": "credential_revoked", "fix": "检查 X-FSTDD-Token 是否为有效且未吊销的节点凭据；若遗失请联系管理节点(K)重新签发"}
[2026-10-03 07:04:37] ⚠️ 连续失败超限 → 继续但标记告警
[2026-10-03 07:04:41] ❌ beat fail (711/30): HTTP 403: {"error": "credential rejected", "reason": "credential_revoked", "fix": "检查 X-FSTDD-Token 是否为有效且未吊销的节点凭据；若遗失请联系管理节点(K)重新签发"}
[2026-10-03 07:04:41] ⚠️ 连续失败超限 → 继续但标记告警
[2026-10-03 07:04:49] ❌ beat fail (606/30): HTTP 403: {"error": "credential rejected", "reason": "credential_revoked", "fix": "检查 X-FSTDD-Token 是否为有效且未吊销的节点凭据；若遗失请联系管理节点(K)重新签发"}
[2026-10-03 07:04:49] ⚠️ 连续失败超限 → 继续但标记告警
[2026-10-03 07:04:50] ✅ beat ok: node_id=FSTDD003 last_seen=1790982290.68908
[2026-10-03 07:05:39] ❌ beat fail (344/30): HTTP 403: {"error": "credential rejected", "reason": "credential_revoked", "fix": "检查 X-FSTDD-Token 是否为有效且未吊销的节点凭据；若遗失请联系管理节点(K)重新签发"}
[2026-10-03 07:05:39] ⚠️ 连续失败超限 → 继续但标记告警
[2026-10-03 07:05:42] ❌ beat fail (712/30): HTTP 403: {"error": "credential rejected", "reason": "credential_revoked", "fix": "检查 X-FSTDD-Token 是否为有效且未吊销的节点凭据；若遗失请联系管理节点(K)重新签发"}
[2026-10-03 07:05:42] ⚠️ 连续失败超限 → 继续但标记告警
[2026-10-03 07:05:50] ❌ beat fail (607/30): HTTP 403: {"error": "credential rejected", "reason": "credential_revoked", "fix": "检查 X-FSTDD-Token 是否为有效且未吊销的节点凭据；若遗失请联系管理节点(K)重新签发"}
[2026-10-03 07:05:50] ⚠️ 连续失败超限 → 继续但标记告警
[2026-10-03 07:05:52] ✅ beat ok: node_id=FSTDD003 last_seen=1790982351.7720346
[2026-10-03 07:06:40] ❌ beat fail (345/30): HTTP 403: {"error": "credential rejected", "reason": "credential_revoked", "fix": "检查 X-FSTDD-Token 是否为有效且未吊销的节点凭据；若遗失请联系管理节点(K)重新签发"}
[2026-10-03 07:06:40] ⚠️ 连续失败超限 → 继续但标记告警
[2026-10-03 07:06:43] ❌ beat fail (713/30): HTTP 403: {"error": "credential rejected", "reason": "credential_revoked", "fix": "检查 X-FSTDD-Token 是否为有效且未吊销的节点凭据；若遗失请联系管理节点(K)重新签发"}
[2026-10-03 07:06:43] ⚠️ 连续失败超限 → 继续但标记告警
[2026-10-03 07:06:51] ❌ beat fail (608/30): HTTP 403: {"error": "credential rejected", "reason": "credential_revoked", "fix": "检查 X-FSTDD-Token 是否为有效且未吊销的节点凭据；若遗失请联系管理节点(K)重新签发"}
[2026-10-03 07:06:51] ⚠️ 连续失败超限 → 继续但标记告警
[2026-10-03 07:06:53] ✅ beat ok: node_id=FSTDD003 last_seen=1790982412.8511145
[2026-10-03 07:07:40] ❌ beat fail (346/30): HTTP 403: {"error": "credential rejected", "reason": "credential_revoked", "fix": "检查 X-FSTDD-Token 是否为有效且未吊销的节点凭据；若遗失请联系管理节点(K)重新签发"}
[2026-10-03 07:07:40] ⚠️ 连续失败超限 → 继续但标记告警
[2026-10-03 07:07:44] ❌ beat fail (714/30): HTTP 403: {"error": "credential rejected", "reason": "credential_revoked", "fix": "检查 X-FSTDD-Token 是否为有效且未吊销的节点凭据；若遗失请联系管理节点(K)重新签发"}
[2026-10-03 07:07:44] ⚠️ 连续失败超限 → 继续但标记告警
[2026-10-03 07:07:52] ❌ beat fail (609/30): HTTP 403: {"error": "credential rejected", "reason": "credential_revoked", "fix": "检查 X-FSTDD-Token 是否为有效且未吊销的节点凭据；若遗失请联系管理节点(K)重新签发"}
[2026-10-03 07:07:52] ⚠️ 连续失败超限 → 继续但标记告警
[2026-10-03 07:07:54] ✅ beat ok: node_id=FSTDD003 last_seen=1790982473.945615
[2026-10-03 07:08:41] ❌ beat fail (347/30): HTTP 403: {"error": "credential rejected", "reason": "credential_revoked", "fix": "检查 X-FSTDD-Token 是否为有效且未吊销的节点凭据；若遗失请联系管理节点(K)重新签发"}
[2026-10-03 07:08:41] ⚠️ 连续失败超限 → 继续但标记告警
[2026-10-03 07:08:45] ❌ beat fail (715/30): HTTP 403: {"error": "credential rejected", "reason": "credential_revoked", "fix": "检查 X-FSTDD-Token 是否为有效且未吊销的节点凭据；若遗失请联系管理节点(K)重新签发"}
[2026-10-03 07:08:45] ⚠️ 连续失败超限 → 继续但标记告警
[2026-10-03 07:08:53] ❌ beat fail (610/30): HTTP 403: {"error": "credential rejected", "reason": "credential_revoked", "fix": "检查 X-FSTDD-Token 是否为有效且未吊销的节点凭据；若遗失请联系管理节点(K)重新签发"}
[2026-10-03 07:08:53] ⚠️ 连续失败超限 → 继续但标记告警
[2026-10-03 07:08:55] ✅ beat ok: node_id=FSTDD003 last_seen=1790982535.04799
[2026-10-03 07:09:42] ❌ beat fail (348/30): HTTP 403: {"error": "credential rejected", "reason": "credential_revoked", "fix": "检查 X-FSTDD-Token 是否为有效且未吊销的节点凭据；若遗失请联系管理节点(K)重新签发"}
[2026-10-03 07:09:42] ⚠️ 连续失败超限 → 继续但标记告警
[2026-10-03 07:09:46] ❌ beat fail (716/30): HTTP 403: {"error": "credential rejected", "reason": "credential_revoked", "fix": "检查 X-FSTDD-Token 是否为有效且未吊销的节点凭据；若遗失请联系管理节点(K)重新签发"}
[2026-10-03 07:09:46] ⚠️ 连续失败超限 → 继续但标记告警
[2026-10-03 07:09:54] ❌ beat fail (611/30): HTTP 403: {"error": "credential rejected", "reason": "credential_revoked", "fix": "检查 X-FSTDD-Token 是否为有效且未吊销的节点凭据；若遗失请联系管理节点(K)重新签发"}
[2026-10-03 07:09:54] ⚠️ 连续失败超限 → 继续但标记告警
[2026-10-03 07:09:56] ✅ beat ok: node_id=FSTDD003 last_seen=1790982596.132768
[2026-10-03 07:10:43] ❌ beat fail (349/30): HTTP 403: {"error": "credential rejected", "reason": "credential_revoked", "fix": "检查 X-FSTDD-Token 是否为有效且未吊销的节点凭据；若遗失请联系管理节点(K)重新签发"}
[2026-10-03 07:10:43] ⚠️ 连续失败超限 → 继续但标记告警
[2026-10-03 07:10:47] ❌ beat fail (717/30): HTTP 403: {"error": "credential rejected", "reason": "credential_revoked", "fix": "检查 X-FSTDD-Token 是否为有效且未吊销的节点凭据；若遗失请联系管理节点(K)重新签发"}
[2026-10-03 07:10:47] ⚠️ 连续失败超限 → 继续但标记告警
[2026-10-03 07:10:55] ❌ beat fail (612/30): HTTP 403: {"error": "credential rejected", "reason": "credential_revoked", "fix": "检查 X-FSTDD-Token 是否为有效且未吊销的节点凭据；若遗失请联系管理节点(K)重新签发"}
[2026-10-03 07:10:55] ⚠️ 连续失败超限 → 继续但标记告警
[2026-10-03 07:10:57] ✅ beat ok: node_id=FSTDD003 last_seen=1790982657.2035325
[2026-10-03 07:11:44] ❌ beat fail (350/30): HTTP 403: {"error": "credential rejected", "reason": "credential_revoked", "fix": "检查 X-FSTDD-Token 是否为有效且未吊销的节点凭据；若遗失请联系管理节点(K)重新签发"}
[2026-10-03 07:11:44] ⚠️ 连续失败超限 → 继续但标记告警
[2026-10-03 07:11:48] ❌ beat fail (718/30): HTTP 403: {"error": "credential rejected", "reason": "credential_revoked", "fix": "检查 X-FSTDD-Token 是否为有效且未吊销的节点凭据；若遗失请联系管理节点(K)重新签发"}
[2026-10-03 07:11:48] ⚠️ 连续失败超限 → 继续但标记告警
[2026-10-03 07:11:56] ❌ beat fail (613/30): HTTP 403: {"error": "credential rejected", "reason": "credential_revoked", "fix": "检查 X-FSTDD-Token 是否为有效且未吊销的节点凭据；若遗失请联系管理节点(K)重新签发"}
[2026-10-03 07:11:56] ⚠️ 连续失败超限 → 继续但标记告警
[2026-10-03 07:11:58] ✅ beat ok: node_id=FSTDD003 last_seen=1790982718.2915628
[2026-10-03 07:12:49] ❌ beat fail (351/30): TimeoutError: timed out
[2026-10-03 07:12:49] ⚠️ 连续失败超限 → 继续但标记告警
[2026-10-03 07:12:53] ❌ beat fail (719/30): TimeoutError: timed out
[2026-10-03 07:12:53] ⚠️ 连续失败超限 → 继续但标记告警
[2026-10-03 07:13:01] ❌ beat fail (614/30): TimeoutError: timed out
[2026-10-03 07:13:01] ⚠️ 连续失败超限 → 继续但标记告警
[2026-10-03 07:13:03] ❌ beat fail (1/30): TimeoutError: timed out
[2026-10-03 07:13:54] ❌ beat fail (352/30): TimeoutError: timed out
[2026-10-03 07:13:54] ⚠️ 连续失败超限 → 继续但标记告警
[2026-10-03 07:13:58] ❌ beat fail (720/30): TimeoutError: timed out
[2026-10-03 07:13:58] ⚠️ 连续失败超限 → 继续但标记告警
[2026-10-03 07:14:06] ❌ beat fail (615/30): TimeoutError: timed out
[2026-10-03 07:14:06] ⚠️ 连续失败超限 → 继续但标记告警
[2026-10-03 07:14:08] ❌ beat fail (2/30): TimeoutError: timed out
[2026-10-03 07:14:59] ❌ beat fail (353/30): TimeoutError: timed out
[2026-10-03 07:14:59] ⚠️ 连续失败超限 → 继续但标记告警
[2026-10-03 07:15:03] ❌ beat fail (721/30): TimeoutError: timed out
[2026-10-03 07:15:03] ⚠️ 连续失败超限 → 继续但标记告警
[2026-10-03 07:15:11] ❌ beat fail (616/30): TimeoutError: timed out
[2026-10-03 07:15:11] ⚠️ 连续失败超限 → 继续但标记告警
[2026-10-03 07:15:13] ❌ beat fail (3/30): TimeoutError: timed out
[2026-10-03 07:16:04] ❌ beat fail (354/30): TimeoutError: timed out
[2026-10-03 07:16:04] ⚠️ 连续失败超限 → 继续但标记告警
[2026-10-03 07:16:08] ❌ beat fail (722/30): TimeoutError: timed out
[2026-10-03 07:16:08] ⚠️ 连续失败超限 → 继续但标记告警
[2026-10-03 07:16:16] ❌ beat fail (617/30): TimeoutError: timed out
[2026-10-03 07:16:16] ⚠️ 连续失败超限 → 继续但标记告警
[2026-10-03 07:16:18] ❌ beat fail (4/30): TimeoutError: timed out
[2026-10-03 07:17:09] ❌ beat fail (355/30): TimeoutError: timed out
[2026-10-03 07:17:09] ⚠️ 连续失败超限 → 继续但标记告警
[2026-10-03 07:17:13] ❌ beat fail (723/30): TimeoutError: timed out
[2026-10-03 07:17:13] ⚠️ 连续失败超限 → 继续但标记告警
[2026-10-03 07:17:21] ❌ beat fail (618/30): TimeoutError: timed out
[2026-10-03 07:17:21] ⚠️ 连续失败超限 → 继续但标记告警
[2026-10-03 07:17:23] ❌ beat fail (5/30): TimeoutError: timed out
[2026-10-03 07:18:14] ❌ beat fail (356/30): TimeoutError: timed out
[2026-10-03 07:18:14] ⚠️ 连续失败超限 → 继续但标记告警
[2026-10-03 07:18:18] ❌ beat fail (724/30): TimeoutError: timed out
[2026-10-03 07:18:18] ⚠️ 连续失败超限 → 继续但标记告警
[2026-10-03 07:18:26] ❌ beat fail (619/30): TimeoutError: timed out
[2026-10-03 07:18:26] ⚠️ 连续失败超限 → 继续但标记告警
[2026-10-03 07:18:28] ❌ beat fail (6/30): TimeoutError: timed out
[2026-10-03 07:19:19] ❌ beat fail (357/30): TimeoutError: timed out
[2026-10-03 07:19:19] ⚠️ 连续失败超限 → 继续但标记告警
[2026-10-03 07:19:23] ❌ beat fail (725/30): TimeoutError: timed out
[2026-10-03 07:19:23] ⚠️ 连续失败超限 → 继续但标记告警
[2026-10-03 07:19:31] ❌ beat fail (620/30): TimeoutError: timed out
[2026-10-03 07:19:31] ⚠️ 连续失败超限 → 继续但标记告警
[2026-10-03 07:19:33] ❌ beat fail (7/30): TimeoutError: timed out
[2026-10-03 07:20:24] ❌ beat fail (358/30): TimeoutError: timed out
[2026-10-03 07:20:24] ⚠️ 连续失败超限 → 继续但标记告警
[2026-10-03 07:20:28] ❌ beat fail (726/30): TimeoutError: timed out
[2026-10-03 07:20:28] ⚠️ 连续失败超限 → 继续但标记告警
[2026-10-03 07:20:36] ❌ beat fail (621/30): TimeoutError: timed out
[2026-10-03 07:20:36] ⚠️ 连续失败超限 → 继续但标记告警
[2026-10-03 07:20:38] ❌ beat fail (8/30): TimeoutError: timed out
[2026-10-03 07:21:29] ❌ beat fail (359/30): TimeoutError: timed out
[2026-10-03 07:21:29] ⚠️ 连续失败超限 → 继续但标记告警
[2026-10-03 07:21:33] ❌ beat fail (727/30): TimeoutError: timed out
[2026-10-03 07:21:33] ⚠️ 连续失败超限 → 继续但标记告警
[2026-10-03 07:21:41] ❌ beat fail (622/30): TimeoutError: timed out
[2026-10-03 07:21:41] ⚠️ 连续失败超限 → 继续但标记告警
[2026-10-03 07:21:43] ❌ beat fail (9/30): TimeoutError: timed out
[2026-10-03 07:22:34] ❌ beat fail (360/30): TimeoutError: timed out
[2026-10-03 07:22:34] ⚠️ 连续失败超限 → 继续但标记告警
[2026-10-03 07:22:38] ❌ beat fail (728/30): TimeoutError: timed out
[2026-10-03 07:22:38] ⚠️ 连续失败超限 → 继续但标记告警
[2026-10-03 07:22:46] ❌ beat fail (623/30): TimeoutError: timed out
[2026-10-03 07:22:46] ⚠️ 连续失败超限 → 继续但标记告警
[2026-10-03 07:22:48] ❌ beat fail (10/30): TimeoutError: timed out
[2026-10-03 07:23:39] ❌ beat fail (361/30): TimeoutError: timed out
[2026-10-03 07:23:39] ⚠️ 连续失败超限 → 继续但标记告警
[2026-10-03 07:23:43] ❌ beat fail (729/30): TimeoutError: timed out
[2026-10-03 07:23:43] ⚠️ 连续失败超限 → 继续但标记告警
[2026-10-03 07:23:51] ❌ beat fail (624/30): TimeoutError: timed out
[2026-10-03 07:23:51] ⚠️ 连续失败超限 → 继续但标记告警
[2026-10-03 07:23:53] ❌ beat fail (11/30): TimeoutError: timed out
[2026-10-03 07:24:44] ❌ beat fail (362/30): TimeoutError: timed out
[2026-10-03 07:24:44] ⚠️ 连续失败超限 → 继续但标记告警
[2026-10-03 07:24:48] ❌ beat fail (730/30): TimeoutError: timed out
[2026-10-03 07:24:48] ⚠️ 连续失败超限 → 继续但标记告警
[2026-10-03 07:24:56] ❌ beat fail (625/30): TimeoutError: timed out
[2026-10-03 07:24:56] ⚠️ 连续失败超限 → 继续但标记告警
[2026-10-03 07:24:58] ❌ beat fail (12/30): TimeoutError: timed out
[2026-10-03 07:25:49] ❌ beat fail (363/30): TimeoutError: timed out
[2026-10-03 07:25:49] ⚠️ 连续失败超限 → 继续但标记告警
[2026-10-03 07:25:53] ❌ beat fail (731/30): TimeoutError: timed out
[2026-10-03 07:25:53] ⚠️ 连续失败超限 → 继续但标记告警
[2026-10-03 07:26:01] ❌ beat fail (626/30): TimeoutError: timed out
[2026-10-03 07:26:01] ⚠️ 连续失败超限 → 继续但标记告警
[2026-10-03 07:26:03] ❌ beat fail (13/30): TimeoutError: timed out
[2026-10-03 07:26:54] ❌ beat fail (364/30): TimeoutError: timed out
[2026-10-03 07:26:54] ⚠️ 连续失败超限 → 继续但标记告警
[2026-10-03 07:26:58] ❌ beat fail (732/30): TimeoutError: timed out
[2026-10-03 07:26:58] ⚠️ 连续失败超限 → 继续但标记告警
[2026-10-03 07:27:06] ❌ beat fail (627/30): TimeoutError: timed out
[2026-10-03 07:27:06] ⚠️ 连续失败超限 → 继续但标记告警
[2026-10-03 07:27:08] ❌ beat fail (14/30): TimeoutError: timed out
[2026-10-03 07:27:59] ❌ beat fail (365/30): TimeoutError: timed out
[2026-10-03 07:27:59] ⚠️ 连续失败超限 → 继续但标记告警
[2026-10-03 07:28:03] ❌ beat fail (733/30): TimeoutError: timed out
[2026-10-03 07:28:03] ⚠️ 连续失败超限 → 继续但标记告警
[2026-10-03 07:28:11] ❌ beat fail (628/30): TimeoutError: timed out
[2026-10-03 07:28:11] ⚠️ 连续失败超限 → 继续但标记告警
[2026-10-03 07:28:13] ❌ beat fail (15/30): TimeoutError: timed out
[2026-10-03 07:29:00] ❌ beat fail (366/30): HTTP 403: {"error": "credential rejected", "reason": "credential_revoked", "fix": "检查 X-FSTDD-Token 是否为有效且未吊销的节点凭据；若遗失请联系管理节点(K)重新签发"}
[2026-10-03 07:29:00] ⚠️ 连续失败超限 → 继续但标记告警
[2026-10-03 07:29:04] ❌ beat fail (734/30): HTTP 403: {"error": "credential rejected", "reason": "credential_revoked", "fix": "检查 X-FSTDD-Token 是否为有效且未吊销的节点凭据；若遗失请联系管理节点(K)重新签发"}
[2026-10-03 07:29:04] ⚠️ 连续失败超限 → 继续但标记告警
[2026-10-03 07:29:12] ❌ beat fail (629/30): HTTP 403: {"error": "credential rejected", "reason": "credential_revoked", "fix": "检查 X-FSTDD-Token 是否为有效且未吊销的节点凭据；若遗失请联系管理节点(K)重新签发"}
[2026-10-03 07:29:12] ⚠️ 连续失败超限 → 继续但标记告警
[2026-10-03 07:29:14] ✅ beat ok: node_id=FSTDD003 last_seen=1790983754.7296295
[2026-10-03 07:30:01] ❌ beat fail (367/30): HTTP 403: {"error": "credential rejected", "reason": "credential_revoked", "fix": "检查 X-FSTDD-Token 是否为有效且未吊销的节点凭据；若遗失请联系管理节点(K)重新签发"}
[2026-10-03 07:30:01] ⚠️ 连续失败超限 → 继续但标记告警
[2026-10-03 07:30:05] ❌ beat fail (735/30): HTTP 403: {"error": "credential rejected", "reason": "credential_revoked", "fix": "检查 X-FSTDD-Token 是否为有效且未吊销的节点凭据；若遗失请联系管理节点(K)重新签发"}
[2026-10-03 07:30:05] ⚠️ 连续失败超限 → 继续但标记告警
[2026-10-03 07:30:13] ❌ beat fail (630/30): HTTP 403: {"error": "credential rejected", "reason": "credential_revoked", "fix": "检查 X-FSTDD-Token 是否为有效且未吊销的节点凭据；若遗失请联系管理节点(K)重新签发"}
[2026-10-03 07:30:13] ⚠️ 连续失败超限 → 继续但标记告警
[2026-10-03 07:30:15] ✅ beat ok: node_id=FSTDD003 last_seen=1790983815.4156291
[2026-10-03 07:31:02] ❌ beat fail (368/30): HTTP 403: {"error": "credential rejected", "reason": "credential_revoked", "fix": "检查 X-FSTDD-Token 是否为有效且未吊销的节点凭据；若遗失请联系管理节点(K)重新签发"}
[2026-10-03 07:31:02] ⚠️ 连续失败超限 → 继续但标记告警
[2026-10-03 07:31:06] ❌ beat fail (736/30): HTTP 403: {"error": "credential rejected", "reason": "credential_revoked", "fix": "检查 X-FSTDD-Token 是否为有效且未吊销的节点凭据；若遗失请联系管理节点(K)重新签发"}
[2026-10-03 07:31:06] ⚠️ 连续失败超限 → 继续但标记告警
[2026-10-03 07:31:14] ❌ beat fail (631/30): HTTP 403: {"error": "credential rejected", "reason": "credential_revoked", "fix": "检查 X-FSTDD-Token 是否为有效且未吊销的节点凭据；若遗失请联系管理节点(K)重新签发"}
[2026-10-03 07:31:14] ⚠️ 连续失败超限 → 继续但标记告警
[2026-10-03 07:31:16] ✅ beat ok: node_id=FSTDD003 last_seen=1790983876.482297
[2026-10-03 07:32:03] ❌ beat fail (369/30): HTTP 403: {"error": "credential rejected", "reason": "credential_revoked", "fix": "检查 X-FSTDD-Token 是否为有效且未吊销的节点凭据；若遗失请联系管理节点(K)重新签发"}
[2026-10-03 07:32:03] ⚠️ 连续失败超限 → 继续但标记告警
[2026-10-03 07:32:07] ❌ beat fail (737/30): HTTP 403: {"error": "credential rejected", "reason": "credential_revoked", "fix": "检查 X-FSTDD-Token 是否为有效且未吊销的节点凭据；若遗失请联系管理节点(K)重新签发"}
[2026-10-03 07:32:07] ⚠️ 连续失败超限 → 继续但标记告警
[2026-10-03 07:32:15] ❌ beat fail (632/30): HTTP 403: {"error": "credential rejected", "reason": "credential_revoked", "fix": "检查 X-FSTDD-Token 是否为有效且未吊销的节点凭据；若遗失请联系管理节点(K)重新签发"}
[2026-10-03 07:32:15] ⚠️ 连续失败超限 → 继续但标记告警
[2026-10-03 07:32:17] ✅ beat ok: node_id=FSTDD003 last_seen=1790983937.1660903
[2026-10-03 07:33:04] ❌ beat fail (370/30): HTTP 403: {"error": "credential rejected", "reason": "credential_revoked", "fix": "检查 X-FSTDD-Token 是否为有效且未吊销的节点凭据；若遗失请联系管理节点(K)重新签发"}
[2026-10-03 07:33:04] ⚠️ 连续失败超限 → 继续但标记告警
[2026-10-03 07:33:08] ❌ beat fail (738/30): HTTP 403: {"error": "credential rejected", "reason": "credential_revoked", "fix": "检查 X-FSTDD-Token 是否为有效且未吊销的节点凭据；若遗失请联系管理节点(K)重新签发"}
[2026-10-03 07:33:08] ⚠️ 连续失败超限 → 继续但标记告警
[2026-10-03 07:33:16] ❌ beat fail (633/30): HTTP 403: {"error": "credential rejected", "reason": "credential_revoked", "fix": "检查 X-FSTDD-Token 是否为有效且未吊销的节点凭据；若遗失请联系管理节点(K)重新签发"}
[2026-10-03 07:33:16] ⚠️ 连续失败超限 → 继续但标记告警
[2026-10-03 07:33:18] ✅ beat ok: node_id=FSTDD003 last_seen=1790983997.8502498
[2026-10-03 07:34:05] ❌ beat fail (371/30): HTTP 403: {"error": "credential rejected", "reason": "credential_revoked", "fix": "检查 X-FSTDD-Token 是否为有效且未吊销的节点凭据；若遗失请联系管理节点(K)重新签发"}
[2026-10-03 07:34:05] ⚠️ 连续失败超限 → 继续但标记告警
[2026-10-03 07:34:09] ❌ beat fail (739/30): HTTP 403: {"error": "credential rejected", "reason": "credential_revoked", "fix": "检查 X-FSTDD-Token 是否为有效且未吊销的节点凭据；若遗失请联系管理节点(K)重新签发"}
[2026-10-03 07:34:09] ⚠️ 连续失败超限 → 继续但标记告警
[2026-10-03 07:34:16] ❌ beat fail (634/30): HTTP 403: {"error": "credential rejected", "reason": "credential_revoked", "fix": "检查 X-FSTDD-Token 是否为有效且未吊销的节点凭据；若遗失请联系管理节点(K)重新签发"}
[2026-10-03 07:34:16] ⚠️ 连续失败超限 → 继续但标记告警
[2026-10-03 07:34:18] ✅ beat ok: node_id=FSTDD003 last_seen=1790984058.926999
[2026-10-03 07:35:06] ❌ beat fail (372/30): HTTP 403: {"error": "credential rejected", "reason": "credential_revoked", "fix": "检查 X-FSTDD-Token 是否为有效且未吊销的节点凭据；若遗失请联系管理节点(K)重新签发"}
[2026-10-03 07:35:06] ⚠️ 连续失败超限 → 继续但标记告警
[2026-10-03 07:35:10] ❌ beat fail (740/30): HTTP 403: {"error": "credential rejected", "reason": "credential_revoked", "fix": "检查 X-FSTDD-Token 是否为有效且未吊销的节点凭据；若遗失请联系管理节点(K)重新签发"}
[2026-10-03 07:35:10] ⚠️ 连续失败超限 → 继续但标记告警
[2026-10-03 07:35:18] ❌ beat fail (635/30): HTTP 403: {"error": "credential rejected", "reason": "credential_revoked", "fix": "检查 X-FSTDD-Token 是否为有效且未吊销的节点凭据；若遗失请联系管理节点(K)重新签发"}
[2026-10-03 07:35:18] ⚠️ 连续失败超限 → 继续但标记告警
[2026-10-03 07:35:19] ✅ beat ok: node_id=FSTDD003 last_seen=1790984119.6602786
[2026-10-03 07:36:07] ❌ beat fail (373/30): HTTP 403: {"error": "credential rejected", "reason": "credential_revoked", "fix": "检查 X-FSTDD-Token 是否为有效且未吊销的节点凭据；若遗失请联系管理节点(K)重新签发"}
[2026-10-03 07:36:07] ⚠️ 连续失败超限 → 继续但标记告警
[2026-10-03 07:36:11] ❌ beat fail (741/30): HTTP 403: {"error": "credential rejected", "reason": "credential_revoked", "fix": "检查 X-FSTDD-Token 是否为有效且未吊销的节点凭据；若遗失请联系管理节点(K)重新签发"}
[2026-10-03 07:36:11] ⚠️ 连续失败超限 → 继续但标记告警
[2026-10-03 07:36:18] ❌ beat fail (636/30): HTTP 403: {"error": "credential rejected", "reason": "credential_revoked", "fix": "检查 X-FSTDD-Token 是否为有效且未吊销的节点凭据；若遗失请联系管理节点(K)重新签发"}
[2026-10-03 07:36:18] ⚠️ 连续失败超限 → 继续但标记告警
[2026-10-03 07:36:20] ✅ beat ok: node_id=FSTDD003 last_seen=1790984180.7345002
[2026-10-03 07:37:08] ❌ beat fail (374/30): HTTP 403: {"error": "credential rejected", "reason": "credential_revoked", "fix": "检查 X-FSTDD-Token 是否为有效且未吊销的节点凭据；若遗失请联系管理节点(K)重新签发"}
[2026-10-03 07:37:08] ⚠️ 连续失败超限 → 继续但标记告警
[2026-10-03 07:37:12] ❌ beat fail (742/30): HTTP 403: {"error": "credential rejected", "reason": "credential_revoked", "fix": "检查 X-FSTDD-Token 是否为有效且未吊销的节点凭据；若遗失请联系管理节点(K)重新签发"}
[2026-10-03 07:37:12] ⚠️ 连续失败超限 → 继续但标记告警
[2026-10-03 07:37:19] ❌ beat fail (637/30): HTTP 403: {"error": "credential rejected", "reason": "credential_revoked", "fix": "检查 X-FSTDD-Token 是否为有效且未吊销的节点凭据；若遗失请联系管理节点(K)重新签发"}
[2026-10-03 07:37:19] ⚠️ 连续失败超限 → 继续但标记告警
[2026-10-03 07:37:21] ✅ beat ok: node_id=FSTDD003 last_seen=1790984241.7986798
[2026-10-03 07:38:09] ❌ beat fail (375/30): HTTP 403: {"error": "credential rejected", "reason": "credential_revoked", "fix": "检查 X-FSTDD-Token 是否为有效且未吊销的节点凭据；若遗失请联系管理节点(K)重新签发"}
[2026-10-03 07:38:09] ⚠️ 连续失败超限 → 继续但标记告警
[2026-10-03 07:38:13] ❌ beat fail (743/30): HTTP 403: {"error": "credential rejected", "reason": "credential_revoked", "fix": "检查 X-FSTDD-Token 是否为有效且未吊销的节点凭据；若遗失请联系管理节点(K)重新签发"}
[2026-10-03 07:38:13] ⚠️ 连续失败超限 → 继续但标记告警
[2026-10-03 07:38:20] ❌ beat fail (638/30): HTTP 403: {"error": "credential rejected", "reason": "credential_revoked", "fix": "检查 X-FSTDD-Token 是否为有效且未吊销的节点凭据；若遗失请联系管理节点(K)重新签发"}
[2026-10-03 07:38:20] ⚠️ 连续失败超限 → 继续但标记告警
[2026-10-03 07:38:22] ✅ beat ok: node_id=FSTDD003 last_seen=1790984302.4819825
[2026-10-03 07:39:10] ❌ beat fail (376/30): HTTP 403: {"error": "credential rejected", "reason": "credential_revoked", "fix": "检查 X-FSTDD-Token 是否为有效且未吊销的节点凭据；若遗失请联系管理节点(K)重新签发"}
[2026-10-03 07:39:10] ⚠️ 连续失败超限 → 继续但标记告警
[2026-10-03 07:39:13] ❌ beat fail (744/30): HTTP 403: {"error": "credential rejected", "reason": "credential_revoked", "fix": "检查 X-FSTDD-Token 是否为有效且未吊销的节点凭据；若遗失请联系管理节点(K)重新签发"}
[2026-10-03 07:39:13] ⚠️ 连续失败超限 → 继续但标记告警
[2026-10-03 07:39:22] ❌ beat fail (639/30): HTTP 403: {"error": "credential rejected", "reason": "credential_revoked", "fix": "检查 X-FSTDD-Token 是否为有效且未吊销的节点凭据；若遗失请联系管理节点(K)重新签发"}
[2026-10-03 07:39:22] ⚠️ 连续失败超限 → 继续但标记告警
[2026-10-03 07:39:23] ✅ beat ok: node_id=FSTDD003 last_seen=1790984363.6945052
[2026-10-03 07:40:11] ❌ beat fail (377/30): HTTP 403: {"error": "credential rejected", "reason": "credential_revoked", "fix": "检查 X-FSTDD-Token 是否为有效且未吊销的节点凭据；若遗失请联系管理节点(K)重新签发"}
[2026-10-03 07:40:11] ⚠️ 连续失败超限 → 继续但标记告警
[2026-10-03 07:40:14] ❌ beat fail (745/30): HTTP 403: {"error": "credential rejected", "reason": "credential_revoked", "fix": "检查 X-FSTDD-Token 是否为有效且未吊销的节点凭据；若遗失请联系管理节点(K)重新签发"}
[2026-10-03 07:40:14] ⚠️ 连续失败超限 → 继续但标记告警
[2026-10-03 07:40:23] ❌ beat fail (640/30): HTTP 403: {"error": "credential rejected", "reason": "credential_revoked", "fix": "检查 X-FSTDD-Token 是否为有效且未吊销的节点凭据；若遗失请联系管理节点(K)重新签发"}
[2026-10-03 07:40:23] ⚠️ 连续失败超限 → 继续但标记告警
[2026-10-03 07:40:24] ✅ beat ok: node_id=FSTDD003 last_seen=1790984424.7604587
[2026-10-03 07:41:12] ❌ beat fail (378/30): HTTP 403: {"error": "credential rejected", "reason": "credential_revoked", "fix": "检查 X-FSTDD-Token 是否为有效且未吊销的节点凭据；若遗失请联系管理节点(K)重新签发"}
[2026-10-03 07:41:12] ⚠️ 连续失败超限 → 继续但标记告警
[2026-10-03 07:41:15] ❌ beat fail (746/30): HTTP 403: {"error": "credential rejected", "reason": "credential_revoked", "fix": "检查 X-FSTDD-Token 是否为有效且未吊销的节点凭据；若遗失请联系管理节点(K)重新签发"}
[2026-10-03 07:41:15] ⚠️ 连续失败超限 → 继续但标记告警
[2026-10-03 07:41:24] ❌ beat fail (641/30): HTTP 403: {"error": "credential rejected", "reason": "credential_revoked", "fix": "检查 X-FSTDD-Token 是否为有效且未吊销的节点凭据；若遗失请联系管理节点(K)重新签发"}
[2026-10-03 07:41:24] ⚠️ 连续失败超限 → 继续但标记告警
[2026-10-03 07:41:25] ✅ beat ok: node_id=FSTDD003 last_seen=1790984485.4415207
[2026-10-03 07:42:12] ❌ beat fail (379/30): HTTP 403: {"error": "credential rejected", "reason": "credential_revoked", "fix": "检查 X-FSTDD-Token 是否为有效且未吊销的节点凭据；若遗失请联系管理节点(K)重新签发"}
[2026-10-03 07:42:12] ⚠️ 连续失败超限 → 继续但标记告警
[2026-10-03 07:42:16] ❌ beat fail (747/30): HTTP 403: {"error": "credential rejected", "reason": "credential_revoked", "fix": "检查 X-FSTDD-Token 是否为有效且未吊销的节点凭据；若遗失请联系管理节点(K)重新签发"}
[2026-10-03 07:42:16] ⚠️ 连续失败超限 → 继续但标记告警
[2026-10-03 07:42:24] ❌ beat fail (642/30): HTTP 403: {"error": "credential rejected", "reason": "credential_revoked", "fix": "检查 X-FSTDD-Token 是否为有效且未吊销的节点凭据；若遗失请联系管理节点(K)重新签发"}
[2026-10-03 07:42:24] ⚠️ 连续失败超限 → 继续但标记告警
[2026-10-03 07:42:26] ✅ beat ok: node_id=FSTDD003 last_seen=1790984546.5145454
[2026-10-03 07:43:13] ❌ beat fail (380/30): HTTP 403: {"error": "credential rejected", "reason": "credential_revoked", "fix": "检查 X-FSTDD-Token 是否为有效且未吊销的节点凭据；若遗失请联系管理节点(K)重新签发"}
[2026-10-03 07:43:13] ⚠️ 连续失败超限 → 继续但标记告警
[2026-10-03 07:43:17] ❌ beat fail (748/30): HTTP 403: {"error": "credential rejected", "reason": "credential_revoked", "fix": "检查 X-FSTDD-Token 是否为有效且未吊销的节点凭据；若遗失请联系管理节点(K)重新签发"}
[2026-10-03 07:43:17] ⚠️ 连续失败超限 → 继续但标记告警
[2026-10-03 07:43:25] ❌ beat fail (643/30): HTTP 403: {"error": "credential rejected", "reason": "credential_revoked", "fix": "检查 X-FSTDD-Token 是否为有效且未吊销的节点凭据；若遗失请联系管理节点(K)重新签发"}
[2026-10-03 07:43:26] ⚠️ 连续失败超限 → 继续但标记告警
[2026-10-03 07:43:27] ✅ beat ok: node_id=FSTDD003 last_seen=1790984607.587103
[2026-10-03 07:44:14] ❌ beat fail (381/30): HTTP 403: {"error": "credential rejected", "reason": "credential_revoked", "fix": "检查 X-FSTDD-Token 是否为有效且未吊销的节点凭据；若遗失请联系管理节点(K)重新签发"}
[2026-10-03 07:44:14] ⚠️ 连续失败超限 → 继续但标记告警
[2026-10-03 07:44:18] ❌ beat fail (749/30): HTTP 403: {"error": "credential rejected", "reason": "credential_revoked", "fix": "检查 X-FSTDD-Token 是否为有效且未吊销的节点凭据；若遗失请联系管理节点(K)重新签发"}
[2026-10-03 07:44:18] ⚠️ 连续失败超限 → 继续但标记告警
[2026-10-03 07:44:26] ❌ beat fail (644/30): HTTP 403: {"error": "credential rejected", "reason": "credential_revoked", "fix": "检查 X-FSTDD-Token 是否为有效且未吊销的节点凭据；若遗失请联系管理节点(K)重新签发"}
[2026-10-03 07:44:26] ⚠️ 连续失败超限 → 继续但标记告警
[2026-10-03 07:44:28] ✅ beat ok: node_id=FSTDD003 last_seen=1790984668.4442542
[2026-10-03 07:45:15] ❌ beat fail (382/30): HTTP 403: {"error": "credential rejected", "reason": "credential_revoked", "fix": "检查 X-FSTDD-Token 是否为有效且未吊销的节点凭据；若遗失请联系管理节点(K)重新签发"}
[2026-10-03 07:45:15] ⚠️ 连续失败超限 → 继续但标记告警
[2026-10-03 07:45:19] ❌ beat fail (750/30): HTTP 403: {"error": "credential rejected", "reason": "credential_revoked", "fix": "检查 X-FSTDD-Token 是否为有效且未吊销的节点凭据；若遗失请联系管理节点(K)重新签发"}
[2026-10-03 07:45:19] ⚠️ 连续失败超限 → 继续但标记告警
[2026-10-03 07:45:27] ❌ beat fail (645/30): HTTP 403: {"error": "credential rejected", "reason": "credential_revoked", "fix": "检查 X-FSTDD-Token 是否为有效且未吊销的节点凭据；若遗失请联系管理节点(K)重新签发"}
[2026-10-03 07:45:27] ⚠️ 连续失败超限 → 继续但标记告警
[2026-10-03 07:45:29] ✅ beat ok: node_id=FSTDD003 last_seen=1790984729.307866
[2026-10-03 07:46:16] ❌ beat fail (383/30): HTTP 403: {"error": "credential rejected", "reason": "credential_revoked", "fix": "检查 X-FSTDD-Token 是否为有效且未吊销的节点凭据；若遗失请联系管理节点(K)重新签发"}
[2026-10-03 07:46:16] ⚠️ 连续失败超限 → 继续但标记告警
[2026-10-03 07:46:20] ❌ beat fail (751/30): HTTP 403: {"error": "credential rejected", "reason": "credential_revoked", "fix": "检查 X-FSTDD-Token 是否为有效且未吊销的节点凭据；若遗失请联系管理节点(K)重新签发"}
[2026-10-03 07:46:20] ⚠️ 连续失败超限 → 继续但标记告警
[2026-10-03 07:46:28] ❌ beat fail (646/30): HTTP 403: {"error": "credential rejected", "reason": "credential_revoked", "fix": "检查 X-FSTDD-Token 是否为有效且未吊销的节点凭据；若遗失请联系管理节点(K)重新签发"}
[2026-10-03 07:46:28] ⚠️ 连续失败超限 → 继续但标记告警
[2026-10-03 07:46:29] ✅ beat ok: node_id=FSTDD003 last_seen=1790984789.9894543
[2026-10-03 07:47:17] ❌ beat fail (384/30): HTTP 403: {"error": "credential rejected", "reason": "credential_revoked", "fix": "检查 X-FSTDD-Token 是否为有效且未吊销的节点凭据；若遗失请联系管理节点(K)重新签发"}
[2026-10-03 07:47:17] ⚠️ 连续失败超限 → 继续但标记告警
[2026-10-03 07:47:22] ❌ beat fail (752/30): HTTP 403: {"error": "credential rejected", "reason": "credential_revoked", "fix": "检查 X-FSTDD-Token 是否为有效且未吊销的节点凭据；若遗失请联系管理节点(K)重新签发"}
[2026-10-03 07:47:22] ⚠️ 连续失败超限 → 继续但标记告警
[2026-10-03 07:47:29] ❌ beat fail (647/30): HTTP 403: {"error": "credential rejected", "reason": "credential_revoked", "fix": "检查 X-FSTDD-Token 是否为有效且未吊销的节点凭据；若遗失请联系管理节点(K)重新签发"}
[2026-10-03 07:47:29] ⚠️ 连续失败超限 → 继续但标记告警
[2026-10-03 07:47:30] ✅ beat ok: node_id=FSTDD003 last_seen=1790984850.7095082
[2026-10-03 07:48:18] ❌ beat fail (385/30): HTTP 403: {"error": "credential rejected", "reason": "credential_revoked", "fix": "检查 X-FSTDD-Token 是否为有效且未吊销的节点凭据；若遗失请联系管理节点(K)重新签发"}
[2026-10-03 07:48:18] ⚠️ 连续失败超限 → 继续但标记告警
[2026-10-03 07:48:22] ❌ beat fail (753/30): HTTP 403: {"error": "credential rejected", "reason": "credential_revoked", "fix": "检查 X-FSTDD-Token 是否为有效且未吊销的节点凭据；若遗失请联系管理节点(K)重新签发"}
[2026-10-03 07:48:22] ⚠️ 连续失败超限 → 继续但标记告警
[2026-10-03 07:48:30] ❌ beat fail (648/30): HTTP 403: {"error": "credential rejected", "reason": "credential_revoked", "fix": "检查 X-FSTDD-Token 是否为有效且未吊销的节点凭据；若遗失请联系管理节点(K)重新签发"}
[2026-10-03 07:48:30] ⚠️ 连续失败超限 → 继续但标记告警
[2026-10-03 07:48:32] ✅ beat ok: node_id=FSTDD003 last_seen=1790984912.1930273
[2026-10-03 07:49:18] ❌ beat fail (386/30): HTTP 403: {"error": "credential rejected", "reason": "credential_revoked", "fix": "检查 X-FSTDD-Token 是否为有效且未吊销的节点凭据；若遗失请联系管理节点(K)重新签发"}
[2026-10-03 07:49:18] ⚠️ 连续失败超限 → 继续但标记告警
[2026-10-03 07:49:23] ❌ beat fail (754/30): HTTP 403: {"error": "credential rejected", "reason": "credential_revoked", "fix": "检查 X-FSTDD-Token 是否为有效且未吊销的节点凭据；若遗失请联系管理节点(K)重新签发"}
[2026-10-03 07:49:23] ⚠️ 连续失败超限 → 继续但标记告警
[2026-10-03 07:49:31] ❌ beat fail (649/30): HTTP 403: {"error": "credential rejected", "reason": "credential_revoked", "fix": "检查 X-FSTDD-Token 是否为有效且未吊销的节点凭据；若遗失请联系管理节点(K)重新签发"}
[2026-10-03 07:49:31] ⚠️ 连续失败超限 → 继续但标记告警
[2026-10-03 07:49:32] ✅ beat ok: node_id=FSTDD003 last_seen=1790984972.926024
[2026-10-03 07:50:19] ❌ beat fail (387/30): HTTP 403: {"error": "credential rejected", "reason": "credential_revoked", "fix": "检查 X-FSTDD-Token 是否为有效且未吊销的节点凭据；若遗失请联系管理节点(K)重新签发"}
[2026-10-03 07:50:19] ⚠️ 连续失败超限 → 继续但标记告警
[2026-10-03 07:50:24] ❌ beat fail (755/30): HTTP 403: {"error": "credential rejected", "reason": "credential_revoked", "fix": "检查 X-FSTDD-Token 是否为有效且未吊销的节点凭据；若遗失请联系管理节点(K)重新签发"}
[2026-10-03 07:50:24] ⚠️ 连续失败超限 → 继续但标记告警
[2026-10-03 07:50:32] ❌ beat fail (650/30): HTTP 403: {"error": "credential rejected", "reason": "credential_revoked", "fix": "检查 X-FSTDD-Token 是否为有效且未吊销的节点凭据；若遗失请联系管理节点(K)重新签发"}
[2026-10-03 07:50:32] ⚠️ 连续失败超限 → 继续但标记告警
[2026-10-03 07:50:33] ✅ beat ok: node_id=FSTDD003 last_seen=1790985033.9913123
[2026-10-03 07:51:20] ❌ beat fail (388/30): HTTP 403: {"error": "credential rejected", "reason": "credential_revoked", "fix": "检查 X-FSTDD-Token 是否为有效且未吊销的节点凭据；若遗失请联系管理节点(K)重新签发"}
[2026-10-03 07:51:21] ⚠️ 连续失败超限 → 继续但标记告警
[2026-10-03 07:51:25] ❌ beat fail (756/30): HTTP 403: {"error": "credential rejected", "reason": "credential_revoked", "fix": "检查 X-FSTDD-Token 是否为有效且未吊销的节点凭据；若遗失请联系管理节点(K)重新签发"}
[2026-10-03 07:51:25] ⚠️ 连续失败超限 → 继续但标记告警
[2026-10-03 07:51:33] ❌ beat fail (651/30): HTTP 403: {"error": "credential rejected", "reason": "credential_revoked", "fix": "检查 X-FSTDD-Token 是否为有效且未吊销的节点凭据；若遗失请联系管理节点(K)重新签发"}
[2026-10-03 07:51:33] ⚠️ 连续失败超限 → 继续但标记告警
[2026-10-03 07:51:34] ✅ beat ok: node_id=FSTDD003 last_seen=1790985094.6778471
[2026-10-03 07:52:21] ❌ beat fail (389/30): HTTP 403: {"error": "credential rejected", "reason": "credential_revoked", "fix": "检查 X-FSTDD-Token 是否为有效且未吊销的节点凭据；若遗失请联系管理节点(K)重新签发"}
[2026-10-03 07:52:21] ⚠️ 连续失败超限 → 继续但标记告警
[2026-10-03 07:52:26] ❌ beat fail (757/30): HTTP 403: {"error": "credential rejected", "reason": "credential_revoked", "fix": "检查 X-FSTDD-Token 是否为有效且未吊销的节点凭据；若遗失请联系管理节点(K)重新签发"}
[2026-10-03 07:52:26] ⚠️ 连续失败超限 → 继续但标记告警
[2026-10-03 07:52:34] ❌ beat fail (652/30): HTTP 403: {"error": "credential rejected", "reason": "credential_revoked", "fix": "检查 X-FSTDD-Token 是否为有效且未吊销的节点凭据；若遗失请联系管理节点(K)重新签发"}
[2026-10-03 07:52:34] ⚠️ 连续失败超限 → 继续但标记告警
[2026-10-03 07:52:35] ✅ beat ok: node_id=FSTDD003 last_seen=1790985155.7454152
[2026-10-03 07:53:22] ❌ beat fail (390/30): HTTP 403: {"error": "credential rejected", "reason": "credential_revoked", "fix": "检查 X-FSTDD-Token 是否为有效且未吊销的节点凭据；若遗失请联系管理节点(K)重新签发"}
[2026-10-03 07:53:22] ⚠️ 连续失败超限 → 继续但标记告警
[2026-10-03 07:53:27] ❌ beat fail (758/30): HTTP 403: {"error": "credential rejected", "reason": "credential_revoked", "fix": "检查 X-FSTDD-Token 是否为有效且未吊销的节点凭据；若遗失请联系管理节点(K)重新签发"}
[2026-10-03 07:53:27] ⚠️ 连续失败超限 → 继续但标记告警
[2026-10-03 07:53:35] ❌ beat fail (653/30): HTTP 403: {"error": "credential rejected", "reason": "credential_revoked", "fix": "检查 X-FSTDD-Token 是否为有效且未吊销的节点凭据；若遗失请联系管理节点(K)重新签发"}
[2026-10-03 07:53:36] ⚠️ 连续失败超限 → 继续但标记告警
[2026-10-03 07:53:37] ✅ beat ok: node_id=FSTDD003 last_seen=1790985217.1961415
[2026-10-03 07:54:23] ❌ beat fail (391/30): HTTP 403: {"error": "credential rejected", "reason": "credential_revoked", "fix": "检查 X-FSTDD-Token 是否为有效且未吊销的节点凭据；若遗失请联系管理节点(K)重新签发"}
[2026-10-03 07:54:23] ⚠️ 连续失败超限 → 继续但标记告警
[2026-10-03 07:54:28] ❌ beat fail (759/30): HTTP 403: {"error": "credential rejected", "reason": "credential_revoked", "fix": "检查 X-FSTDD-Token 是否为有效且未吊销的节点凭据；若遗失请联系管理节点(K)重新签发"}
[2026-10-03 07:54:28] ⚠️ 连续失败超限 → 继续但标记告警
[2026-10-03 07:54:37] ❌ beat fail (654/30): HTTP 403: {"error": "credential rejected", "reason": "credential_revoked", "fix": "检查 X-FSTDD-Token 是否为有效且未吊销的节点凭据；若遗失请联系管理节点(K)重新签发"}
[2026-10-03 07:54:37] ⚠️ 连续失败超限 → 继续但标记告警
[2026-10-03 07:54:38] ✅ beat ok: node_id=FSTDD003 last_seen=1790985277.9980454
[2026-10-03 07:55:24] ❌ beat fail (392/30): HTTP 403: {"error": "credential rejected", "reason": "credential_revoked", "fix": "检查 X-FSTDD-Token 是否为有效且未吊销的节点凭据；若遗失请联系管理节点(K)重新签发"}
[2026-10-03 07:55:24] ⚠️ 连续失败超限 → 继续但标记告警
[2026-10-03 07:55:29] ❌ beat fail (760/30): HTTP 403: {"error": "credential rejected", "reason": "credential_revoked", "fix": "检查 X-FSTDD-Token 是否为有效且未吊销的节点凭据；若遗失请联系管理节点(K)重新签发"}
[2026-10-03 07:55:29] ⚠️ 连续失败超限 → 继续但标记告警
[2026-10-03 07:55:38] ❌ beat fail (655/30): HTTP 403: {"error": "credential rejected", "reason": "credential_revoked", "fix": "检查 X-FSTDD-Token 是否为有效且未吊销的节点凭据；若遗失请联系管理节点(K)重新签发"}
[2026-10-03 07:55:38] ⚠️ 连续失败超限 → 继续但标记告警
[2026-10-03 07:55:39] ✅ beat ok: node_id=FSTDD003 last_seen=1790985339.066228
[2026-10-03 07:56:25] ❌ beat fail (393/30): HTTP 403: {"error": "credential rejected", "reason": "credential_revoked", "fix": "检查 X-FSTDD-Token 是否为有效且未吊销的节点凭据；若遗失请联系管理节点(K)重新签发"}
[2026-10-03 07:56:25] ⚠️ 连续失败超限 → 继续但标记告警
[2026-10-03 07:56:30] ❌ beat fail (761/30): HTTP 403: {"error": "credential rejected", "reason": "credential_revoked", "fix": "检查 X-FSTDD-Token 是否为有效且未吊销的节点凭据；若遗失请联系管理节点(K)重新签发"}
[2026-10-03 07:56:30] ⚠️ 连续失败超限 → 继续但标记告警
[2026-10-03 07:56:39] ❌ beat fail (656/30): HTTP 403: {"error": "credential rejected", "reason": "credential_revoked", "fix": "检查 X-FSTDD-Token 是否为有效且未吊销的节点凭据；若遗失请联系管理节点(K)重新签发"}
[2026-10-03 07:56:39] ⚠️ 连续失败超限 → 继续但标记告警
[2026-10-03 07:56:40] ✅ beat ok: node_id=FSTDD003 last_seen=1790985400.5138037
[2026-10-03 07:57:25] ❌ beat fail (394/30): HTTP 403: {"error": "credential rejected", "reason": "credential_revoked", "fix": "检查 X-FSTDD-Token 是否为有效且未吊销的节点凭据；若遗失请联系管理节点(K)重新签发"}
[2026-10-03 07:57:25] ⚠️ 连续失败超限 → 继续但标记告警
[2026-10-03 07:57:31] ❌ beat fail (762/30): HTTP 403: {"error": "credential rejected", "reason": "credential_revoked", "fix": "检查 X-FSTDD-Token 是否为有效且未吊销的节点凭据；若遗失请联系管理节点(K)重新签发"}
[2026-10-03 07:57:31] ⚠️ 连续失败超限 → 继续但标记告警
[2026-10-03 07:57:39] ❌ beat fail (657/30): HTTP 403: {"error": "credential rejected", "reason": "credential_revoked", "fix": "检查 X-FSTDD-Token 是否为有效且未吊销的节点凭据；若遗失请联系管理节点(K)重新签发"}
[2026-10-03 07:57:39] ⚠️ 连续失败超限 → 继续但标记告警
[2026-10-03 07:57:41] ✅ beat ok: node_id=FSTDD003 last_seen=1790985461.5316792
[2026-10-03 07:58:26] ❌ beat fail (395/30): HTTP 403: {"error": "credential rejected", "reason": "credential_revoked", "fix": "检查 X-FSTDD-Token 是否为有效且未吊销的节点凭据；若遗失请联系管理节点(K)重新签发"}
[2026-10-03 07:58:26] ⚠️ 连续失败超限 → 继续但标记告警
[2026-10-03 07:58:33] ❌ beat fail (763/30): HTTP 403: {"error": "credential rejected", "reason": "credential_revoked", "fix": "检查 X-FSTDD-Token 是否为有效且未吊销的节点凭据；若遗失请联系管理节点(K)重新签发"}
[2026-10-03 07:58:33] ⚠️ 连续失败超限 → 继续但标记告警
[2026-10-03 07:58:41] ❌ beat fail (658/30): HTTP 403: {"error": "credential rejected", "reason": "credential_revoked", "fix": "检查 X-FSTDD-Token 是否为有效且未吊销的节点凭据；若遗失请联系管理节点(K)重新签发"}
[2026-10-03 07:58:41] ⚠️ 连续失败超限 → 继续但标记告警
[2026-10-03 07:58:42] ✅ beat ok: node_id=FSTDD003 last_seen=1790985522.2397575
[2026-10-03 07:59:27] ❌ beat fail (396/30): HTTP 403: {"error": "credential rejected", "reason": "credential_revoked", "fix": "检查 X-FSTDD-Token 是否为有效且未吊销的节点凭据；若遗失请联系管理节点(K)重新签发"}
[2026-10-03 07:59:27] ⚠️ 连续失败超限 → 继续但标记告警
[2026-10-03 07:59:34] ❌ beat fail (764/30): HTTP 403: {"error": "credential rejected", "reason": "credential_revoked", "fix": "检查 X-FSTDD-Token 是否为有效且未吊销的节点凭据；若遗失请联系管理节点(K)重新签发"}
[2026-10-03 07:59:34] ⚠️ 连续失败超限 → 继续但标记告警
[2026-10-03 07:59:42] ❌ beat fail (659/30): HTTP 403: {"error": "credential rejected", "reason": "credential_revoked", "fix": "检查 X-FSTDD-Token 是否为有效且未吊销的节点凭据；若遗失请联系管理节点(K)重新签发"}
[2026-10-03 07:59:42] ⚠️ 连续失败超限 → 继续但标记告警
[2026-10-03 07:59:43] ✅ beat ok: node_id=FSTDD003 last_seen=1790985583.3123312
[2026-10-03 08:00:27] ❌ beat fail (397/30): HTTP 403: {"error": "credential rejected", "reason": "credential_revoked", "fix": "检查 X-FSTDD-Token 是否为有效且未吊销的节点凭据；若遗失请联系管理节点(K)重新签发"}
[2026-10-03 08:00:28] ⚠️ 连续失败超限 → 继续但标记告警
[2026-10-03 08:00:34] ❌ beat fail (765/30): HTTP 403: {"error": "credential rejected", "reason": "credential_revoked", "fix": "检查 X-FSTDD-Token 是否为有效且未吊销的节点凭据；若遗失请联系管理节点(K)重新签发"}
[2026-10-03 08:00:34] ⚠️ 连续失败超限 → 继续但标记告警
[2026-10-03 08:00:43] ❌ beat fail (660/30): HTTP 403: {"error": "credential rejected", "reason": "credential_revoked", "fix": "检查 X-FSTDD-Token 是否为有效且未吊销的节点凭据；若遗失请联系管理节点(K)重新签发"}
[2026-10-03 08:00:43] ⚠️ 连续失败超限 → 继续但标记告警
[2026-10-03 08:00:44] ✅ beat ok: node_id=FSTDD003 last_seen=1790985644.0160284
[2026-10-03 08:01:29] ❌ beat fail (398/30): HTTP 403: {"error": "credential rejected", "reason": "credential_revoked", "fix": "检查 X-FSTDD-Token 是否为有效且未吊销的节点凭据；若遗失请联系管理节点(K)重新签发"}
[2026-10-03 08:01:29] ⚠️ 连续失败超限 → 继续但标记告警
[2026-10-03 08:01:35] ❌ beat fail (766/30): HTTP 403: {"error": "credential rejected", "reason": "credential_revoked", "fix": "检查 X-FSTDD-Token 是否为有效且未吊销的节点凭据；若遗失请联系管理节点(K)重新签发"}
[2026-10-03 08:01:35] ⚠️ 连续失败超限 → 继续但标记告警
[2026-10-03 08:01:44] ❌ beat fail (661/30): HTTP 403: {"error": "credential rejected", "reason": "credential_revoked", "fix": "检查 X-FSTDD-Token 是否为有效且未吊销的节点凭据；若遗失请联系管理节点(K)重新签发"}
[2026-10-03 08:01:44] ⚠️ 连续失败超限 → 继续但标记告警
[2026-10-03 08:01:45] ✅ beat ok: node_id=FSTDD003 last_seen=1790985705.4633377
[2026-10-03 08:02:30] ❌ beat fail (399/30): HTTP 403: {"error": "credential rejected", "reason": "credential_revoked", "fix": "检查 X-FSTDD-Token 是否为有效且未吊销的节点凭据；若遗失请联系管理节点(K)重新签发"}
[2026-10-03 08:02:30] ⚠️ 连续失败超限 → 继续但标记告警
[2026-10-03 08:02:36] ❌ beat fail (767/30): HTTP 403: {"error": "credential rejected", "reason": "credential_revoked", "fix": "检查 X-FSTDD-Token 是否为有效且未吊销的节点凭据；若遗失请联系管理节点(K)重新签发"}
[2026-10-03 08:02:36] ⚠️ 连续失败超限 → 继续但标记告警
[2026-10-03 08:02:44] ❌ beat fail (662/30): HTTP 403: {"error": "credential rejected", "reason": "credential_revoked", "fix": "检查 X-FSTDD-Token 是否为有效且未吊销的节点凭据；若遗失请联系管理节点(K)重新签发"}
[2026-10-03 08:02:44] ⚠️ 连续失败超限 → 继续但标记告警
[2026-10-03 08:02:46] ✅ beat ok: node_id=FSTDD003 last_seen=1790985766.5353427
[2026-10-03 08:03:31] ❌ beat fail (400/30): HTTP 403: {"error": "credential rejected", "reason": "credential_revoked", "fix": "检查 X-FSTDD-Token 是否为有效且未吊销的节点凭据；若遗失请联系管理节点(K)重新签发"}
[2026-10-03 08:03:31] ⚠️ 连续失败超限 → 继续但标记告警
[2026-10-03 08:03:37] ❌ beat fail (768/30): HTTP 403: {"error": "credential rejected", "reason": "credential_revoked", "fix": "检查 X-FSTDD-Token 是否为有效且未吊销的节点凭据；若遗失请联系管理节点(K)重新签发"}
[2026-10-03 08:03:37] ⚠️ 连续失败超限 → 继续但标记告警
[2026-10-03 08:03:45] ❌ beat fail (663/30): HTTP 403: {"error": "credential rejected", "reason": "credential_revoked", "fix": "检查 X-FSTDD-Token 是否为有效且未吊销的节点凭据；若遗失请联系管理节点(K)重新签发"}
[2026-10-03 08:03:45] ⚠️ 连续失败超限 → 继续但标记告警
[2026-10-03 08:03:47] ✅ beat ok: node_id=FSTDD003 last_seen=1790985827.2212152
[2026-10-03 08:04:32] ❌ beat fail (401/30): HTTP 403: {"error": "credential rejected", "reason": "credential_revoked", "fix": "检查 X-FSTDD-Token 是否为有效且未吊销的节点凭据；若遗失请联系管理节点(K)重新签发"}
[2026-10-03 08:04:32] ⚠️ 连续失败超限 → 继续但标记告警
[2026-10-03 08:04:38] ❌ beat fail (769/30): HTTP 403: {"error": "credential rejected", "reason": "credential_revoked", "fix": "检查 X-FSTDD-Token 是否为有效且未吊销的节点凭据；若遗失请联系管理节点(K)重新签发"}
[2026-10-03 08:04:38] ⚠️ 连续失败超限 → 继续但标记告警
[2026-10-03 08:04:46] ❌ beat fail (664/30): HTTP 403: {"error": "credential rejected", "reason": "credential_revoked", "fix": "检查 X-FSTDD-Token 是否为有效且未吊销的节点凭据；若遗失请联系管理节点(K)重新签发"}
[2026-10-03 08:04:46] ⚠️ 连续失败超限 → 继续但标记告警
[2026-10-03 08:04:47] ✅ beat ok: node_id=FSTDD003 last_seen=1790985887.9073765
[2026-10-03 08:05:32] ❌ beat fail (402/30): HTTP 403: {"error": "credential rejected", "reason": "credential_revoked", "fix": "检查 X-FSTDD-Token 是否为有效且未吊销的节点凭据；若遗失请联系管理节点(K)重新签发"}
[2026-10-03 08:05:32] ⚠️ 连续失败超限 → 继续但标记告警
[2026-10-03 08:05:39] ❌ beat fail (770/30): HTTP 403: {"error": "credential rejected", "reason": "credential_revoked", "fix": "检查 X-FSTDD-Token 是否为有效且未吊销的节点凭据；若遗失请联系管理节点(K)重新签发"}
[2026-10-03 08:05:39] ⚠️ 连续失败超限 → 继续但标记告警
[2026-10-03 08:05:47] ❌ beat fail (665/30): HTTP 403: {"error": "credential rejected", "reason": "credential_revoked", "fix": "检查 X-FSTDD-Token 是否为有效且未吊销的节点凭据；若遗失请联系管理节点(K)重新签发"}
[2026-10-03 08:05:47] ⚠️ 连续失败超限 → 继续但标记告警
[2026-10-03 08:05:48] ✅ beat ok: node_id=FSTDD003 last_seen=1790985948.93192
[2026-10-03 08:06:33] ❌ beat fail (403/30): HTTP 403: {"error": "credential rejected", "reason": "credential_revoked", "fix": "检查 X-FSTDD-Token 是否为有效且未吊销的节点凭据；若遗失请联系管理节点(K)重新签发"}
[2026-10-03 08:06:33] ⚠️ 连续失败超限 → 继续但标记告警
[2026-10-03 08:06:40] ❌ beat fail (771/30): HTTP 403: {"error": "credential rejected", "reason": "credential_revoked", "fix": "检查 X-FSTDD-Token 是否为有效且未吊销的节点凭据；若遗失请联系管理节点(K)重新签发"}
[2026-10-03 08:06:40] ⚠️ 连续失败超限 → 继续但标记告警
[2026-10-03 08:06:48] ❌ beat fail (666/30): HTTP 403: {"error": "credential rejected", "reason": "credential_revoked", "fix": "检查 X-FSTDD-Token 是否为有效且未吊销的节点凭据；若遗失请联系管理节点(K)重新签发"}
[2026-10-03 08:06:48] ⚠️ 连续失败超限 → 继续但标记告警
[2026-10-03 08:06:49] ✅ beat ok: node_id=FSTDD003 last_seen=1790986010.0062835
[2026-10-03 08:07:34] ❌ beat fail (404/30): HTTP 403: {"error": "credential rejected", "reason": "credential_revoked", "fix": "检查 X-FSTDD-Token 是否为有效且未吊销的节点凭据；若遗失请联系管理节点(K)重新签发"}
[2026-10-03 08:07:34] ⚠️ 连续失败超限 → 继续但标记告警
[2026-10-03 08:07:41] ❌ beat fail (772/30): HTTP 403: {"error": "credential rejected", "reason": "credential_revoked", "fix": "检查 X-FSTDD-Token 是否为有效且未吊销的节点凭据；若遗失请联系管理节点(K)重新签发"}
[2026-10-03 08:07:41] ⚠️ 连续失败超限 → 继续但标记告警
[2026-10-03 08:07:50] ❌ beat fail (667/30): HTTP 403: {"error": "credential rejected", "reason": "credential_revoked", "fix": "检查 X-FSTDD-Token 是否为有效且未吊销的节点凭据；若遗失请联系管理节点(K)重新签发"}
[2026-10-03 08:07:50] ⚠️ 连续失败超限 → 继续但标记告警
[2026-10-03 08:07:51] ✅ beat ok: node_id=FSTDD003 last_seen=1790986070.8999386
[2026-10-03 08:08:35] ❌ beat fail (405/30): HTTP 403: {"error": "credential rejected", "reason": "credential_revoked", "fix": "检查 X-FSTDD-Token 是否为有效且未吊销的节点凭据；若遗失请联系管理节点(K)重新签发"}
[2026-10-03 08:08:35] ⚠️ 连续失败超限 → 继续但标记告警
[2026-10-03 08:08:42] ❌ beat fail (773/30): HTTP 403: {"error": "credential rejected", "reason": "credential_revoked", "fix": "检查 X-FSTDD-Token 是否为有效且未吊销的节点凭据；若遗失请联系管理节点(K)重新签发"}
[2026-10-03 08:08:42] ⚠️ 连续失败超限 → 继续但标记告警
[2026-10-03 08:08:50] ❌ beat fail (668/30): HTTP 403: {"error": "credential rejected", "reason": "credential_revoked", "fix": "检查 X-FSTDD-Token 是否为有效且未吊销的节点凭据；若遗失请联系管理节点(K)重新签发"}
[2026-10-03 08:08:50] ⚠️ 连续失败超限 → 继续但标记告警
[2026-10-03 08:08:52] ✅ beat ok: node_id=FSTDD003 last_seen=1790986132.305654
[2026-10-03 08:09:36] ❌ beat fail (406/30): HTTP 403: {"error": "credential rejected", "reason": "credential_revoked", "fix": "检查 X-FSTDD-Token 是否为有效且未吊销的节点凭据；若遗失请联系管理节点(K)重新签发"}
[2026-10-03 08:09:36] ⚠️ 连续失败超限 → 继续但标记告警
[2026-10-03 08:09:43] ❌ beat fail (774/30): HTTP 403: {"error": "credential rejected", "reason": "credential_revoked", "fix": "检查 X-FSTDD-Token 是否为有效且未吊销的节点凭据；若遗失请联系管理节点(K)重新签发"}
[2026-10-03 08:09:43] ⚠️ 连续失败超限 → 继续但标记告警
[2026-10-03 08:09:51] ❌ beat fail (669/30): HTTP 403: {"error": "credential rejected", "reason": "credential_revoked", "fix": "检查 X-FSTDD-Token 是否为有效且未吊销的节点凭据；若遗失请联系管理节点(K)重新签发"}
[2026-10-03 08:09:51] ⚠️ 连续失败超限 → 继续但标记告警
[2026-10-03 08:09:53] ✅ beat ok: node_id=FSTDD003 last_seen=1790986193.423109
[2026-10-03 08:10:37] ❌ beat fail (407/30): HTTP 403: {"error": "credential rejected", "reason": "credential_revoked", "fix": "检查 X-FSTDD-Token 是否为有效且未吊销的节点凭据；若遗失请联系管理节点(K)重新签发"}
[2026-10-03 08:10:37] ⚠️ 连续失败超限 → 继续但标记告警
[2026-10-03 08:10:43] ❌ beat fail (775/30): HTTP 403: {"error": "credential rejected", "reason": "credential_revoked", "fix": "检查 X-FSTDD-Token 是否为有效且未吊销的节点凭据；若遗失请联系管理节点(K)重新签发"}
[2026-10-03 08:10:43] ⚠️ 连续失败超限 → 继续但标记告警
[2026-10-03 08:10:52] ❌ beat fail (670/30): HTTP 403: {"error": "credential rejected", "reason": "credential_revoked", "fix": "检查 X-FSTDD-Token 是否为有效且未吊销的节点凭据；若遗失请联系管理节点(K)重新签发"}
[2026-10-03 08:10:52] ⚠️ 连续失败超限 → 继续但标记告警
[2026-10-03 08:10:53] ✅ beat ok: node_id=FSTDD003 last_seen=1790986254.111362
[2026-10-03 08:11:37] ❌ beat fail (408/30): HTTP 403: {"error": "credential rejected", "reason": "credential_revoked", "fix": "检查 X-FSTDD-Token 是否为有效且未吊销的节点凭据；若遗失请联系管理节点(K)重新签发"}
[2026-10-03 08:11:37] ⚠️ 连续失败超限 → 继续但标记告警
[2026-10-03 08:11:45] ❌ beat fail (776/30): HTTP 403: {"error": "credential rejected", "reason": "credential_revoked", "fix": "检查 X-FSTDD-Token 是否为有效且未吊销的节点凭据；若遗失请联系管理节点(K)重新签发"}
[2026-10-03 08:11:45] ⚠️ 连续失败超限 → 继续但标记告警
[2026-10-03 08:11:53] ❌ beat fail (671/30): HTTP 403: {"error": "credential rejected", "reason": "credential_revoked", "fix": "检查 X-FSTDD-Token 是否为有效且未吊销的节点凭据；若遗失请联系管理节点(K)重新签发"}
[2026-10-03 08:11:53] ⚠️ 连续失败超限 → 继续但标记告警
[2026-10-03 08:11:54] ✅ beat ok: node_id=FSTDD003 last_seen=1790986314.795652
[2026-10-03 08:12:38] ❌ beat fail (409/30): HTTP 403: {"error": "credential rejected", "reason": "credential_revoked", "fix": "检查 X-FSTDD-Token 是否为有效且未吊销的节点凭据；若遗失请联系管理节点(K)重新签发"}
[2026-10-03 08:12:38] ⚠️ 连续失败超限 → 继续但标记告警
[2026-10-03 08:12:46] ❌ beat fail (777/30): HTTP 403: {"error": "credential rejected", "reason": "credential_revoked", "fix": "检查 X-FSTDD-Token 是否为有效且未吊销的节点凭据；若遗失请联系管理节点(K)重新签发"}
[2026-10-03 08:12:46] ⚠️ 连续失败超限 → 继续但标记告警
[2026-10-03 08:12:54] ❌ beat fail (672/30): HTTP 403: {"error": "credential rejected", "reason": "credential_revoked", "fix": "检查 X-FSTDD-Token 是否为有效且未吊销的节点凭据；若遗失请联系管理节点(K)重新签发"}
[2026-10-03 08:12:54] ⚠️ 连续失败超限 → 继续但标记告警
[2026-10-03 08:12:55] ✅ beat ok: node_id=FSTDD003 last_seen=1790986375.4817953
[2026-10-03 08:13:39] ❌ beat fail (410/30): HTTP 403: {"error": "credential rejected", "reason": "credential_revoked", "fix": "检查 X-FSTDD-Token 是否为有效且未吊销的节点凭据；若遗失请联系管理节点(K)重新签发"}
[2026-10-03 08:13:39] ⚠️ 连续失败超限 → 继续但标记告警
[2026-10-03 08:13:47] ❌ beat fail (778/30): HTTP 403: {"error": "credential rejected", "reason": "credential_revoked", "fix": "检查 X-FSTDD-Token 是否为有效且未吊销的节点凭据；若遗失请联系管理节点(K)重新签发"}
[2026-10-03 08:13:47] ⚠️ 连续失败超限 → 继续但标记告警
[2026-10-03 08:13:55] ❌ beat fail (673/30): HTTP 403: {"error": "credential rejected", "reason": "credential_revoked", "fix": "检查 X-FSTDD-Token 是否为有效且未吊销的节点凭据；若遗失请联系管理节点(K)重新签发"}
[2026-10-03 08:13:55] ⚠️ 连续失败超限 → 继续但标记告警
[2026-10-03 08:13:56] ✅ beat ok: node_id=FSTDD003 last_seen=1790986436.5336523
[2026-10-03 08:14:40] ❌ beat fail (411/30): HTTP 403: {"error": "credential rejected", "reason": "credential_revoked", "fix": "检查 X-FSTDD-Token 是否为有效且未吊销的节点凭据；若遗失请联系管理节点(K)重新签发"}
[2026-10-03 08:14:40] ⚠️ 连续失败超限 → 继续但标记告警
[2026-10-03 08:14:48] ❌ beat fail (779/30): HTTP 403: {"error": "credential rejected", "reason": "credential_revoked", "fix": "检查 X-FSTDD-Token 是否为有效且未吊销的节点凭据；若遗失请联系管理节点(K)重新签发"}
[2026-10-03 08:14:48] ⚠️ 连续失败超限 → 继续但标记告警
[2026-10-03 08:14:56] ❌ beat fail (674/30): HTTP 403: {"error": "credential rejected", "reason": "credential_revoked", "fix": "检查 X-FSTDD-Token 是否为有效且未吊销的节点凭据；若遗失请联系管理节点(K)重新签发"}
[2026-10-03 08:14:56] ⚠️ 连续失败超限 → 继续但标记告警
[2026-10-03 08:14:57] ✅ beat ok: node_id=FSTDD003 last_seen=1790986497.2204747
[2026-10-03 08:15:41] ❌ beat fail (412/30): HTTP 403: {"error": "credential rejected", "reason": "credential_revoked", "fix": "检查 X-FSTDD-Token 是否为有效且未吊销的节点凭据；若遗失请联系管理节点(K)重新签发"}
[2026-10-03 08:15:41] ⚠️ 连续失败超限 → 继续但标记告警
[2026-10-03 08:15:48] ❌ beat fail (780/30): HTTP 403: {"error": "credential rejected", "reason": "credential_revoked", "fix": "检查 X-FSTDD-Token 是否为有效且未吊销的节点凭据；若遗失请联系管理节点(K)重新签发"}
[2026-10-03 08:15:48] ⚠️ 连续失败超限 → 继续但标记告警
[2026-10-03 08:15:57] ❌ beat fail (675/30): HTTP 403: {"error": "credential rejected", "reason": "credential_revoked", "fix": "检查 X-FSTDD-Token 是否为有效且未吊销的节点凭据；若遗失请联系管理节点(K)重新签发"}
[2026-10-03 08:15:57] ⚠️ 连续失败超限 → 继续但标记告警
[2026-10-03 08:15:58] ✅ beat ok: node_id=FSTDD003 last_seen=1790986558.6226623
[2026-10-03 08:16:42] ❌ beat fail (413/30): HTTP 403: {"error": "credential rejected", "reason": "credential_revoked", "fix": "检查 X-FSTDD-Token 是否为有效且未吊销的节点凭据；若遗失请联系管理节点(K)重新签发"}
[2026-10-03 08:16:42] ⚠️ 连续失败超限 → 继续但标记告警
[2026-10-03 08:16:49] ❌ beat fail (781/30): HTTP 403: {"error": "credential rejected", "reason": "credential_revoked", "fix": "检查 X-FSTDD-Token 是否为有效且未吊销的节点凭据；若遗失请联系管理节点(K)重新签发"}
[2026-10-03 08:16:49] ⚠️ 连续失败超限 → 继续但标记告警
[2026-10-03 08:16:58] ❌ beat fail (676/30): HTTP 403: {"error": "credential rejected", "reason": "credential_revoked", "fix": "检查 X-FSTDD-Token 是否为有效且未吊销的节点凭据；若遗失请联系管理节点(K)重新签发"}
[2026-10-03 08:16:58] ⚠️ 连续失败超限 → 继续但标记告警
[2026-10-03 08:16:59] ✅ beat ok: node_id=FSTDD003 last_seen=1790986619.308408
[2026-10-03 08:17:43] ❌ beat fail (414/30): HTTP 403: {"error": "credential rejected", "reason": "credential_revoked", "fix": "检查 X-FSTDD-Token 是否为有效且未吊销的节点凭据；若遗失请联系管理节点(K)重新签发"}
[2026-10-03 08:17:43] ⚠️ 连续失败超限 → 继续但标记告警
[2026-10-03 08:17:50] ❌ beat fail (782/30): HTTP 403: {"error": "credential rejected", "reason": "credential_revoked", "fix": "检查 X-FSTDD-Token 是否为有效且未吊销的节点凭据；若遗失请联系管理节点(K)重新签发"}
[2026-10-03 08:17:50] ⚠️ 连续失败超限 → 继续但标记告警
[2026-10-03 08:17:59] ❌ beat fail (677/30): HTTP 403: {"error": "credential rejected", "reason": "credential_revoked", "fix": "检查 X-FSTDD-Token 是否为有效且未吊销的节点凭据；若遗失请联系管理节点(K)重新签发"}
[2026-10-03 08:17:59] ⚠️ 连续失败超限 → 继续但标记告警
[2026-10-03 08:18:00] ✅ beat ok: node_id=FSTDD003 last_seen=1790986680.041535
[2026-10-03 08:18:44] ❌ beat fail (415/30): HTTP 403: {"error": "credential rejected", "reason": "credential_revoked", "fix": "检查 X-FSTDD-Token 是否为有效且未吊销的节点凭据；若遗失请联系管理节点(K)重新签发"}
[2026-10-03 08:18:44] ⚠️ 连续失败超限 → 继续但标记告警
[2026-10-03 08:18:51] ❌ beat fail (783/30): HTTP 403: {"error": "credential rejected", "reason": "credential_revoked", "fix": "检查 X-FSTDD-Token 是否为有效且未吊销的节点凭据；若遗失请联系管理节点(K)重新签发"}
[2026-10-03 08:18:51] ⚠️ 连续失败超限 → 继续但标记告警
[2026-10-03 08:18:59] ❌ beat fail (678/30): HTTP 403: {"error": "credential rejected", "reason": "credential_revoked", "fix": "检查 X-FSTDD-Token 是否为有效且未吊销的节点凭据；若遗失请联系管理节点(K)重新签发"}
[2026-10-03 08:18:59] ⚠️ 连续失败超限 → 继续但标记告警
[2026-10-03 08:19:01] ✅ beat ok: node_id=FSTDD003 last_seen=1790986741.447813
[2026-10-03 08:19:45] ❌ beat fail (416/30): HTTP 403: {"error": "credential rejected", "reason": "credential_revoked", "fix": "检查 X-FSTDD-Token 是否为有效且未吊销的节点凭据；若遗失请联系管理节点(K)重新签发"}
[2026-10-03 08:19:45] ⚠️ 连续失败超限 → 继续但标记告警
[2026-10-03 08:19:52] ❌ beat fail (784/30): HTTP 403: {"error": "credential rejected", "reason": "credential_revoked", "fix": "检查 X-FSTDD-Token 是否为有效且未吊销的节点凭据；若遗失请联系管理节点(K)重新签发"}
[2026-10-03 08:19:52] ⚠️ 连续失败超限 → 继续但标记告警
[2026-10-03 08:20:00] ❌ beat fail (679/30): HTTP 403: {"error": "credential rejected", "reason": "credential_revoked", "fix": "检查 X-FSTDD-Token 是否为有效且未吊销的节点凭据；若遗失请联系管理节点(K)重新签发"}
[2026-10-03 08:20:00] ⚠️ 连续失败超限 → 继续但标记告警
[2026-10-03 08:20:02] ✅ beat ok: node_id=FSTDD003 last_seen=1790986802.202759
[2026-10-03 08:20:46] ❌ beat fail (417/30): HTTP 403: {"error": "credential rejected", "reason": "credential_revoked", "fix": "检查 X-FSTDD-Token 是否为有效且未吊销的节点凭据；若遗失请联系管理节点(K)重新签发"}
[2026-10-03 08:20:46] ⚠️ 连续失败超限 → 继续但标记告警
[2026-10-03 08:20:53] ❌ beat fail (785/30): HTTP 403: {"error": "credential rejected", "reason": "credential_revoked", "fix": "检查 X-FSTDD-Token 是否为有效且未吊销的节点凭据；若遗失请联系管理节点(K)重新签发"}
[2026-10-03 08:20:53] ⚠️ 连续失败超限 → 继续但标记告警
[2026-10-03 08:21:01] ❌ beat fail (680/30): HTTP 403: {"error": "credential rejected", "reason": "credential_revoked", "fix": "检查 X-FSTDD-Token 是否为有效且未吊销的节点凭据；若遗失请联系管理节点(K)重新签发"}
[2026-10-03 08:21:01] ⚠️ 连续失败超限 → 继续但标记告警
[2026-10-03 08:21:03] ✅ beat ok: node_id=FSTDD003 last_seen=1790986863.2736084
[2026-10-03 08:21:47] ❌ beat fail (418/30): HTTP 403: {"error": "credential rejected", "reason": "credential_revoked", "fix": "检查 X-FSTDD-Token 是否为有效且未吊销的节点凭据；若遗失请联系管理节点(K)重新签发"}
[2026-10-03 08:21:47] ⚠️ 连续失败超限 → 继续但标记告警
[2026-10-03 08:21:54] ❌ beat fail (786/30): HTTP 403: {"error": "credential rejected", "reason": "credential_revoked", "fix": "检查 X-FSTDD-Token 是否为有效且未吊销的节点凭据；若遗失请联系管理节点(K)重新签发"}
[2026-10-03 08:21:54] ⚠️ 连续失败超限 → 继续但标记告警
[2026-10-03 08:22:02] ❌ beat fail (681/30): HTTP 403: {"error": "credential rejected", "reason": "credential_revoked", "fix": "检查 X-FSTDD-Token 是否为有效且未吊销的节点凭据；若遗失请联系管理节点(K)重新签发"}
[2026-10-03 08:22:02] ⚠️ 连续失败超限 → 继续但标记告警
[2026-10-03 08:22:04] ✅ beat ok: node_id=FSTDD003 last_seen=1790986924.3392751
[2026-10-03 08:22:48] ❌ beat fail (419/30): HTTP 403: {"error": "credential rejected", "reason": "credential_revoked", "fix": "检查 X-FSTDD-Token 是否为有效且未吊销的节点凭据；若遗失请联系管理节点(K)重新签发"}
[2026-10-03 08:22:48] ⚠️ 连续失败超限 → 继续但标记告警
[2026-10-03 08:22:55] ❌ beat fail (787/30): HTTP 403: {"error": "credential rejected", "reason": "credential_revoked", "fix": "检查 X-FSTDD-Token 是否为有效且未吊销的节点凭据；若遗失请联系管理节点(K)重新签发"}
[2026-10-03 08:22:55] ⚠️ 连续失败超限 → 继续但标记告警
[2026-10-03 08:23:03] ❌ beat fail (682/30): HTTP 403: {"error": "credential rejected", "reason": "credential_revoked", "fix": "检查 X-FSTDD-Token 是否为有效且未吊销的节点凭据；若遗失请联系管理节点(K)重新签发"}
[2026-10-03 08:23:03] ⚠️ 连续失败超限 → 继续但标记告警
[2026-10-03 08:23:04] ✅ beat ok: node_id=FSTDD003 last_seen=1790986985.0245206
[2026-10-03 08:23:49] ❌ beat fail (420/30): HTTP 403: {"error": "credential rejected", "reason": "credential_revoked", "fix": "检查 X-FSTDD-Token 是否为有效且未吊销的节点凭据；若遗失请联系管理节点(K)重新签发"}
[2026-10-03 08:23:49] ⚠️ 连续失败超限 → 继续但标记告警
[2026-10-03 08:23:56] ❌ beat fail (788/30): HTTP 403: {"error": "credential rejected", "reason": "credential_revoked", "fix": "检查 X-FSTDD-Token 是否为有效且未吊销的节点凭据；若遗失请联系管理节点(K)重新签发"}
[2026-10-03 08:23:56] ⚠️ 连续失败超限 → 继续但标记告警
[2026-10-03 08:24:04] ❌ beat fail (683/30): HTTP 403: {"error": "credential rejected", "reason": "credential_revoked", "fix": "检查 X-FSTDD-Token 是否为有效且未吊销的节点凭据；若遗失请联系管理节点(K)重新签发"}
[2026-10-03 08:24:04] ⚠️ 连续失败超限 → 继续但标记告警
[2026-10-03 08:24:05] ✅ beat ok: node_id=FSTDD003 last_seen=1790987045.711391
[2026-10-03 08:24:50] ❌ beat fail (421/30): HTTP 403: {"error": "credential rejected", "reason": "credential_revoked", "fix": "检查 X-FSTDD-Token 是否为有效且未吊销的节点凭据；若遗失请联系管理节点(K)重新签发"}
[2026-10-03 08:24:50] ⚠️ 连续失败超限 → 继续但标记告警
[2026-10-03 08:24:57] ❌ beat fail (789/30): HTTP 403: {"error": "credential rejected", "reason": "credential_revoked", "fix": "检查 X-FSTDD-Token 是否为有效且未吊销的节点凭据；若遗失请联系管理节点(K)重新签发"}
[2026-10-03 08:24:57] ⚠️ 连续失败超限 → 继续但标记告警
[2026-10-03 08:25:05] ❌ beat fail (684/30): HTTP 403: {"error": "credential rejected", "reason": "credential_revoked", "fix": "检查 X-FSTDD-Token 是否为有效且未吊销的节点凭据；若遗失请联系管理节点(K)重新签发"}
[2026-10-03 08:25:05] ⚠️ 连续失败超限 → 继续但标记告警
[2026-10-03 08:25:06] ✅ beat ok: node_id=FSTDD003 last_seen=1790987106.7879257
[2026-10-03 08:25:51] ❌ beat fail (422/30): HTTP 403: {"error": "credential rejected", "reason": "credential_revoked", "fix": "检查 X-FSTDD-Token 是否为有效且未吊销的节点凭据；若遗失请联系管理节点(K)重新签发"}
[2026-10-03 08:25:51] ⚠️ 连续失败超限 → 继续但标记告警
[2026-10-03 08:25:58] ❌ beat fail (790/30): HTTP 403: {"error": "credential rejected", "reason": "credential_revoked", "fix": "检查 X-FSTDD-Token 是否为有效且未吊销的节点凭据；若遗失请联系管理节点(K)重新签发"}
[2026-10-03 08:25:58] ⚠️ 连续失败超限 → 继续但标记告警
[2026-10-03 08:26:05] ❌ beat fail (685/30): HTTP 403: {"error": "credential rejected", "reason": "credential_revoked", "fix": "检查 X-FSTDD-Token 是否为有效且未吊销的节点凭据；若遗失请联系管理节点(K)重新签发"}
[2026-10-03 08:26:05] ⚠️ 连续失败超限 → 继续但标记告警
[2026-10-03 08:26:07] ✅ beat ok: node_id=FSTDD003 last_seen=1790987167.865497
[2026-10-03 08:26:52] ❌ beat fail (423/30): HTTP 403: {"error": "credential rejected", "reason": "credential_revoked", "fix": "检查 X-FSTDD-Token 是否为有效且未吊销的节点凭据；若遗失请联系管理节点(K)重新签发"}
[2026-10-03 08:26:52] ⚠️ 连续失败超限 → 继续但标记告警
[2026-10-03 08:26:59] ❌ beat fail (791/30): HTTP 403: {"error": "credential rejected", "reason": "credential_revoked", "fix": "检查 X-FSTDD-Token 是否为有效且未吊销的节点凭据；若遗失请联系管理节点(K)重新签发"}
[2026-10-03 08:26:59] ⚠️ 连续失败超限 → 继续但标记告警
[2026-10-03 08:27:06] ❌ beat fail (686/30): HTTP 403: {"error": "credential rejected", "reason": "credential_revoked", "fix": "检查 X-FSTDD-Token 是否为有效且未吊销的节点凭据；若遗失请联系管理节点(K)重新签发"}
[2026-10-03 08:27:06] ⚠️ 连续失败超限 → 继续但标记告警
[2026-10-03 08:27:08] ✅ beat ok: node_id=FSTDD003 last_seen=1790987228.5534208
[2026-10-03 08:27:52] ❌ beat fail (424/30): HTTP 403: {"error": "credential rejected", "reason": "credential_revoked", "fix": "检查 X-FSTDD-Token 是否为有效且未吊销的节点凭据；若遗失请联系管理节点(K)重新签发"}
[2026-10-03 08:27:52] ⚠️ 连续失败超限 → 继续但标记告警
[2026-10-03 08:28:00] ❌ beat fail (792/30): HTTP 403: {"error": "credential rejected", "reason": "credential_revoked", "fix": "检查 X-FSTDD-Token 是否为有效且未吊销的节点凭据；若遗失请联系管理节点(K)重新签发"}
[2026-10-03 08:28:00] ⚠️ 连续失败超限 → 继续但标记告警
[2026-10-03 08:28:07] ❌ beat fail (687/30): HTTP 403: {"error": "credential rejected", "reason": "credential_revoked", "fix": "检查 X-FSTDD-Token 是否为有效且未吊销的节点凭据；若遗失请联系管理节点(K)重新签发"}
[2026-10-03 08:28:07] ⚠️ 连续失败超限 → 继续但标记告警
[2026-10-03 08:28:09] ✅ beat ok: node_id=FSTDD003 last_seen=1790987289.2390113
[2026-10-03 08:28:53] ❌ beat fail (425/30): HTTP 403: {"error": "credential rejected", "reason": "credential_revoked", "fix": "检查 X-FSTDD-Token 是否为有效且未吊销的节点凭据；若遗失请联系管理节点(K)重新签发"}
[2026-10-03 08:28:53] ⚠️ 连续失败超限 → 继续但标记告警
[2026-10-03 08:29:01] ❌ beat fail (793/30): HTTP 403: {"error": "credential rejected", "reason": "credential_revoked", "fix": "检查 X-FSTDD-Token 是否为有效且未吊销的节点凭据；若遗失请联系管理节点(K)重新签发"}
[2026-10-03 08:29:01] ⚠️ 连续失败超限 → 继续但标记告警
[2026-10-03 08:29:08] ❌ beat fail (688/30): HTTP 403: {"error": "credential rejected", "reason": "credential_revoked", "fix": "检查 X-FSTDD-Token 是否为有效且未吊销的节点凭据；若遗失请联系管理节点(K)重新签发"}
[2026-10-03 08:29:08] ⚠️ 连续失败超限 → 继续但标记告警
[2026-10-03 08:29:09] ✅ beat ok: node_id=FSTDD003 last_seen=1790987349.927902
[2026-10-03 08:29:54] ❌ beat fail (426/30): HTTP 403: {"error": "credential rejected", "reason": "credential_revoked", "fix": "检查 X-FSTDD-Token 是否为有效且未吊销的节点凭据；若遗失请联系管理节点(K)重新签发"}
[2026-10-03 08:29:54] ⚠️ 连续失败超限 → 继续但标记告警
[2026-10-03 08:30:02] ❌ beat fail (794/30): HTTP 403: {"error": "credential rejected", "reason": "credential_revoked", "fix": "检查 X-FSTDD-Token 是否为有效且未吊销的节点凭据；若遗失请联系管理节点(K)重新签发"}
[2026-10-03 08:30:02] ⚠️ 连续失败超限 → 继续但标记告警
[2026-10-03 08:30:09] ❌ beat fail (689/30): HTTP 403: {"error": "credential rejected", "reason": "credential_revoked", "fix": "检查 X-FSTDD-Token 是否为有效且未吊销的节点凭据；若遗失请联系管理节点(K)重新签发"}
[2026-10-03 08:30:09] ⚠️ 连续失败超限 → 继续但标记告警
[2026-10-03 08:30:10] ✅ beat ok: node_id=FSTDD003 last_seen=1790987410.9604774
[2026-10-03 08:30:55] ❌ beat fail (427/30): HTTP 403: {"error": "credential rejected", "reason": "credential_revoked", "fix": "检查 X-FSTDD-Token 是否为有效且未吊销的节点凭据；若遗失请联系管理节点(K)重新签发"}
[2026-10-03 08:30:55] ⚠️ 连续失败超限 → 继续但标记告警
[2026-10-03 08:31:03] ❌ beat fail (795/30): HTTP 403: {"error": "credential rejected", "reason": "credential_revoked", "fix": "检查 X-FSTDD-Token 是否为有效且未吊销的节点凭据；若遗失请联系管理节点(K)重新签发"}
[2026-10-03 08:31:03] ⚠️ 连续失败超限 → 继续但标记告警
[2026-10-03 08:31:10] ❌ beat fail (690/30): HTTP 403: {"error": "credential rejected", "reason": "credential_revoked", "fix": "检查 X-FSTDD-Token 是否为有效且未吊销的节点凭据；若遗失请联系管理节点(K)重新签发"}
[2026-10-03 08:31:10] ⚠️ 连续失败超限 → 继续但标记告警
[2026-10-03 08:31:11] ✅ beat ok: node_id=FSTDD003 last_seen=1790987471.6468143
[2026-10-03 08:31:55] ❌ beat fail (428/30): HTTP 403: {"error": "credential rejected", "reason": "credential_revoked", "fix": "检查 X-FSTDD-Token 是否为有效且未吊销的节点凭据；若遗失请联系管理节点(K)重新签发"}
[2026-10-03 08:31:55] ⚠️ 连续失败超限 → 继续但标记告警
[2026-10-03 08:32:04] ❌ beat fail (796/30): HTTP 403: {"error": "credential rejected", "reason": "credential_revoked", "fix": "检查 X-FSTDD-Token 是否为有效且未吊销的节点凭据；若遗失请联系管理节点(K)重新签发"}
[2026-10-03 08:32:04] ⚠️ 连续失败超限 → 继续但标记告警
[2026-10-03 08:32:10] ❌ beat fail (691/30): HTTP 403: {"error": "credential rejected", "reason": "credential_revoked", "fix": "检查 X-FSTDD-Token 是否为有效且未吊销的节点凭据；若遗失请联系管理节点(K)重新签发"}
[2026-10-03 08:32:10] ⚠️ 连续失败超限 → 继续但标记告警
[2026-10-03 08:32:12] ✅ beat ok: node_id=FSTDD003 last_seen=1790987532.3323905
[2026-10-03 08:32:57] ❌ beat fail (429/30): HTTP 403: {"error": "credential rejected", "reason": "credential_revoked", "fix": "检查 X-FSTDD-Token 是否为有效且未吊销的节点凭据；若遗失请联系管理节点(K)重新签发"}
[2026-10-03 08:32:57] ⚠️ 连续失败超限 → 继续但标记告警
[2026-10-03 08:33:05] ❌ beat fail (797/30): HTTP 403: {"error": "credential rejected", "reason": "credential_revoked", "fix": "检查 X-FSTDD-Token 是否为有效且未吊销的节点凭据；若遗失请联系管理节点(K)重新签发"}
[2026-10-03 08:33:05] ⚠️ 连续失败超限 → 继续但标记告警
[2026-10-03 08:33:11] ❌ beat fail (692/30): HTTP 403: {"error": "credential rejected", "reason": "credential_revoked", "fix": "检查 X-FSTDD-Token 是否为有效且未吊销的节点凭据；若遗失请联系管理节点(K)重新签发"}
[2026-10-03 08:33:11] ⚠️ 连续失败超限 → 继续但标记告警
[2026-10-03 08:33:13] ✅ beat ok: node_id=FSTDD003 last_seen=1790987593.4101584
[2026-10-03 08:33:58] ❌ beat fail (430/30): HTTP 403: {"error": "credential rejected", "reason": "credential_revoked", "fix": "检查 X-FSTDD-Token 是否为有效且未吊销的节点凭据；若遗失请联系管理节点(K)重新签发"}
[2026-10-03 08:33:58] ⚠️ 连续失败超限 → 继续但标记告警
[2026-10-03 08:34:06] ❌ beat fail (798/30): HTTP 403: {"error": "credential rejected", "reason": "credential_revoked", "fix": "检查 X-FSTDD-Token 是否为有效且未吊销的节点凭据；若遗失请联系管理节点(K)重新签发"}
[2026-10-03 08:34:06] ⚠️ 连续失败超限 → 继续但标记告警
[2026-10-03 08:34:12] ❌ beat fail (693/30): HTTP 403: {"error": "credential rejected", "reason": "credential_revoked", "fix": "检查 X-FSTDD-Token 是否为有效且未吊销的节点凭据；若遗失请联系管理节点(K)重新签发"}
[2026-10-03 08:34:12] ⚠️ 连续失败超限 → 继续但标记告警
[2026-10-03 08:34:13] ✅ beat ok: node_id=FSTDD003 last_seen=1790987654.0958028
[2026-10-03 08:34:58] ❌ beat fail (431/30): HTTP 403: {"error": "credential rejected", "reason": "credential_revoked", "fix": "检查 X-FSTDD-Token 是否为有效且未吊销的节点凭据；若遗失请联系管理节点(K)重新签发"}
[2026-10-03 08:34:58] ⚠️ 连续失败超限 → 继续但标记告警
[2026-10-03 08:35:07] ❌ beat fail (799/30): HTTP 403: {"error": "credential rejected", "reason": "credential_revoked", "fix": "检查 X-FSTDD-Token 是否为有效且未吊销的节点凭据；若遗失请联系管理节点(K)重新签发"}
[2026-10-03 08:35:07] ⚠️ 连续失败超限 → 继续但标记告警
[2026-10-03 08:35:13] ❌ beat fail (694/30): HTTP 403: {"error": "credential rejected", "reason": "credential_revoked", "fix": "检查 X-FSTDD-Token 是否为有效且未吊销的节点凭据；若遗失请联系管理节点(K)重新签发"}
[2026-10-03 08:35:13] ⚠️ 连续失败超限 → 继续但标记告警
[2026-10-03 08:35:15] ✅ beat ok: node_id=FSTDD003 last_seen=1790987714.8235126
[2026-10-03 08:35:59] ❌ beat fail (432/30): HTTP 403: {"error": "credential rejected", "reason": "credential_revoked", "fix": "检查 X-FSTDD-Token 是否为有效且未吊销的节点凭据；若遗失请联系管理节点(K)重新签发"}
[2026-10-03 08:35:59] ⚠️ 连续失败超限 → 继续但标记告警
[2026-10-03 08:36:08] ❌ beat fail (800/30): HTTP 403: {"error": "credential rejected", "reason": "credential_revoked", "fix": "检查 X-FSTDD-Token 是否为有效且未吊销的节点凭据；若遗失请联系管理节点(K)重新签发"}
[2026-10-03 08:36:08] ⚠️ 连续失败超限 → 继续但标记告警
[2026-10-03 08:36:13] ❌ beat fail (695/30): HTTP 403: {"error": "credential rejected", "reason": "credential_revoked", "fix": "检查 X-FSTDD-Token 是否为有效且未吊销的节点凭据；若遗失请联系管理节点(K)重新签发"}
[2026-10-03 08:36:13] ⚠️ 连续失败超限 → 继续但标记告警
[2026-10-03 08:36:15] ✅ beat ok: node_id=FSTDD003 last_seen=1790987775.9003215
[2026-10-03 08:37:00] ❌ beat fail (433/30): HTTP 403: {"error": "credential rejected", "reason": "credential_revoked", "fix": "检查 X-FSTDD-Token 是否为有效且未吊销的节点凭据；若遗失请联系管理节点(K)重新签发"}
[2026-10-03 08:37:00] ⚠️ 连续失败超限 → 继续但标记告警
[2026-10-03 08:37:09] ❌ beat fail (801/30): HTTP 403: {"error": "credential rejected", "reason": "credential_revoked", "fix": "检查 X-FSTDD-Token 是否为有效且未吊销的节点凭据；若遗失请联系管理节点(K)重新签发"}
[2026-10-03 08:37:09] ⚠️ 连续失败超限 → 继续但标记告警
[2026-10-03 08:37:14] ❌ beat fail (696/30): HTTP 403: {"error": "credential rejected", "reason": "credential_revoked", "fix": "检查 X-FSTDD-Token 是否为有效且未吊销的节点凭据；若遗失请联系管理节点(K)重新签发"}
[2026-10-03 08:37:14] ⚠️ 连续失败超限 → 继续但标记告警
[2026-10-03 08:37:16] ✅ beat ok: node_id=FSTDD003 last_seen=1790987836.6062815
[2026-10-03 08:38:01] ❌ beat fail (434/30): HTTP 403: {"error": "credential rejected", "reason": "credential_revoked", "fix": "检查 X-FSTDD-Token 是否为有效且未吊销的节点凭据；若遗失请联系管理节点(K)重新签发"}
[2026-10-03 08:38:01] ⚠️ 连续失败超限 → 继续但标记告警
[2026-10-03 08:38:10] ❌ beat fail (802/30): HTTP 403: {"error": "credential rejected", "reason": "credential_revoked", "fix": "检查 X-FSTDD-Token 是否为有效且未吊销的节点凭据；若遗失请联系管理节点(K)重新签发"}
[2026-10-03 08:38:10] ⚠️ 连续失败超限 → 继续但标记告警
[2026-10-03 08:38:15] ❌ beat fail (697/30): HTTP 403: {"error": "credential rejected", "reason": "credential_revoked", "fix": "检查 X-FSTDD-Token 是否为有效且未吊销的节点凭据；若遗失请联系管理节点(K)重新签发"}
[2026-10-03 08:38:15] ⚠️ 连续失败超限 → 继续但标记告警
[2026-10-03 08:38:17] ✅ beat ok: node_id=FSTDD003 last_seen=1790987897.2915626
[2026-10-03 08:39:02] ❌ beat fail (435/30): HTTP 403: {"error": "credential rejected", "reason": "credential_revoked", "fix": "检查 X-FSTDD-Token 是否为有效且未吊销的节点凭据；若遗失请联系管理节点(K)重新签发"}
[2026-10-03 08:39:02] ⚠️ 连续失败超限 → 继续但标记告警
[2026-10-03 08:39:11] ❌ beat fail (803/30): HTTP 403: {"error": "credential rejected", "reason": "credential_revoked", "fix": "检查 X-FSTDD-Token 是否为有效且未吊销的节点凭据；若遗失请联系管理节点(K)重新签发"}
[2026-10-03 08:39:11] ⚠️ 连续失败超限 → 继续但标记告警
[2026-10-03 08:39:16] ❌ beat fail (698/30): HTTP 403: {"error": "credential rejected", "reason": "credential_revoked", "fix": "检查 X-FSTDD-Token 是否为有效且未吊销的节点凭据；若遗失请联系管理节点(K)重新签发"}
[2026-10-03 08:39:16] ⚠️ 连续失败超限 → 继续但标记告警
[2026-10-03 08:39:18] ✅ beat ok: node_id=FSTDD003 last_seen=1790987958.3581095
[2026-10-03 08:40:03] ❌ beat fail (436/30): HTTP 403: {"error": "credential rejected", "reason": "credential_revoked", "fix": "检查 X-FSTDD-Token 是否为有效且未吊销的节点凭据；若遗失请联系管理节点(K)重新签发"}
[2026-10-03 08:40:03] ⚠️ 连续失败超限 → 继续但标记告警
[2026-10-03 08:40:12] ❌ beat fail (804/30): HTTP 403: {"error": "credential rejected", "reason": "credential_revoked", "fix": "检查 X-FSTDD-Token 是否为有效且未吊销的节点凭据；若遗失请联系管理节点(K)重新签发"}
[2026-10-03 08:40:12] ⚠️ 连续失败超限 → 继续但标记告警
[2026-10-03 08:40:17] ❌ beat fail (699/30): HTTP 403: {"error": "credential rejected", "reason": "credential_revoked", "fix": "检查 X-FSTDD-Token 是否为有效且未吊销的节点凭据；若遗失请联系管理节点(K)重新签发"}
[2026-10-03 08:40:17] ⚠️ 连续失败超限 → 继续但标记告警
[2026-10-03 08:40:18] ✅ beat ok: node_id=FSTDD003 last_seen=1790988019.0455585
[2026-10-03 08:41:03] ❌ beat fail (437/30): HTTP 403: {"error": "credential rejected", "reason": "credential_revoked", "fix": "检查 X-FSTDD-Token 是否为有效且未吊销的节点凭据；若遗失请联系管理节点(K)重新签发"}
[2026-10-03 08:41:03] ⚠️ 连续失败超限 → 继续但标记告警
[2026-10-03 08:41:13] ❌ beat fail (805/30): HTTP 403: {"error": "credential rejected", "reason": "credential_revoked", "fix": "检查 X-FSTDD-Token 是否为有效且未吊销的节点凭据；若遗失请联系管理节点(K)重新签发"}
[2026-10-03 08:41:13] ⚠️ 连续失败超限 → 继续但标记告警
[2026-10-03 08:41:18] ❌ beat fail (700/30): HTTP 403: {"error": "credential rejected", "reason": "credential_revoked", "fix": "检查 X-FSTDD-Token 是否为有效且未吊销的节点凭据；若遗失请联系管理节点(K)重新签发"}
[2026-10-03 08:41:18] ⚠️ 连续失败超限 → 继续但标记告警
[2026-10-03 08:41:20] ✅ beat ok: node_id=FSTDD003 last_seen=1790988080.0065057
[2026-10-03 08:42:05] ❌ beat fail (438/30): HTTP 403: {"error": "credential rejected", "reason": "credential_revoked", "fix": "检查 X-FSTDD-Token 是否为有效且未吊销的节点凭据；若遗失请联系管理节点(K)重新签发"}
[2026-10-03 08:42:05] ⚠️ 连续失败超限 → 继续但标记告警
[2026-10-03 08:42:14] ❌ beat fail (806/30): HTTP 403: {"error": "credential rejected", "reason": "credential_revoked", "fix": "检查 X-FSTDD-Token 是否为有效且未吊销的节点凭据；若遗失请联系管理节点(K)重新签发"}
[2026-10-03 08:42:14] ⚠️ 连续失败超限 → 继续但标记告警
[2026-10-03 08:42:19] ❌ beat fail (701/30): HTTP 403: {"error": "credential rejected", "reason": "credential_revoked", "fix": "检查 X-FSTDD-Token 是否为有效且未吊销的节点凭据；若遗失请联系管理节点(K)重新签发"}
[2026-10-03 08:42:19] ⚠️ 连续失败超限 → 继续但标记告警
[2026-10-03 08:42:20] ✅ beat ok: node_id=FSTDD003 last_seen=1790988141.0708838
[2026-10-03 08:43:05] ❌ beat fail (439/30): HTTP 403: {"error": "credential rejected", "reason": "credential_revoked", "fix": "检查 X-FSTDD-Token 是否为有效且未吊销的节点凭据；若遗失请联系管理节点(K)重新签发"}
[2026-10-03 08:43:05] ⚠️ 连续失败超限 → 继续但标记告警
[2026-10-03 08:43:15] ❌ beat fail (807/30): HTTP 403: {"error": "credential rejected", "reason": "credential_revoked", "fix": "检查 X-FSTDD-Token 是否为有效且未吊销的节点凭据；若遗失请联系管理节点(K)重新签发"}
[2026-10-03 08:43:15] ⚠️ 连续失败超限 → 继续但标记告警
[2026-10-03 08:43:20] ❌ beat fail (702/30): HTTP 403: {"error": "credential rejected", "reason": "credential_revoked", "fix": "检查 X-FSTDD-Token 是否为有效且未吊销的节点凭据；若遗失请联系管理节点(K)重新签发"}
[2026-10-03 08:43:20] ⚠️ 连续失败超限 → 继续但标记告警
[2026-10-03 08:43:22] ✅ beat ok: node_id=FSTDD003 last_seen=1790988202.1274717
[2026-10-03 08:44:06] ❌ beat fail (440/30): HTTP 403: {"error": "credential rejected", "reason": "credential_revoked", "fix": "检查 X-FSTDD-Token 是否为有效且未吊销的节点凭据；若遗失请联系管理节点(K)重新签发"}
[2026-10-03 08:44:06] ⚠️ 连续失败超限 → 继续但标记告警
[2026-10-03 08:44:16] ❌ beat fail (808/30): HTTP 403: {"error": "credential rejected", "reason": "credential_revoked", "fix": "检查 X-FSTDD-Token 是否为有效且未吊销的节点凭据；若遗失请联系管理节点(K)重新签发"}
[2026-10-03 08:44:16] ⚠️ 连续失败超限 → 继续但标记告警
[2026-10-03 08:44:21] ❌ beat fail (703/30): HTTP 403: {"error": "credential rejected", "reason": "credential_revoked", "fix": "检查 X-FSTDD-Token 是否为有效且未吊销的节点凭据；若遗失请联系管理节点(K)重新签发"}
[2026-10-03 08:44:21] ⚠️ 连续失败超限 → 继续但标记告警
[2026-10-03 08:44:22] ✅ beat ok: node_id=FSTDD003 last_seen=1790988263.1898804
[2026-10-03 08:45:07] ❌ beat fail (441/30): HTTP 403: {"error": "credential rejected", "reason": "credential_revoked", "fix": "检查 X-FSTDD-Token 是否为有效且未吊销的节点凭据；若遗失请联系管理节点(K)重新签发"}
[2026-10-03 08:45:07] ⚠️ 连续失败超限 → 继续但标记告警
[2026-10-03 08:45:17] ❌ beat fail (809/30): HTTP 403: {"error": "credential rejected", "reason": "credential_revoked", "fix": "检查 X-FSTDD-Token 是否为有效且未吊销的节点凭据；若遗失请联系管理节点(K)重新签发"}
[2026-10-03 08:45:17] ⚠️ 连续失败超限 → 继续但标记告警
[2026-10-03 08:45:22] ❌ beat fail (704/30): HTTP 403: {"error": "credential rejected", "reason": "credential_revoked", "fix": "检查 X-FSTDD-Token 是否为有效且未吊销的节点凭据；若遗失请联系管理节点(K)重新签发"}
[2026-10-03 08:45:22] ⚠️ 连续失败超限 → 继续但标记告警
[2026-10-03 08:45:24] ✅ beat ok: node_id=FSTDD003 last_seen=1790988324.257757
[2026-10-03 08:46:08] ❌ beat fail (442/30): HTTP 403: {"error": "credential rejected", "reason": "credential_revoked", "fix": "检查 X-FSTDD-Token 是否为有效且未吊销的节点凭据；若遗失请联系管理节点(K)重新签发"}
[2026-10-03 08:46:08] ⚠️ 连续失败超限 → 继续但标记告警
[2026-10-03 08:46:18] ❌ beat fail (810/30): HTTP 403: {"error": "credential rejected", "reason": "credential_revoked", "fix": "检查 X-FSTDD-Token 是否为有效且未吊销的节点凭据；若遗失请联系管理节点(K)重新签发"}
[2026-10-03 08:46:18] ⚠️ 连续失败超限 → 继续但标记告警
[2026-10-03 08:46:24] ❌ beat fail (705/30): HTTP 403: {"error": "credential rejected", "reason": "credential_revoked", "fix": "检查 X-FSTDD-Token 是否为有效且未吊销的节点凭据；若遗失请联系管理节点(K)重新签发"}
[2026-10-03 08:46:24] ⚠️ 连续失败超限 → 继续但标记告警
[2026-10-03 08:46:25] ✅ beat ok: node_id=FSTDD003 last_seen=1790988385.3176398
[2026-10-03 08:47:09] ❌ beat fail (443/30): HTTP 403: {"error": "credential rejected", "reason": "credential_revoked", "fix": "检查 X-FSTDD-Token 是否为有效且未吊销的节点凭据；若遗失请联系管理节点(K)重新签发"}
[2026-10-03 08:47:09] ⚠️ 连续失败超限 → 继续但标记告警
[2026-10-03 08:47:18] ❌ beat fail (811/30): HTTP 403: {"error": "credential rejected", "reason": "credential_revoked", "fix": "检查 X-FSTDD-Token 是否为有效且未吊销的节点凭据；若遗失请联系管理节点(K)重新签发"}
[2026-10-03 08:47:18] ⚠️ 连续失败超限 → 继续但标记告警
[2026-10-03 08:47:24] ❌ beat fail (706/30): HTTP 403: {"error": "credential rejected", "reason": "credential_revoked", "fix": "检查 X-FSTDD-Token 是否为有效且未吊销的节点凭据；若遗失请联系管理节点(K)重新签发"}
[2026-10-03 08:47:24] ⚠️ 连续失败超限 → 继续但标记告警
[2026-10-03 08:47:26] ✅ beat ok: node_id=FSTDD003 last_seen=1790988446.3372521
[2026-10-03 08:48:10] ❌ beat fail (444/30): HTTP 403: {"error": "credential rejected", "reason": "credential_revoked", "fix": "检查 X-FSTDD-Token 是否为有效且未吊销的节点凭据；若遗失请联系管理节点(K)重新签发"}
[2026-10-03 08:48:10] ⚠️ 连续失败超限 → 继续但标记告警
[2026-10-03 08:48:20] ❌ beat fail (812/30): HTTP 403: {"error": "credential rejected", "reason": "credential_revoked", "fix": "检查 X-FSTDD-Token 是否为有效且未吊销的节点凭据；若遗失请联系管理节点(K)重新签发"}
[2026-10-03 08:48:20] ⚠️ 连续失败超限 → 继续但标记告警
[2026-10-03 08:48:25] ❌ beat fail (707/30): HTTP 403: {"error": "credential rejected", "reason": "credential_revoked", "fix": "检查 X-FSTDD-Token 是否为有效且未吊销的节点凭据；若遗失请联系管理节点(K)重新签发"}
[2026-10-03 08:48:25] ⚠️ 连续失败超限 → 继续但标记告警
[2026-10-03 08:48:26] ✅ beat ok: node_id=FSTDD003 last_seen=1790988507.0741026
[2026-10-03 08:49:11] ❌ beat fail (445/30): HTTP 403: {"error": "credential rejected", "reason": "credential_revoked", "fix": "检查 X-FSTDD-Token 是否为有效且未吊销的节点凭据；若遗失请联系管理节点(K)重新签发"}
[2026-10-03 08:49:11] ⚠️ 连续失败超限 → 继续但标记告警
[2026-10-03 08:49:21] ❌ beat fail (813/30): HTTP 403: {"error": "credential rejected", "reason": "credential_revoked", "fix": "检查 X-FSTDD-Token 是否为有效且未吊销的节点凭据；若遗失请联系管理节点(K)重新签发"}
[2026-10-03 08:49:21] ⚠️ 连续失败超限 → 继续但标记告警
[2026-10-03 08:49:26] ❌ beat fail (708/30): HTTP 403: {"error": "credential rejected", "reason": "credential_revoked", "fix": "检查 X-FSTDD-Token 是否为有效且未吊销的节点凭据；若遗失请联系管理节点(K)重新签发"}
[2026-10-03 08:49:26] ⚠️ 连续失败超限 → 继续但标记告警
[2026-10-03 08:49:27] ✅ beat ok: node_id=FSTDD003 last_seen=1790988568.1360948
[2026-10-03 08:50:12] ❌ beat fail (446/30): HTTP 403: {"error": "credential rejected", "reason": "credential_revoked", "fix": "检查 X-FSTDD-Token 是否为有效且未吊销的节点凭据；若遗失请联系管理节点(K)重新签发"}
[2026-10-03 08:50:12] ⚠️ 连续失败超限 → 继续但标记告警
[2026-10-03 08:50:22] ❌ beat fail (814/30): HTTP 403: {"error": "credential rejected", "reason": "credential_revoked", "fix": "检查 X-FSTDD-Token 是否为有效且未吊销的节点凭据；若遗失请联系管理节点(K)重新签发"}
[2026-10-03 08:50:22] ⚠️ 连续失败超限 → 继续但标记告警
[2026-10-03 08:50:27] ❌ beat fail (709/30): HTTP 403: {"error": "credential rejected", "reason": "credential_revoked", "fix": "检查 X-FSTDD-Token 是否为有效且未吊销的节点凭据；若遗失请联系管理节点(K)重新签发"}
[2026-10-03 08:50:27] ⚠️ 连续失败超限 → 继续但标记告警
[2026-10-03 08:50:28] ✅ beat ok: node_id=FSTDD003 last_seen=1790988629.1490474
[2026-10-03 08:51:13] ❌ beat fail (447/30): HTTP 403: {"error": "credential rejected", "reason": "credential_revoked", "fix": "检查 X-FSTDD-Token 是否为有效且未吊销的节点凭据；若遗失请联系管理节点(K)重新签发"}
[2026-10-03 08:51:13] ⚠️ 连续失败超限 → 继续但标记告警
[2026-10-03 08:51:23] ❌ beat fail (815/30): HTTP 403: {"error": "credential rejected", "reason": "credential_revoked", "fix": "检查 X-FSTDD-Token 是否为有效且未吊销的节点凭据；若遗失请联系管理节点(K)重新签发"}
[2026-10-03 08:51:23] ⚠️ 连续失败超限 → 继续但标记告警
[2026-10-03 08:51:28] ❌ beat fail (710/30): HTTP 403: {"error": "credential rejected", "reason": "credential_revoked", "fix": "检查 X-FSTDD-Token 是否为有效且未吊销的节点凭据；若遗失请联系管理节点(K)重新签发"}
[2026-10-03 08:51:28] ⚠️ 连续失败超限 → 继续但标记告警
[2026-10-03 08:51:30] ✅ beat ok: node_id=FSTDD003 last_seen=1790988689.8350558
[2026-10-03 08:52:14] ❌ beat fail (448/30): HTTP 403: {"error": "credential rejected", "reason": "credential_revoked", "fix": "检查 X-FSTDD-Token 是否为有效且未吊销的节点凭据；若遗失请联系管理节点(K)重新签发"}
[2026-10-03 08:52:14] ⚠️ 连续失败超限 → 继续但标记告警
[2026-10-03 08:52:23] ❌ beat fail (816/30): HTTP 403: {"error": "credential rejected", "reason": "credential_revoked", "fix": "检查 X-FSTDD-Token 是否为有效且未吊销的节点凭据；若遗失请联系管理节点(K)重新签发"}
[2026-10-03 08:52:23] ⚠️ 连续失败超限 → 继续但标记告警
[2026-10-03 08:52:29] ❌ beat fail (711/30): HTTP 403: {"error": "credential rejected", "reason": "credential_revoked", "fix": "检查 X-FSTDD-Token 是否为有效且未吊销的节点凭据；若遗失请联系管理节点(K)重新签发"}
[2026-10-03 08:52:29] ⚠️ 连续失败超限 → 继续但标记告警
[2026-10-03 08:52:31] ✅ beat ok: node_id=FSTDD003 last_seen=1790988750.9113305
[2026-10-03 08:53:15] ❌ beat fail (449/30): HTTP 403: {"error": "credential rejected", "reason": "credential_revoked", "fix": "检查 X-FSTDD-Token 是否为有效且未吊销的节点凭据；若遗失请联系管理节点(K)重新签发"}
[2026-10-03 08:53:15] ⚠️ 连续失败超限 → 继续但标记告警
[2026-10-03 08:53:24] ❌ beat fail (817/30): HTTP 403: {"error": "credential rejected", "reason": "credential_revoked", "fix": "检查 X-FSTDD-Token 是否为有效且未吊销的节点凭据；若遗失请联系管理节点(K)重新签发"}
[2026-10-03 08:53:24] ⚠️ 连续失败超限 → 继续但标记告警
[2026-10-03 08:53:30] ❌ beat fail (712/30): HTTP 403: {"error": "credential rejected", "reason": "credential_revoked", "fix": "检查 X-FSTDD-Token 是否为有效且未吊销的节点凭据；若遗失请联系管理节点(K)重新签发"}
[2026-10-03 08:53:30] ⚠️ 连续失败超限 → 继续但标记告警
[2026-10-03 08:53:31] ✅ beat ok: node_id=FSTDD003 last_seen=1790988811.9776917
[2026-10-03 08:54:16] ❌ beat fail (450/30): HTTP 403: {"error": "credential rejected", "reason": "credential_revoked", "fix": "检查 X-FSTDD-Token 是否为有效且未吊销的节点凭据；若遗失请联系管理节点(K)重新签发"}
[2026-10-03 08:54:16] ⚠️ 连续失败超限 → 继续但标记告警
[2026-10-03 08:54:25] ❌ beat fail (818/30): HTTP 403: {"error": "credential rejected", "reason": "credential_revoked", "fix": "检查 X-FSTDD-Token 是否为有效且未吊销的节点凭据；若遗失请联系管理节点(K)重新签发"}
[2026-10-03 08:54:25] ⚠️ 连续失败超限 → 继续但标记告警
[2026-10-03 08:54:31] ❌ beat fail (713/30): HTTP 403: {"error": "credential rejected", "reason": "credential_revoked", "fix": "检查 X-FSTDD-Token 是否为有效且未吊销的节点凭据；若遗失请联系管理节点(K)重新签发"}
[2026-10-03 08:54:31] ⚠️ 连续失败超限 → 继续但标记告警
[2026-10-03 08:54:32] ✅ beat ok: node_id=FSTDD003 last_seen=1790988872.6633377
[2026-10-03 08:55:16] ❌ beat fail (451/30): HTTP 403: {"error": "credential rejected", "reason": "credential_revoked", "fix": "检查 X-FSTDD-Token 是否为有效且未吊销的节点凭据；若遗失请联系管理节点(K)重新签发"}
[2026-10-03 08:55:16] ⚠️ 连续失败超限 → 继续但标记告警
[2026-10-03 08:55:26] ❌ beat fail (819/30): HTTP 403: {"error": "credential rejected", "reason": "credential_revoked", "fix": "检查 X-FSTDD-Token 是否为有效且未吊销的节点凭据；若遗失请联系管理节点(K)重新签发"}
[2026-10-03 08:55:26] ⚠️ 连续失败超限 → 继续但标记告警
[2026-10-03 08:55:32] ❌ beat fail (714/30): HTTP 403: {"error": "credential rejected", "reason": "credential_revoked", "fix": "检查 X-FSTDD-Token 是否为有效且未吊销的节点凭据；若遗失请联系管理节点(K)重新签发"}
[2026-10-03 08:55:32] ⚠️ 连续失败超限 → 继续但标记告警
[2026-10-03 08:55:33] ✅ beat ok: node_id=FSTDD003 last_seen=1790988933.7492187
[2026-10-03 08:56:17] ❌ beat fail (452/30): HTTP 403: {"error": "credential rejected", "reason": "credential_revoked", "fix": "检查 X-FSTDD-Token 是否为有效且未吊销的节点凭据；若遗失请联系管理节点(K)重新签发"}
[2026-10-03 08:56:17] ⚠️ 连续失败超限 → 继续但标记告警
[2026-10-03 08:56:27] ❌ beat fail (820/30): HTTP 403: {"error": "credential rejected", "reason": "credential_revoked", "fix": "检查 X-FSTDD-Token 是否为有效且未吊销的节点凭据；若遗失请联系管理节点(K)重新签发"}
[2026-10-03 08:56:27] ⚠️ 连续失败超限 → 继续但标记告警
[2026-10-03 08:56:33] ❌ beat fail (715/30): HTTP 403: {"error": "credential rejected", "reason": "credential_revoked", "fix": "检查 X-FSTDD-Token 是否为有效且未吊销的节点凭据；若遗失请联系管理节点(K)重新签发"}
[2026-10-03 08:56:33] ⚠️ 连续失败超限 → 继续但标记告警
[2026-10-03 08:56:34] ✅ beat ok: node_id=FSTDD003 last_seen=1790988994.7900577
[2026-10-03 08:57:18] ❌ beat fail (453/30): HTTP 403: {"error": "credential rejected", "reason": "credential_revoked", "fix": "检查 X-FSTDD-Token 是否为有效且未吊销的节点凭据；若遗失请联系管理节点(K)重新签发"}
[2026-10-03 08:57:18] ⚠️ 连续失败超限 → 继续但标记告警
[2026-10-03 08:57:28] ❌ beat fail (821/30): HTTP 403: {"error": "credential rejected", "reason": "credential_revoked", "fix": "检查 X-FSTDD-Token 是否为有效且未吊销的节点凭据；若遗失请联系管理节点(K)重新签发"}
[2026-10-03 08:57:28] ⚠️ 连续失败超限 → 继续但标记告警
[2026-10-03 08:57:34] ❌ beat fail (716/30): HTTP 403: {"error": "credential rejected", "reason": "credential_revoked", "fix": "检查 X-FSTDD-Token 是否为有效且未吊销的节点凭据；若遗失请联系管理节点(K)重新签发"}
[2026-10-03 08:57:34] ⚠️ 连续失败超限 → 继续但标记告警
[2026-10-03 08:57:35] ✅ beat ok: node_id=FSTDD003 last_seen=1790989055.4753332
[2026-10-03 08:58:19] ❌ beat fail (454/30): HTTP 403: {"error": "credential rejected", "reason": "credential_revoked", "fix": "检查 X-FSTDD-Token 是否为有效且未吊销的节点凭据；若遗失请联系管理节点(K)重新签发"}
[2026-10-03 08:58:19] ⚠️ 连续失败超限 → 继续但标记告警
[2026-10-03 08:58:28] ❌ beat fail (822/30): HTTP 403: {"error": "credential rejected", "reason": "credential_revoked", "fix": "检查 X-FSTDD-Token 是否为有效且未吊销的节点凭据；若遗失请联系管理节点(K)重新签发"}
[2026-10-03 08:58:28] ⚠️ 连续失败超限 → 继续但标记告警
[2026-10-03 08:58:35] ❌ beat fail (717/30): HTTP 403: {"error": "credential rejected", "reason": "credential_revoked", "fix": "检查 X-FSTDD-Token 是否为有效且未吊销的节点凭据；若遗失请联系管理节点(K)重新签发"}
[2026-10-03 08:58:35] ⚠️ 连续失败超限 → 继续但标记告警
[2026-10-03 08:58:36] ✅ beat ok: node_id=FSTDD003 last_seen=1790989116.9244769
[2026-10-03 08:59:20] ❌ beat fail (455/30): HTTP 403: {"error": "credential rejected", "reason": "credential_revoked", "fix": "检查 X-FSTDD-Token 是否为有效且未吊销的节点凭据；若遗失请联系管理节点(K)重新签发"}
[2026-10-03 08:59:20] ⚠️ 连续失败超限 → 继续但标记告警
[2026-10-03 08:59:29] ❌ beat fail (823/30): HTTP 403: {"error": "credential rejected", "reason": "credential_revoked", "fix": "检查 X-FSTDD-Token 是否为有效且未吊销的节点凭据；若遗失请联系管理节点(K)重新签发"}
[2026-10-03 08:59:29] ⚠️ 连续失败超限 → 继续但标记告警
[2026-10-03 08:59:36] ❌ beat fail (718/30): HTTP 403: {"error": "credential rejected", "reason": "credential_revoked", "fix": "检查 X-FSTDD-Token 是否为有效且未吊销的节点凭据；若遗失请联系管理节点(K)重新签发"}
[2026-10-03 08:59:36] ⚠️ 连续失败超限 → 继续但标记告警
[2026-10-03 08:59:38] ✅ beat ok: node_id=FSTDD003 last_seen=1790989177.9868524
[2026-10-03 09:00:21] ❌ beat fail (456/30): HTTP 403: {"error": "credential rejected", "reason": "credential_revoked", "fix": "检查 X-FSTDD-Token 是否为有效且未吊销的节点凭据；若遗失请联系管理节点(K)重新签发"}
[2026-10-03 09:00:21] ⚠️ 连续失败超限 → 继续但标记告警
[2026-10-03 09:00:30] ❌ beat fail (824/30): HTTP 403: {"error": "credential rejected", "reason": "credential_revoked", "fix": "检查 X-FSTDD-Token 是否为有效且未吊销的节点凭据；若遗失请联系管理节点(K)重新签发"}
[2026-10-03 09:00:30] ⚠️ 连续失败超限 → 继续但标记告警
[2026-10-03 09:00:37] ❌ beat fail (719/30): HTTP 403: {"error": "credential rejected", "reason": "credential_revoked", "fix": "检查 X-FSTDD-Token 是否为有效且未吊销的节点凭据；若遗失请联系管理节点(K)重新签发"}
[2026-10-03 09:00:37] ⚠️ 连续失败超限 → 继续但标记告警
[2026-10-03 09:00:39] ✅ beat ok: node_id=FSTDD003 last_seen=1790989239.0498276
[2026-10-03 09:01:22] ❌ beat fail (457/30): HTTP 403: {"error": "credential rejected", "reason": "credential_revoked", "fix": "检查 X-FSTDD-Token 是否为有效且未吊销的节点凭据；若遗失请联系管理节点(K)重新签发"}
[2026-10-03 09:01:22] ⚠️ 连续失败超限 → 继续但标记告警
[2026-10-03 09:01:31] ❌ beat fail (825/30): HTTP 403: {"error": "credential rejected", "reason": "credential_revoked", "fix": "检查 X-FSTDD-Token 是否为有效且未吊销的节点凭据；若遗失请联系管理节点(K)重新签发"}
[2026-10-03 09:01:31] ⚠️ 连续失败超限 → 继续但标记告警
[2026-10-03 09:01:38] ❌ beat fail (720/30): HTTP 403: {"error": "credential rejected", "reason": "credential_revoked", "fix": "检查 X-FSTDD-Token 是否为有效且未吊销的节点凭据；若遗失请联系管理节点(K)重新签发"}
[2026-10-03 09:01:38] ⚠️ 连续失败超限 → 继续但标记告警
[2026-10-03 09:01:40] ✅ beat ok: node_id=FSTDD003 last_seen=1790989300.131981
[2026-10-03 09:02:23] ❌ beat fail (458/30): HTTP 403: {"error": "credential rejected", "reason": "credential_revoked", "fix": "检查 X-FSTDD-Token 是否为有效且未吊销的节点凭据；若遗失请联系管理节点(K)重新签发"}
[2026-10-03 09:02:23] ⚠️ 连续失败超限 → 继续但标记告警
[2026-10-03 09:02:32] ❌ beat fail (826/30): HTTP 403: {"error": "credential rejected", "reason": "credential_revoked", "fix": "检查 X-FSTDD-Token 是否为有效且未吊销的节点凭据；若遗失请联系管理节点(K)重新签发"}
[2026-10-03 09:02:32] ⚠️ 连续失败超限 → 继续但标记告警
[2026-10-03 09:02:39] ❌ beat fail (721/30): HTTP 403: {"error": "credential rejected", "reason": "credential_revoked", "fix": "检查 X-FSTDD-Token 是否为有效且未吊销的节点凭据；若遗失请联系管理节点(K)重新签发"}
[2026-10-03 09:02:39] ⚠️ 连续失败超限 → 继续但标记告警
[2026-10-03 09:02:41] ✅ beat ok: node_id=FSTDD003 last_seen=1790989361.2000878
[2026-10-03 09:03:24] ❌ beat fail (459/30): HTTP 403: {"error": "credential rejected", "reason": "credential_revoked", "fix": "检查 X-FSTDD-Token 是否为有效且未吊销的节点凭据；若遗失请联系管理节点(K)重新签发"}
[2026-10-03 09:03:24] ⚠️ 连续失败超限 → 继续但标记告警
[2026-10-03 09:03:32] ❌ beat fail (827/30): HTTP 403: {"error": "credential rejected", "reason": "credential_revoked", "fix": "检查 X-FSTDD-Token 是否为有效且未吊销的节点凭据；若遗失请联系管理节点(K)重新签发"}
[2026-10-03 09:03:32] ⚠️ 连续失败超限 → 继续但标记告警
[2026-10-03 09:03:40] ❌ beat fail (722/30): HTTP 403: {"error": "credential rejected", "reason": "credential_revoked", "fix": "检查 X-FSTDD-Token 是否为有效且未吊销的节点凭据；若遗失请联系管理节点(K)重新签发"}
[2026-10-03 09:03:40] ⚠️ 连续失败超限 → 继续但标记告警
[2026-10-03 09:03:41] ✅ beat ok: node_id=FSTDD003 last_seen=1790989421.887892
[2026-10-03 09:04:25] ❌ beat fail (460/30): HTTP 403: {"error": "credential rejected", "reason": "credential_revoked", "fix": "检查 X-FSTDD-Token 是否为有效且未吊销的节点凭据；若遗失请联系管理节点(K)重新签发"}
[2026-10-03 09:04:25] ⚠️ 连续失败超限 → 继续但标记告警
[2026-10-03 09:04:33] ❌ beat fail (828/30): HTTP 403: {"error": "credential rejected", "reason": "credential_revoked", "fix": "检查 X-FSTDD-Token 是否为有效且未吊销的节点凭据；若遗失请联系管理节点(K)重新签发"}
[2026-10-03 09:04:33] ⚠️ 连续失败超限 → 继续但标记告警
[2026-10-03 09:04:41] ❌ beat fail (723/30): HTTP 403: {"error": "credential rejected", "reason": "credential_revoked", "fix": "检查 X-FSTDD-Token 是否为有效且未吊销的节点凭据；若遗失请联系管理节点(K)重新签发"}
[2026-10-03 09:04:41] ⚠️ 连续失败超限 → 继续但标记告警
[2026-10-03 09:04:42] ✅ beat ok: node_id=FSTDD003 last_seen=1790989482.5775926
[2026-10-03 09:05:26] ❌ beat fail (461/30): HTTP 403: {"error": "credential rejected", "reason": "credential_revoked", "fix": "检查 X-FSTDD-Token 是否为有效且未吊销的节点凭据；若遗失请联系管理节点(K)重新签发"}
[2026-10-03 09:05:26] ⚠️ 连续失败超限 → 继续但标记告警
[2026-10-03 09:05:34] ❌ beat fail (829/30): HTTP 403: {"error": "credential rejected", "reason": "credential_revoked", "fix": "检查 X-FSTDD-Token 是否为有效且未吊销的节点凭据；若遗失请联系管理节点(K)重新签发"}
[2026-10-03 09:05:34] ⚠️ 连续失败超限 → 继续但标记告警
[2026-10-03 09:05:42] ❌ beat fail (724/30): HTTP 403: {"error": "credential rejected", "reason": "credential_revoked", "fix": "检查 X-FSTDD-Token 是否为有效且未吊销的节点凭据；若遗失请联系管理节点(K)重新签发"}
[2026-10-03 09:05:42] ⚠️ 连续失败超限 → 继续但标记告警
[2026-10-03 09:05:43] ✅ beat ok: node_id=FSTDD003 last_seen=1790989543.644991
[2026-10-03 09:06:27] ❌ beat fail (462/30): HTTP 403: {"error": "credential rejected", "reason": "credential_revoked", "fix": "检查 X-FSTDD-Token 是否为有效且未吊销的节点凭据；若遗失请联系管理节点(K)重新签发"}
[2026-10-03 09:06:27] ⚠️ 连续失败超限 → 继续但标记告警
[2026-10-03 09:06:35] ❌ beat fail (830/30): HTTP 403: {"error": "credential rejected", "reason": "credential_revoked", "fix": "检查 X-FSTDD-Token 是否为有效且未吊销的节点凭据；若遗失请联系管理节点(K)重新签发"}
[2026-10-03 09:06:35] ⚠️ 连续失败超限 → 继续但标记告警
[2026-10-03 09:06:43] ❌ beat fail (725/30): HTTP 403: {"error": "credential rejected", "reason": "credential_revoked", "fix": "检查 X-FSTDD-Token 是否为有效且未吊销的节点凭据；若遗失请联系管理节点(K)重新签发"}
[2026-10-03 09:06:43] ⚠️ 连续失败超限 → 继续但标记告警
[2026-10-03 09:06:44] ✅ beat ok: node_id=FSTDD003 last_seen=1790989604.705284
[2026-10-03 09:07:27] ❌ beat fail (463/30): HTTP 403: {"error": "credential rejected", "reason": "credential_revoked", "fix": "检查 X-FSTDD-Token 是否为有效且未吊销的节点凭据；若遗失请联系管理节点(K)重新签发"}
[2026-10-03 09:07:27] ⚠️ 连续失败超限 → 继续但标记告警
[2026-10-03 09:07:36] ❌ beat fail (831/30): HTTP 403: {"error": "credential rejected", "reason": "credential_revoked", "fix": "检查 X-FSTDD-Token 是否为有效且未吊销的节点凭据；若遗失请联系管理节点(K)重新签发"}
[2026-10-03 09:07:36] ⚠️ 连续失败超限 → 继续但标记告警
[2026-10-03 09:07:44] ❌ beat fail (726/30): HTTP 403: {"error": "credential rejected", "reason": "credential_revoked", "fix": "检查 X-FSTDD-Token 是否为有效且未吊销的节点凭据；若遗失请联系管理节点(K)重新签发"}
[2026-10-03 09:07:44] ⚠️ 连续失败超限 → 继续但标记告警
[2026-10-03 09:07:45] ✅ beat ok: node_id=FSTDD003 last_seen=1790989665.772991
[2026-10-03 09:08:28] ❌ beat fail (464/30): HTTP 403: {"error": "credential rejected", "reason": "credential_revoked", "fix": "检查 X-FSTDD-Token 是否为有效且未吊销的节点凭据；若遗失请联系管理节点(K)重新签发"}
[2026-10-03 09:08:28] ⚠️ 连续失败超限 → 继续但标记告警
[2026-10-03 09:08:37] ❌ beat fail (832/30): HTTP 403: {"error": "credential rejected", "reason": "credential_revoked", "fix": "检查 X-FSTDD-Token 是否为有效且未吊销的节点凭据；若遗失请联系管理节点(K)重新签发"}
[2026-10-03 09:08:37] ⚠️ 连续失败超限 → 继续但标记告警
[2026-10-03 09:08:45] ❌ beat fail (727/30): HTTP 403: {"error": "credential rejected", "reason": "credential_revoked", "fix": "检查 X-FSTDD-Token 是否为有效且未吊销的节点凭据；若遗失请联系管理节点(K)重新签发"}
[2026-10-03 09:08:45] ⚠️ 连续失败超限 → 继续但标记告警
[2026-10-03 09:08:47] ✅ beat ok: node_id=FSTDD003 last_seen=1790989726.8260477
[2026-10-03 09:09:29] ❌ beat fail (465/30): HTTP 403: {"error": "credential rejected", "reason": "credential_revoked", "fix": "检查 X-FSTDD-Token 是否为有效且未吊销的节点凭据；若遗失请联系管理节点(K)重新签发"}
[2026-10-03 09:09:29] ⚠️ 连续失败超限 → 继续但标记告警
[2026-10-03 09:09:38] ❌ beat fail (833/30): HTTP 403: {"error": "credential rejected", "reason": "credential_revoked", "fix": "检查 X-FSTDD-Token 是否为有效且未吊销的节点凭据；若遗失请联系管理节点(K)重新签发"}
[2026-10-03 09:09:38] ⚠️ 连续失败超限 → 继续但标记告警
[2026-10-03 09:09:46] ❌ beat fail (728/30): HTTP 403: {"error": "credential rejected", "reason": "credential_revoked", "fix": "检查 X-FSTDD-Token 是否为有效且未吊销的节点凭据；若遗失请联系管理节点(K)重新签发"}
[2026-10-03 09:09:46] ⚠️ 连续失败超限 → 继续但标记告警
[2026-10-03 09:09:47] ✅ beat ok: node_id=FSTDD003 last_seen=1790989787.892311
[2026-10-03 09:10:30] ❌ beat fail (466/30): HTTP 403: {"error": "credential rejected", "reason": "credential_revoked", "fix": "检查 X-FSTDD-Token 是否为有效且未吊销的节点凭据；若遗失请联系管理节点(K)重新签发"}
[2026-10-03 09:10:30] ⚠️ 连续失败超限 → 继续但标记告警
[2026-10-03 09:10:39] ❌ beat fail (834/30): HTTP 403: {"error": "credential rejected", "reason": "credential_revoked", "fix": "检查 X-FSTDD-Token 是否为有效且未吊销的节点凭据；若遗失请联系管理节点(K)重新签发"}
[2026-10-03 09:10:39] ⚠️ 连续失败超限 → 继续但标记告警
[2026-10-03 09:10:47] ❌ beat fail (729/30): HTTP 403: {"error": "credential rejected", "reason": "credential_revoked", "fix": "检查 X-FSTDD-Token 是否为有效且未吊销的节点凭据；若遗失请联系管理节点(K)重新签发"}
[2026-10-03 09:10:47] ⚠️ 连续失败超限 → 继续但标记告警
[2026-10-03 09:10:48] ✅ beat ok: node_id=FSTDD003 last_seen=1790989848.960633
[2026-10-03 09:11:31] ❌ beat fail (467/30): HTTP 403: {"error": "credential rejected", "reason": "credential_revoked", "fix": "检查 X-FSTDD-Token 是否为有效且未吊销的节点凭据；若遗失请联系管理节点(K)重新签发"}
[2026-10-03 09:11:31] ⚠️ 连续失败超限 → 继续但标记告警
[2026-10-03 09:11:39] ❌ beat fail (835/30): HTTP 403: {"error": "credential rejected", "reason": "credential_revoked", "fix": "检查 X-FSTDD-Token 是否为有效且未吊销的节点凭据；若遗失请联系管理节点(K)重新签发"}
[2026-10-03 09:11:39] ⚠️ 连续失败超限 → 继续但标记告警
[2026-10-03 09:11:48] ❌ beat fail (730/30): HTTP 403: {"error": "credential rejected", "reason": "credential_revoked", "fix": "检查 X-FSTDD-Token 是否为有效且未吊销的节点凭据；若遗失请联系管理节点(K)重新签发"}
[2026-10-03 09:11:48] ⚠️ 连续失败超限 → 继续但标记告警
[2026-10-03 09:11:49] ✅ beat ok: node_id=FSTDD003 last_seen=1790989910.0230267
[2026-10-03 09:12:32] ❌ beat fail (468/30): HTTP 403: {"error": "credential rejected", "reason": "credential_revoked", "fix": "检查 X-FSTDD-Token 是否为有效且未吊销的节点凭据；若遗失请联系管理节点(K)重新签发"}
[2026-10-03 09:12:32] ⚠️ 连续失败超限 → 继续但标记告警
[2026-10-03 09:12:40] ❌ beat fail (836/30): HTTP 403: {"error": "credential rejected", "reason": "credential_revoked", "fix": "检查 X-FSTDD-Token 是否为有效且未吊销的节点凭据；若遗失请联系管理节点(K)重新签发"}
[2026-10-03 09:12:40] ⚠️ 连续失败超限 → 继续但标记告警
[2026-10-03 09:12:49] ❌ beat fail (731/30): HTTP 403: {"error": "credential rejected", "reason": "credential_revoked", "fix": "检查 X-FSTDD-Token 是否为有效且未吊销的节点凭据；若遗失请联系管理节点(K)重新签发"}
[2026-10-03 09:12:49] ⚠️ 连续失败超限 → 继续但标记告警
[2026-10-03 09:12:51] ✅ beat ok: node_id=FSTDD003 last_seen=1790989971.0836549
[2026-10-03 09:13:33] ❌ beat fail (469/30): HTTP 403: {"error": "credential rejected", "reason": "credential_revoked", "fix": "检查 X-FSTDD-Token 是否为有效且未吊销的节点凭据；若遗失请联系管理节点(K)重新签发"}
[2026-10-03 09:13:33] ⚠️ 连续失败超限 → 继续但标记告警
[2026-10-03 09:13:41] ❌ beat fail (837/30): HTTP 403: {"error": "credential rejected", "reason": "credential_revoked", "fix": "检查 X-FSTDD-Token 是否为有效且未吊销的节点凭据；若遗失请联系管理节点(K)重新签发"}
[2026-10-03 09:13:41] ⚠️ 连续失败超限 → 继续但标记告警
[2026-10-03 09:13:50] ❌ beat fail (732/30): HTTP 403: {"error": "credential rejected", "reason": "credential_revoked", "fix": "检查 X-FSTDD-Token 是否为有效且未吊销的节点凭据；若遗失请联系管理节点(K)重新签发"}
[2026-10-03 09:13:50] ⚠️ 连续失败超限 → 继续但标记告警
[2026-10-03 09:13:52] ✅ beat ok: node_id=FSTDD003 last_seen=1790990032.1523883
[2026-10-03 09:14:34] ❌ beat fail (470/30): HTTP 403: {"error": "credential rejected", "reason": "credential_revoked", "fix": "检查 X-FSTDD-Token 是否为有效且未吊销的节点凭据；若遗失请联系管理节点(K)重新签发"}
[2026-10-03 09:14:34] ⚠️ 连续失败超限 → 继续但标记告警
[2026-10-03 09:14:42] ❌ beat fail (838/30): HTTP 403: {"error": "credential rejected", "reason": "credential_revoked", "fix": "检查 X-FSTDD-Token 是否为有效且未吊销的节点凭据；若遗失请联系管理节点(K)重新签发"}
[2026-10-03 09:14:42] ⚠️ 连续失败超限 → 继续但标记告警
[2026-10-03 09:14:51] ❌ beat fail (733/30): HTTP 403: {"error": "credential rejected", "reason": "credential_revoked", "fix": "检查 X-FSTDD-Token 是否为有效且未吊销的节点凭据；若遗失请联系管理节点(K)重新签发"}
[2026-10-03 09:14:51] ⚠️ 连续失败超限 → 继续但标记告警
[2026-10-03 09:14:53] ✅ beat ok: node_id=FSTDD003 last_seen=1790990093.2215395
[2026-10-03 09:15:35] ❌ beat fail (471/30): HTTP 403: {"error": "credential rejected", "reason": "credential_revoked", "fix": "检查 X-FSTDD-Token 是否为有效且未吊销的节点凭据；若遗失请联系管理节点(K)重新签发"}
[2026-10-03 09:15:35] ⚠️ 连续失败超限 → 继续但标记告警
[2026-10-03 09:15:43] ❌ beat fail (839/30): HTTP 403: {"error": "credential rejected", "reason": "credential_revoked", "fix": "检查 X-FSTDD-Token 是否为有效且未吊销的节点凭据；若遗失请联系管理节点(K)重新签发"}
[2026-10-03 09:15:43] ⚠️ 连续失败超限 → 继续但标记告警
[2026-10-03 09:15:53] ❌ beat fail (734/30): HTTP 403: {"error": "credential rejected", "reason": "credential_revoked", "fix": "检查 X-FSTDD-Token 是否为有效且未吊销的节点凭据；若遗失请联系管理节点(K)重新签发"}
[2026-10-03 09:15:53] ⚠️ 连续失败超限 → 继续但标记告警
[2026-10-03 09:15:54] ✅ beat ok: node_id=FSTDD003 last_seen=1790990154.2796583
[2026-10-03 09:16:36] ❌ beat fail (472/30): HTTP 403: {"error": "credential rejected", "reason": "credential_revoked", "fix": "检查 X-FSTDD-Token 是否为有效且未吊销的节点凭据；若遗失请联系管理节点(K)重新签发"}
[2026-10-03 09:16:36] ⚠️ 连续失败超限 → 继续但标记告警
[2026-10-03 09:16:44] ❌ beat fail (840/30): HTTP 403: {"error": "credential rejected", "reason": "credential_revoked", "fix": "检查 X-FSTDD-Token 是否为有效且未吊销的节点凭据；若遗失请联系管理节点(K)重新签发"}
[2026-10-03 09:16:44] ⚠️ 连续失败超限 → 继续但标记告警
[2026-10-03 09:16:54] ❌ beat fail (735/30): HTTP 403: {"error": "credential rejected", "reason": "credential_revoked", "fix": "检查 X-FSTDD-Token 是否为有效且未吊销的节点凭据；若遗失请联系管理节点(K)重新签发"}
[2026-10-03 09:16:54] ⚠️ 连续失败超限 → 继续但标记告警
[2026-10-03 09:16:55] ✅ beat ok: node_id=FSTDD003 last_seen=1790990214.9742858
[2026-10-03 09:17:37] ❌ beat fail (473/30): HTTP 403: {"error": "credential rejected", "reason": "credential_revoked", "fix": "检查 X-FSTDD-Token 是否为有效且未吊销的节点凭据；若遗失请联系管理节点(K)重新签发"}
[2026-10-03 09:17:37] ⚠️ 连续失败超限 → 继续但标记告警
[2026-10-03 09:17:44] ❌ beat fail (841/30): HTTP 403: {"error": "credential rejected", "reason": "credential_revoked", "fix": "检查 X-FSTDD-Token 是否为有效且未吊销的节点凭据；若遗失请联系管理节点(K)重新签发"}
[2026-10-03 09:17:44] ⚠️ 连续失败超限 → 继续但标记告警
[2026-10-03 09:17:54] ❌ beat fail (736/30): HTTP 403: {"error": "credential rejected", "reason": "credential_revoked", "fix": "检查 X-FSTDD-Token 是否为有效且未吊销的节点凭据；若遗失请联系管理节点(K)重新签发"}
[2026-10-03 09:17:54] ⚠️ 连续失败超限 → 继续但标记告警
[2026-10-03 09:17:56] ✅ beat ok: node_id=FSTDD003 last_seen=1790990276.383702
[2026-10-03 09:18:38] ❌ beat fail (474/30): HTTP 403: {"error": "credential rejected", "reason": "credential_revoked", "fix": "检查 X-FSTDD-Token 是否为有效且未吊销的节点凭据；若遗失请联系管理节点(K)重新签发"}
[2026-10-03 09:18:38] ⚠️ 连续失败超限 → 继续但标记告警
[2026-10-03 09:18:45] ❌ beat fail (842/30): HTTP 403: {"error": "credential rejected", "reason": "credential_revoked", "fix": "检查 X-FSTDD-Token 是否为有效且未吊销的节点凭据；若遗失请联系管理节点(K)重新签发"}
[2026-10-03 09:18:45] ⚠️ 连续失败超限 → 继续但标记告警
[2026-10-03 09:18:55] ❌ beat fail (737/30): HTTP 403: {"error": "credential rejected", "reason": "credential_revoked", "fix": "检查 X-FSTDD-Token 是否为有效且未吊销的节点凭据；若遗失请联系管理节点(K)重新签发"}
[2026-10-03 09:18:55] ⚠️ 连续失败超限 → 继续但标记告警
[2026-10-03 09:18:56] ✅ beat ok: node_id=FSTDD003 last_seen=1790990337.078803
[2026-10-03 09:19:38] ❌ beat fail (475/30): HTTP 403: {"error": "credential rejected", "reason": "credential_revoked", "fix": "检查 X-FSTDD-Token 是否为有效且未吊销的节点凭据；若遗失请联系管理节点(K)重新签发"}
[2026-10-03 09:19:38] ⚠️ 连续失败超限 → 继续但标记告警
[2026-10-03 09:19:46] ❌ beat fail (843/30): HTTP 403: {"error": "credential rejected", "reason": "credential_revoked", "fix": "检查 X-FSTDD-Token 是否为有效且未吊销的节点凭据；若遗失请联系管理节点(K)重新签发"}
[2026-10-03 09:19:46] ⚠️ 连续失败超限 → 继续但标记告警
[2026-10-03 09:19:56] ❌ beat fail (738/30): HTTP 403: {"error": "credential rejected", "reason": "credential_revoked", "fix": "检查 X-FSTDD-Token 是否为有效且未吊销的节点凭据；若遗失请联系管理节点(K)重新签发"}
[2026-10-03 09:19:56] ⚠️ 连续失败超限 → 继续但标记告警
[2026-10-03 09:19:57] ✅ beat ok: node_id=FSTDD003 last_seen=1790990398.1354163
[2026-10-03 09:20:39] ❌ beat fail (476/30): HTTP 403: {"error": "credential rejected", "reason": "credential_revoked", "fix": "检查 X-FSTDD-Token 是否为有效且未吊销的节点凭据；若遗失请联系管理节点(K)重新签发"}
[2026-10-03 09:20:39] ⚠️ 连续失败超限 → 继续但标记告警
[2026-10-03 09:20:47] ❌ beat fail (844/30): HTTP 403: {"error": "credential rejected", "reason": "credential_revoked", "fix": "检查 X-FSTDD-Token 是否为有效且未吊销的节点凭据；若遗失请联系管理节点(K)重新签发"}
[2026-10-03 09:20:47] ⚠️ 连续失败超限 → 继续但标记告警
[2026-10-03 09:20:57] ❌ beat fail (739/30): HTTP 403: {"error": "credential rejected", "reason": "credential_revoked", "fix": "检查 X-FSTDD-Token 是否为有效且未吊销的节点凭据；若遗失请联系管理节点(K)重新签发"}
[2026-10-03 09:20:57] ⚠️ 连续失败超限 → 继续但标记告警
[2026-10-03 09:20:58] ✅ beat ok: node_id=FSTDD003 last_seen=1790990458.823049
[2026-10-03 09:21:40] ❌ beat fail (477/30): HTTP 403: {"error": "credential rejected", "reason": "credential_revoked", "fix": "检查 X-FSTDD-Token 是否为有效且未吊销的节点凭据；若遗失请联系管理节点(K)重新签发"}
[2026-10-03 09:21:40] ⚠️ 连续失败超限 → 继续但标记告警
[2026-10-03 09:21:48] ❌ beat fail (845/30): HTTP 403: {"error": "credential rejected", "reason": "credential_revoked", "fix": "检查 X-FSTDD-Token 是否为有效且未吊销的节点凭据；若遗失请联系管理节点(K)重新签发"}
[2026-10-03 09:21:48] ⚠️ 连续失败超限 → 继续但标记告警
[2026-10-03 09:21:58] ❌ beat fail (740/30): HTTP 403: {"error": "credential rejected", "reason": "credential_revoked", "fix": "检查 X-FSTDD-Token 是否为有效且未吊销的节点凭据；若遗失请联系管理节点(K)重新签发"}
[2026-10-03 09:21:58] ⚠️ 连续失败超限 → 继续但标记告警
[2026-10-03 09:21:59] ✅ beat ok: node_id=FSTDD003 last_seen=1790990519.511943
[2026-10-03 09:22:41] ❌ beat fail (478/30): HTTP 403: {"error": "credential rejected", "reason": "credential_revoked", "fix": "检查 X-FSTDD-Token 是否为有效且未吊销的节点凭据；若遗失请联系管理节点(K)重新签发"}
[2026-10-03 09:22:41] ⚠️ 连续失败超限 → 继续但标记告警
[2026-10-03 09:22:49] ❌ beat fail (846/30): HTTP 403: {"error": "credential rejected", "reason": "credential_revoked", "fix": "检查 X-FSTDD-Token 是否为有效且未吊销的节点凭据；若遗失请联系管理节点(K)重新签发"}
[2026-10-03 09:22:49] ⚠️ 连续失败超限 → 继续但标记告警
[2026-10-03 09:22:58] ❌ beat fail (741/30): HTTP 403: {"error": "credential rejected", "reason": "credential_revoked", "fix": "检查 X-FSTDD-Token 是否为有效且未吊销的节点凭据；若遗失请联系管理节点(K)重新签发"}
[2026-10-03 09:22:58] ⚠️ 连续失败超限 → 继续但标记告警
[2026-10-03 09:23:00] ✅ beat ok: node_id=FSTDD003 last_seen=1790990580.5628273
[2026-10-03 09:23:42] ❌ beat fail (479/30): HTTP 403: {"error": "credential rejected", "reason": "credential_revoked", "fix": "检查 X-FSTDD-Token 是否为有效且未吊销的节点凭据；若遗失请联系管理节点(K)重新签发"}
[2026-10-03 09:23:42] ⚠️ 连续失败超限 → 继续但标记告警
[2026-10-03 09:23:50] ❌ beat fail (847/30): HTTP 403: {"error": "credential rejected", "reason": "credential_revoked", "fix": "检查 X-FSTDD-Token 是否为有效且未吊销的节点凭据；若遗失请联系管理节点(K)重新签发"}
[2026-10-03 09:23:50] ⚠️ 连续失败超限 → 继续但标记告警
[2026-10-03 09:24:00] ❌ beat fail (742/30): HTTP 403: {"error": "credential rejected", "reason": "credential_revoked", "fix": "检查 X-FSTDD-Token 是否为有效且未吊销的节点凭据；若遗失请联系管理节点(K)重新签发"}
[2026-10-03 09:24:00] ⚠️ 连续失败超限 → 继续但标记告警
[2026-10-03 09:24:01] ✅ beat ok: node_id=FSTDD003 last_seen=1790990641.6314993
[2026-10-03 09:24:43] ❌ beat fail (480/30): HTTP 403: {"error": "credential rejected", "reason": "credential_revoked", "fix": "检查 X-FSTDD-Token 是否为有效且未吊销的节点凭据；若遗失请联系管理节点(K)重新签发"}
[2026-10-03 09:24:43] ⚠️ 连续失败超限 → 继续但标记告警
[2026-10-03 09:24:51] ❌ beat fail (848/30): HTTP 403: {"error": "credential rejected", "reason": "credential_revoked", "fix": "检查 X-FSTDD-Token 是否为有效且未吊销的节点凭据；若遗失请联系管理节点(K)重新签发"}
[2026-10-03 09:24:51] ⚠️ 连续失败超限 → 继续但标记告警
[2026-10-03 09:25:01] ❌ beat fail (743/30): HTTP 403: {"error": "credential rejected", "reason": "credential_revoked", "fix": "检查 X-FSTDD-Token 是否为有效且未吊销的节点凭据；若遗失请联系管理节点(K)重新签发"}
[2026-10-03 09:25:01] ⚠️ 连续失败超限 → 继续但标记告警
[2026-10-03 09:25:02] ✅ beat ok: node_id=FSTDD003 last_seen=1790990702.7236164
[2026-10-03 09:25:44] ❌ beat fail (481/30): HTTP 403: {"error": "credential rejected", "reason": "credential_revoked", "fix": "检查 X-FSTDD-Token 是否为有效且未吊销的节点凭据；若遗失请联系管理节点(K)重新签发"}
[2026-10-03 09:25:44] ⚠️ 连续失败超限 → 继续但标记告警
[2026-10-03 09:25:52] ❌ beat fail (849/30): HTTP 403: {"error": "credential rejected", "reason": "credential_revoked", "fix": "检查 X-FSTDD-Token 是否为有效且未吊销的节点凭据；若遗失请联系管理节点(K)重新签发"}
[2026-10-03 09:25:52] ⚠️ 连续失败超限 → 继续但标记告警
[2026-10-03 09:26:02] ❌ beat fail (744/30): HTTP 403: {"error": "credential rejected", "reason": "credential_revoked", "fix": "检查 X-FSTDD-Token 是否为有效且未吊销的节点凭据；若遗失请联系管理节点(K)重新签发"}
[2026-10-03 09:26:02] ⚠️ 连续失败超限 → 继续但标记告警
[2026-10-03 09:26:03] ✅ beat ok: node_id=FSTDD003 last_seen=1790990763.804053
[2026-10-03 09:26:45] ❌ beat fail (482/30): HTTP 403: {"error": "credential rejected", "reason": "credential_revoked", "fix": "检查 X-FSTDD-Token 是否为有效且未吊销的节点凭据；若遗失请联系管理节点(K)重新签发"}
[2026-10-03 09:26:45] ⚠️ 连续失败超限 → 继续但标记告警
[2026-10-03 09:26:53] ❌ beat fail (850/30): HTTP 403: {"error": "credential rejected", "reason": "credential_revoked", "fix": "检查 X-FSTDD-Token 是否为有效且未吊销的节点凭据；若遗失请联系管理节点(K)重新签发"}
[2026-10-03 09:26:53] ⚠️ 连续失败超限 → 继续但标记告警
[2026-10-03 09:27:02] ❌ beat fail (745/30): HTTP 403: {"error": "credential rejected", "reason": "credential_revoked", "fix": "检查 X-FSTDD-Token 是否为有效且未吊销的节点凭据；若遗失请联系管理节点(K)重新签发"}
[2026-10-03 09:27:02] ⚠️ 连续失败超限 → 继续但标记告警
[2026-10-03 09:27:04] ✅ beat ok: node_id=FSTDD003 last_seen=1790990825.0407572
[2026-10-03 09:27:46] ❌ beat fail (483/30): HTTP 403: {"error": "credential rejected", "reason": "credential_revoked", "fix": "检查 X-FSTDD-Token 是否为有效且未吊销的节点凭据；若遗失请联系管理节点(K)重新签发"}
[2026-10-03 09:27:46] ⚠️ 连续失败超限 → 继续但标记告警
[2026-10-03 09:27:54] ❌ beat fail (851/30): HTTP 403: {"error": "credential rejected", "reason": "credential_revoked", "fix": "检查 X-FSTDD-Token 是否为有效且未吊销的节点凭据；若遗失请联系管理节点(K)重新签发"}
[2026-10-03 09:27:54] ⚠️ 连续失败超限 → 继续但标记告警
[2026-10-03 09:28:03] ❌ beat fail (746/30): HTTP 403: {"error": "credential rejected", "reason": "credential_revoked", "fix": "检查 X-FSTDD-Token 是否为有效且未吊销的节点凭据；若遗失请联系管理节点(K)重新签发"}
[2026-10-03 09:28:03] ⚠️ 连续失败超限 → 继续但标记告警
[2026-10-03 09:28:05] ✅ beat ok: node_id=FSTDD003 last_seen=1790990885.7587967
[2026-10-03 09:28:47] ❌ beat fail (484/30): HTTP 403: {"error": "credential rejected", "reason": "credential_revoked", "fix": "检查 X-FSTDD-Token 是否为有效且未吊销的节点凭据；若遗失请联系管理节点(K)重新签发"}
[2026-10-03 09:28:47] ⚠️ 连续失败超限 → 继续但标记告警
[2026-10-03 09:28:55] ❌ beat fail (852/30): HTTP 403: {"error": "credential rejected", "reason": "credential_revoked", "fix": "检查 X-FSTDD-Token 是否为有效且未吊销的节点凭据；若遗失请联系管理节点(K)重新签发"}
[2026-10-03 09:28:55] ⚠️ 连续失败超限 → 继续但标记告警
[2026-10-03 09:29:04] ❌ beat fail (747/30): HTTP 403: {"error": "credential rejected", "reason": "credential_revoked", "fix": "检查 X-FSTDD-Token 是否为有效且未吊销的节点凭据；若遗失请联系管理节点(K)重新签发"}
[2026-10-03 09:29:04] ⚠️ 连续失败超限 → 继续但标记告警
[2026-10-03 09:29:06] ✅ beat ok: node_id=FSTDD003 last_seen=1790990946.4976332
[2026-10-03 09:29:48] ❌ beat fail (485/30): HTTP 403: {"error": "credential rejected", "reason": "credential_revoked", "fix": "检查 X-FSTDD-Token 是否为有效且未吊销的节点凭据；若遗失请联系管理节点(K)重新签发"}
[2026-10-03 09:29:48] ⚠️ 连续失败超限 → 继续但标记告警
[2026-10-03 09:29:56] ❌ beat fail (853/30): HTTP 403: {"error": "credential rejected", "reason": "credential_revoked", "fix": "检查 X-FSTDD-Token 是否为有效且未吊销的节点凭据；若遗失请联系管理节点(K)重新签发"}
[2026-10-03 09:29:56] ⚠️ 连续失败超限 → 继续但标记告警
[2026-10-03 09:30:05] ❌ beat fail (748/30): HTTP 403: {"error": "credential rejected", "reason": "credential_revoked", "fix": "检查 X-FSTDD-Token 是否为有效且未吊销的节点凭据；若遗失请联系管理节点(K)重新签发"}
[2026-10-03 09:30:05] ⚠️ 连续失败超限 → 继续但标记告警
[2026-10-03 09:30:06] ✅ beat ok: node_id=FSTDD003 last_seen=1790991007.184636
[2026-10-03 09:30:49] ❌ beat fail (486/30): HTTP 403: {"error": "credential rejected", "reason": "credential_revoked", "fix": "检查 X-FSTDD-Token 是否为有效且未吊销的节点凭据；若遗失请联系管理节点(K)重新签发"}
[2026-10-03 09:30:49] ⚠️ 连续失败超限 → 继续但标记告警
[2026-10-03 09:30:57] ❌ beat fail (854/30): HTTP 403: {"error": "credential rejected", "reason": "credential_revoked", "fix": "检查 X-FSTDD-Token 是否为有效且未吊销的节点凭据；若遗失请联系管理节点(K)重新签发"}
[2026-10-03 09:30:57] ⚠️ 连续失败超限 → 继续但标记告警
[2026-10-03 09:31:06] ❌ beat fail (749/30): HTTP 403: {"error": "credential rejected", "reason": "credential_revoked", "fix": "检查 X-FSTDD-Token 是否为有效且未吊销的节点凭据；若遗失请联系管理节点(K)重新签发"}
[2026-10-03 09:31:06] ⚠️ 连续失败超限 → 继续但标记告警
[2026-10-03 09:31:07] ✅ beat ok: node_id=FSTDD003 last_seen=1790991068.0150151
[2026-10-03 09:31:50] ❌ beat fail (487/30): HTTP 403: {"error": "credential rejected", "reason": "credential_revoked", "fix": "检查 X-FSTDD-Token 是否为有效且未吊销的节点凭据；若遗失请联系管理节点(K)重新签发"}
[2026-10-03 09:31:50] ⚠️ 连续失败超限 → 继续但标记告警
[2026-10-03 09:31:58] ❌ beat fail (855/30): HTTP 403: {"error": "credential rejected", "reason": "credential_revoked", "fix": "检查 X-FSTDD-Token 是否为有效且未吊销的节点凭据；若遗失请联系管理节点(K)重新签发"}
[2026-10-03 09:31:58] ⚠️ 连续失败超限 → 继续但标记告警
[2026-10-03 09:32:07] ❌ beat fail (750/30): HTTP 403: {"error": "credential rejected", "reason": "credential_revoked", "fix": "检查 X-FSTDD-Token 是否为有效且未吊销的节点凭据；若遗失请联系管理节点(K)重新签发"}
[2026-10-03 09:32:07] ⚠️ 连续失败超限 → 继续但标记告警
[2026-10-03 09:32:08] ✅ beat ok: node_id=FSTDD003 last_seen=1790991128.701695
[2026-10-03 09:32:51] ❌ beat fail (488/30): HTTP 403: {"error": "credential rejected", "reason": "credential_revoked", "fix": "检查 X-FSTDD-Token 是否为有效且未吊销的节点凭据；若遗失请联系管理节点(K)重新签发"}
[2026-10-03 09:32:51] ⚠️ 连续失败超限 → 继续但标记告警
[2026-10-03 09:32:58] ❌ beat fail (856/30): HTTP 403: {"error": "credential rejected", "reason": "credential_revoked", "fix": "检查 X-FSTDD-Token 是否为有效且未吊销的节点凭据；若遗失请联系管理节点(K)重新签发"}
[2026-10-03 09:32:58] ⚠️ 连续失败超限 → 继续但标记告警
[2026-10-03 09:33:08] ❌ beat fail (751/30): HTTP 403: {"error": "credential rejected", "reason": "credential_revoked", "fix": "检查 X-FSTDD-Token 是否为有效且未吊销的节点凭据；若遗失请联系管理节点(K)重新签发"}
[2026-10-03 09:33:08] ⚠️ 连续失败超限 → 继续但标记告警
[2026-10-03 09:33:09] ✅ beat ok: node_id=FSTDD003 last_seen=1790991189.770444
[2026-10-03 09:33:51] ❌ beat fail (489/30): HTTP 403: {"error": "credential rejected", "reason": "credential_revoked", "fix": "检查 X-FSTDD-Token 是否为有效且未吊销的节点凭据；若遗失请联系管理节点(K)重新签发"}
[2026-10-03 09:33:51] ⚠️ 连续失败超限 → 继续但标记告警
[2026-10-03 09:33:59] ❌ beat fail (857/30): HTTP 403: {"error": "credential rejected", "reason": "credential_revoked", "fix": "检查 X-FSTDD-Token 是否为有效且未吊销的节点凭据；若遗失请联系管理节点(K)重新签发"}
[2026-10-03 09:33:59] ⚠️ 连续失败超限 → 继续但标记告警
[2026-10-03 09:34:09] ❌ beat fail (752/30): HTTP 403: {"error": "credential rejected", "reason": "credential_revoked", "fix": "检查 X-FSTDD-Token 是否为有效且未吊销的节点凭据；若遗失请联系管理节点(K)重新签发"}
[2026-10-03 09:34:09] ⚠️ 连续失败超限 → 继续但标记告警
[2026-10-03 09:34:10] ✅ beat ok: node_id=FSTDD003 last_seen=1790991250.7888055
[2026-10-03 09:34:52] ❌ beat fail (490/30): HTTP 403: {"error": "credential rejected", "reason": "credential_revoked", "fix": "检查 X-FSTDD-Token 是否为有效且未吊销的节点凭据；若遗失请联系管理节点(K)重新签发"}
[2026-10-03 09:34:52] ⚠️ 连续失败超限 → 继续但标记告警
[2026-10-03 09:35:00] ❌ beat fail (858/30): HTTP 403: {"error": "credential rejected", "reason": "credential_revoked", "fix": "检查 X-FSTDD-Token 是否为有效且未吊销的节点凭据；若遗失请联系管理节点(K)重新签发"}
[2026-10-03 09:35:00] ⚠️ 连续失败超限 → 继续但标记告警
[2026-10-03 09:35:10] ❌ beat fail (753/30): HTTP 403: {"error": "credential rejected", "reason": "credential_revoked", "fix": "检查 X-FSTDD-Token 是否为有效且未吊销的节点凭据；若遗失请联系管理节点(K)重新签发"}
[2026-10-03 09:35:10] ⚠️ 连续失败超限 → 继续但标记告警
[2026-10-03 09:35:11] ✅ beat ok: node_id=FSTDD003 last_seen=1790991311.8527753
[2026-10-03 09:35:53] ❌ beat fail (491/30): HTTP 403: {"error": "credential rejected", "reason": "credential_revoked", "fix": "检查 X-FSTDD-Token 是否为有效且未吊销的节点凭据；若遗失请联系管理节点(K)重新签发"}
[2026-10-03 09:35:53] ⚠️ 连续失败超限 → 继续但标记告警
[2026-10-03 09:36:01] ❌ beat fail (859/30): HTTP 403: {"error": "credential rejected", "reason": "credential_revoked", "fix": "检查 X-FSTDD-Token 是否为有效且未吊销的节点凭据；若遗失请联系管理节点(K)重新签发"}
[2026-10-03 09:36:01] ⚠️ 连续失败超限 → 继续但标记告警
[2026-10-03 09:36:10] ❌ beat fail (754/30): HTTP 403: {"error": "credential rejected", "reason": "credential_revoked", "fix": "检查 X-FSTDD-Token 是否为有效且未吊销的节点凭据；若遗失请联系管理节点(K)重新签发"}
[2026-10-03 09:36:10] ⚠️ 连续失败超限 → 继续但标记告警
[2026-10-03 09:36:12] ✅ beat ok: node_id=FSTDD003 last_seen=1790991372.5407977
[2026-10-03 09:36:54] ❌ beat fail (492/30): HTTP 403: {"error": "credential rejected", "reason": "credential_revoked", "fix": "检查 X-FSTDD-Token 是否为有效且未吊销的节点凭据；若遗失请联系管理节点(K)重新签发"}
[2026-10-03 09:36:54] ⚠️ 连续失败超限 → 继续但标记告警
[2026-10-03 09:37:02] ❌ beat fail (860/30): HTTP 403: {"error": "credential rejected", "reason": "credential_revoked", "fix": "检查 X-FSTDD-Token 是否为有效且未吊销的节点凭据；若遗失请联系管理节点(K)重新签发"}
[2026-10-03 09:37:02] ⚠️ 连续失败超限 → 继续但标记告警
[2026-10-03 09:37:11] ❌ beat fail (755/30): HTTP 403: {"error": "credential rejected", "reason": "credential_revoked", "fix": "检查 X-FSTDD-Token 是否为有效且未吊销的节点凭据；若遗失请联系管理节点(K)重新签发"}
[2026-10-03 09:37:11] ⚠️ 连续失败超限 → 继续但标记告警
[2026-10-03 09:37:13] ✅ beat ok: node_id=FSTDD003 last_seen=1790991433.2261481
[2026-10-03 09:37:55] ❌ beat fail (493/30): HTTP 403: {"error": "credential rejected", "reason": "credential_revoked", "fix": "检查 X-FSTDD-Token 是否为有效且未吊销的节点凭据；若遗失请联系管理节点(K)重新签发"}
[2026-10-03 09:37:55] ⚠️ 连续失败超限 → 继续但标记告警
[2026-10-03 09:38:03] ❌ beat fail (861/30): HTTP 403: {"error": "credential rejected", "reason": "credential_revoked", "fix": "检查 X-FSTDD-Token 是否为有效且未吊销的节点凭据；若遗失请联系管理节点(K)重新签发"}
[2026-10-03 09:38:03] ⚠️ 连续失败超限 → 继续但标记告警
[2026-10-03 09:38:12] ❌ beat fail (756/30): HTTP 403: {"error": "credential rejected", "reason": "credential_revoked", "fix": "检查 X-FSTDD-Token 是否为有效且未吊销的节点凭据；若遗失请联系管理节点(K)重新签发"}
[2026-10-03 09:38:12] ⚠️ 连续失败超限 → 继续但标记告警
[2026-10-03 09:38:14] ✅ beat ok: node_id=FSTDD003 last_seen=1790991494.295643
[2026-10-03 09:38:56] ❌ beat fail (494/30): HTTP 403: {"error": "credential rejected", "reason": "credential_revoked", "fix": "检查 X-FSTDD-Token 是否为有效且未吊销的节点凭据；若遗失请联系管理节点(K)重新签发"}
[2026-10-03 09:38:56] ⚠️ 连续失败超限 → 继续但标记告警
[2026-10-03 09:39:04] ❌ beat fail (862/30): HTTP 403: {"error": "credential rejected", "reason": "credential_revoked", "fix": "检查 X-FSTDD-Token 是否为有效且未吊销的节点凭据；若遗失请联系管理节点(K)重新签发"}
[2026-10-03 09:39:04] ⚠️ 连续失败超限 → 继续但标记告警
[2026-10-03 09:39:13] ❌ beat fail (757/30): HTTP 403: {"error": "credential rejected", "reason": "credential_revoked", "fix": "检查 X-FSTDD-Token 是否为有效且未吊销的节点凭据；若遗失请联系管理节点(K)重新签发"}
[2026-10-03 09:39:13] ⚠️ 连续失败超限 → 继续但标记告警
[2026-10-03 09:39:14] ✅ beat ok: node_id=FSTDD003 last_seen=1790991554.981891
[2026-10-03 09:39:57] ❌ beat fail (495/30): HTTP 403: {"error": "credential rejected", "reason": "credential_revoked", "fix": "检查 X-FSTDD-Token 是否为有效且未吊销的节点凭据；若遗失请联系管理节点(K)重新签发"}
[2026-10-03 09:39:57] ⚠️ 连续失败超限 → 继续但标记告警
[2026-10-03 09:40:05] ❌ beat fail (863/30): HTTP 403: {"error": "credential rejected", "reason": "credential_revoked", "fix": "检查 X-FSTDD-Token 是否为有效且未吊销的节点凭据；若遗失请联系管理节点(K)重新签发"}
[2026-10-03 09:40:05] ⚠️ 连续失败超限 → 继续但标记告警
[2026-10-03 09:40:14] ❌ beat fail (758/30): HTTP 403: {"error": "credential rejected", "reason": "credential_revoked", "fix": "检查 X-FSTDD-Token 是否为有效且未吊销的节点凭据；若遗失请联系管理节点(K)重新签发"}
[2026-10-03 09:40:14] ⚠️ 连续失败超限 → 继续但标记告警
[2026-10-03 09:40:15] ✅ beat ok: node_id=FSTDD003 last_seen=1790991615.6945748
[2026-10-03 09:40:58] ❌ beat fail (496/30): HTTP 403: {"error": "credential rejected", "reason": "credential_revoked", "fix": "检查 X-FSTDD-Token 是否为有效且未吊销的节点凭据；若遗失请联系管理节点(K)重新签发"}
[2026-10-03 09:40:58] ⚠️ 连续失败超限 → 继续但标记告警
[2026-10-03 09:41:06] ❌ beat fail (864/30): HTTP 403: {"error": "credential rejected", "reason": "credential_revoked", "fix": "检查 X-FSTDD-Token 是否为有效且未吊销的节点凭据；若遗失请联系管理节点(K)重新签发"}
[2026-10-03 09:41:06] ⚠️ 连续失败超限 → 继续但标记告警
[2026-10-03 09:41:15] ❌ beat fail (759/30): HTTP 403: {"error": "credential rejected", "reason": "credential_revoked", "fix": "检查 X-FSTDD-Token 是否为有效且未吊销的节点凭据；若遗失请联系管理节点(K)重新签发"}
[2026-10-03 09:41:15] ⚠️ 连续失败超限 → 继续但标记告警
[2026-10-03 09:41:17] ✅ beat ok: node_id=FSTDD003 last_seen=1790991677.1457803
[2026-10-03 09:41:59] ❌ beat fail (497/30): HTTP 403: {"error": "credential rejected", "reason": "credential_revoked", "fix": "检查 X-FSTDD-Token 是否为有效且未吊销的节点凭据；若遗失请联系管理节点(K)重新签发"}
[2026-10-03 09:41:59] ⚠️ 连续失败超限 → 继续但标记告警
[2026-10-03 09:42:06] ❌ beat fail (865/30): HTTP 403: {"error": "credential rejected", "reason": "credential_revoked", "fix": "检查 X-FSTDD-Token 是否为有效且未吊销的节点凭据；若遗失请联系管理节点(K)重新签发"}
[2026-10-03 09:42:06] ⚠️ 连续失败超限 → 继续但标记告警
[2026-10-03 09:42:16] ❌ beat fail (760/30): HTTP 403: {"error": "credential rejected", "reason": "credential_revoked", "fix": "检查 X-FSTDD-Token 是否为有效且未吊销的节点凭据；若遗失请联系管理节点(K)重新签发"}
[2026-10-03 09:42:16] ⚠️ 连续失败超限 → 继续但标记告警
[2026-10-03 09:42:17] ✅ beat ok: node_id=FSTDD003 last_seen=1790991738.209058
[2026-10-03 09:43:00] ❌ beat fail (498/30): HTTP 403: {"error": "credential rejected", "reason": "credential_revoked", "fix": "检查 X-FSTDD-Token 是否为有效且未吊销的节点凭据；若遗失请联系管理节点(K)重新签发"}
[2026-10-03 09:43:00] ⚠️ 连续失败超限 → 继续但标记告警
[2026-10-03 09:43:07] ❌ beat fail (866/30): HTTP 403: {"error": "credential rejected", "reason": "credential_revoked", "fix": "检查 X-FSTDD-Token 是否为有效且未吊销的节点凭据；若遗失请联系管理节点(K)重新签发"}
[2026-10-03 09:43:07] ⚠️ 连续失败超限 → 继续但标记告警
[2026-10-03 09:43:17] ❌ beat fail (761/30): HTTP 403: {"error": "credential rejected", "reason": "credential_revoked", "fix": "检查 X-FSTDD-Token 是否为有效且未吊销的节点凭据；若遗失请联系管理节点(K)重新签发"}
[2026-10-03 09:43:17] ⚠️ 连续失败超限 → 继续但标记告警
[2026-10-03 09:43:19] ✅ beat ok: node_id=FSTDD003 last_seen=1790991799.217463
[2026-10-03 09:44:01] ❌ beat fail (499/30): HTTP 403: {"error": "credential rejected", "reason": "credential_revoked", "fix": "检查 X-FSTDD-Token 是否为有效且未吊销的节点凭据；若遗失请联系管理节点(K)重新签发"}
[2026-10-03 09:44:01] ⚠️ 连续失败超限 → 继续但标记告警
[2026-10-03 09:44:08] ❌ beat fail (867/30): HTTP 403: {"error": "credential rejected", "reason": "credential_revoked", "fix": "检查 X-FSTDD-Token 是否为有效且未吊销的节点凭据；若遗失请联系管理节点(K)重新签发"}
[2026-10-03 09:44:09] ⚠️ 连续失败超限 → 继续但标记告警
[2026-10-03 09:44:18] ❌ beat fail (762/30): HTTP 403: {"error": "credential rejected", "reason": "credential_revoked", "fix": "检查 X-FSTDD-Token 是否为有效且未吊销的节点凭据；若遗失请联系管理节点(K)重新签发"}
[2026-10-03 09:44:18] ⚠️ 连续失败超限 → 继续但标记告警
[2026-10-03 09:44:19] ✅ beat ok: node_id=FSTDD003 last_seen=1790991859.9582765
[2026-10-03 09:45:02] ❌ beat fail (500/30): HTTP 403: {"error": "credential rejected", "reason": "credential_revoked", "fix": "检查 X-FSTDD-Token 是否为有效且未吊销的节点凭据；若遗失请联系管理节点(K)重新签发"}
[2026-10-03 09:45:02] ⚠️ 连续失败超限 → 继续但标记告警
[2026-10-03 09:45:10] ❌ beat fail (868/30): HTTP 403: {"error": "credential rejected", "reason": "credential_revoked", "fix": "检查 X-FSTDD-Token 是否为有效且未吊销的节点凭据；若遗失请联系管理节点(K)重新签发"}
[2026-10-03 09:45:10] ⚠️ 连续失败超限 → 继续但标记告警
[2026-10-03 09:45:19] ❌ beat fail (763/30): HTTP 403: {"error": "credential rejected", "reason": "credential_revoked", "fix": "检查 X-FSTDD-Token 是否为有效且未吊销的节点凭据；若遗失请联系管理节点(K)重新签发"}
[2026-10-03 09:45:19] ⚠️ 连续失败超限 → 继续但标记告警
[2026-10-03 09:45:20] ✅ beat ok: node_id=FSTDD003 last_seen=1790991921.0319355
[2026-10-03 09:46:03] ❌ beat fail (501/30): HTTP 403: {"error": "credential rejected", "reason": "credential_revoked", "fix": "检查 X-FSTDD-Token 是否为有效且未吊销的节点凭据；若遗失请联系管理节点(K)重新签发"}
[2026-10-03 09:46:03] ⚠️ 连续失败超限 → 继续但标记告警
[2026-10-03 09:46:11] ❌ beat fail (869/30): HTTP 403: {"error": "credential rejected", "reason": "credential_revoked", "fix": "检查 X-FSTDD-Token 是否为有效且未吊销的节点凭据；若遗失请联系管理节点(K)重新签发"}
[2026-10-03 09:46:11] ⚠️ 连续失败超限 → 继续但标记告警
[2026-10-03 09:46:20] ❌ beat fail (764/30): HTTP 403: {"error": "credential rejected", "reason": "credential_revoked", "fix": "检查 X-FSTDD-Token 是否为有效且未吊销的节点凭据；若遗失请联系管理节点(K)重新签发"}
[2026-10-03 09:46:20] ⚠️ 连续失败超限 → 继续但标记告警
[2026-10-03 09:46:21] ✅ beat ok: node_id=FSTDD003 last_seen=1790991982.095484
[2026-10-03 09:47:03] ❌ beat fail (502/30): HTTP 403: {"error": "credential rejected", "reason": "credential_revoked", "fix": "检查 X-FSTDD-Token 是否为有效且未吊销的节点凭据；若遗失请联系管理节点(K)重新签发"}
[2026-10-03 09:47:03] ⚠️ 连续失败超限 → 继续但标记告警
[2026-10-03 09:47:12] ❌ beat fail (870/30): HTTP 403: {"error": "credential rejected", "reason": "credential_revoked", "fix": "检查 X-FSTDD-Token 是否为有效且未吊销的节点凭据；若遗失请联系管理节点(K)重新签发"}
[2026-10-03 09:47:12] ⚠️ 连续失败超限 → 继续但标记告警
[2026-10-03 09:47:21] ❌ beat fail (765/30): HTTP 403: {"error": "credential rejected", "reason": "credential_revoked", "fix": "检查 X-FSTDD-Token 是否为有效且未吊销的节点凭据；若遗失请联系管理节点(K)重新签发"}
[2026-10-03 09:47:21] ⚠️ 连续失败超限 → 继续但标记告警
[2026-10-03 09:47:22] ✅ beat ok: node_id=FSTDD003 last_seen=1790992043.147437
[2026-10-03 09:48:05] ❌ beat fail (503/30): HTTP 403: {"error": "credential rejected", "reason": "credential_revoked", "fix": "检查 X-FSTDD-Token 是否为有效且未吊销的节点凭据；若遗失请联系管理节点(K)重新签发"}
[2026-10-03 09:48:05] ⚠️ 连续失败超限 → 继续但标记告警
[2026-10-03 09:48:12] ❌ beat fail (871/30): HTTP 403: {"error": "credential rejected", "reason": "credential_revoked", "fix": "检查 X-FSTDD-Token 是否为有效且未吊销的节点凭据；若遗失请联系管理节点(K)重新签发"}
[2026-10-03 09:48:12] ⚠️ 连续失败超限 → 继续但标记告警
[2026-10-03 09:48:22] ❌ beat fail (766/30): HTTP 403: {"error": "credential rejected", "reason": "credential_revoked", "fix": "检查 X-FSTDD-Token 是否为有效且未吊销的节点凭据；若遗失请联系管理节点(K)重新签发"}
[2026-10-03 09:48:22] ⚠️ 连续失败超限 → 继续但标记告警
[2026-10-03 09:48:24] ✅ beat ok: node_id=FSTDD003 last_seen=1790992104.2155647
[2026-10-03 09:49:05] ❌ beat fail (504/30): HTTP 403: {"error": "credential rejected", "reason": "credential_revoked", "fix": "检查 X-FSTDD-Token 是否为有效且未吊销的节点凭据；若遗失请联系管理节点(K)重新签发"}
[2026-10-03 09:49:05] ⚠️ 连续失败超限 → 继续但标记告警
[2026-10-03 09:49:13] ❌ beat fail (872/30): HTTP 403: {"error": "credential rejected", "reason": "credential_revoked", "fix": "检查 X-FSTDD-Token 是否为有效且未吊销的节点凭据；若遗失请联系管理节点(K)重新签发"}
[2026-10-03 09:49:13] ⚠️ 连续失败超限 → 继续但标记告警
[2026-10-03 09:49:24] ❌ beat fail (767/30): HTTP 403: {"error": "credential rejected", "reason": "credential_revoked", "fix": "检查 X-FSTDD-Token 是否为有效且未吊销的节点凭据；若遗失请联系管理节点(K)重新签发"}
[2026-10-03 09:49:24] ⚠️ 连续失败超限 → 继续但标记告警
[2026-10-03 09:49:25] ✅ beat ok: node_id=FSTDD003 last_seen=1790992165.3206248
[2026-10-03 09:50:06] ❌ beat fail (505/30): HTTP 403: {"error": "credential rejected", "reason": "credential_revoked", "fix": "检查 X-FSTDD-Token 是否为有效且未吊销的节点凭据；若遗失请联系管理节点(K)重新签发"}
[2026-10-03 09:50:06] ⚠️ 连续失败超限 → 继续但标记告警
[2026-10-03 09:50:15] ❌ beat fail (873/30): HTTP 403: {"error": "credential rejected", "reason": "credential_revoked", "fix": "检查 X-FSTDD-Token 是否为有效且未吊销的节点凭据；若遗失请联系管理节点(K)重新签发"}
[2026-10-03 09:50:15] ⚠️ 连续失败超限 → 继续但标记告警
[2026-10-03 09:50:24] ❌ beat fail (768/30): HTTP 403: {"error": "credential rejected", "reason": "credential_revoked", "fix": "检查 X-FSTDD-Token 是否为有效且未吊销的节点凭据；若遗失请联系管理节点(K)重新签发"}
[2026-10-03 09:50:24] ⚠️ 连续失败超限 → 继续但标记告警
[2026-10-03 09:50:26] ✅ beat ok: node_id=FSTDD003 last_seen=1790992226.307555
[2026-10-03 09:51:07] ❌ beat fail (506/30): HTTP 403: {"error": "credential rejected", "reason": "credential_revoked", "fix": "检查 X-FSTDD-Token 是否为有效且未吊销的节点凭据；若遗失请联系管理节点(K)重新签发"}
[2026-10-03 09:51:07] ⚠️ 连续失败超限 → 继续但标记告警
[2026-10-03 09:51:16] ❌ beat fail (874/30): HTTP 403: {"error": "credential rejected", "reason": "credential_revoked", "fix": "检查 X-FSTDD-Token 是否为有效且未吊销的节点凭据；若遗失请联系管理节点(K)重新签发"}
[2026-10-03 09:51:16] ⚠️ 连续失败超限 → 继续但标记告警
[2026-10-03 09:51:25] ❌ beat fail (769/30): HTTP 403: {"error": "credential rejected", "reason": "credential_revoked", "fix": "检查 X-FSTDD-Token 是否为有效且未吊销的节点凭据；若遗失请联系管理节点(K)重新签发"}
[2026-10-03 09:51:25] ⚠️ 连续失败超限 → 继续但标记告警
[2026-10-03 09:51:27] ✅ beat ok: node_id=FSTDD003 last_seen=1790992286.9942317
[2026-10-03 09:52:08] ❌ beat fail (507/30): HTTP 403: {"error": "credential rejected", "reason": "credential_revoked", "fix": "检查 X-FSTDD-Token 是否为有效且未吊销的节点凭据；若遗失请联系管理节点(K)重新签发"}
[2026-10-03 09:52:08] ⚠️ 连续失败超限 → 继续但标记告警
[2026-10-03 09:52:17] ❌ beat fail (875/30): HTTP 403: {"error": "credential rejected", "reason": "credential_revoked", "fix": "检查 X-FSTDD-Token 是否为有效且未吊销的节点凭据；若遗失请联系管理节点(K)重新签发"}
[2026-10-03 09:52:17] ⚠️ 连续失败超限 → 继续但标记告警
[2026-10-03 09:52:26] ❌ beat fail (770/30): HTTP 403: {"error": "credential rejected", "reason": "credential_revoked", "fix": "检查 X-FSTDD-Token 是否为有效且未吊销的节点凭据；若遗失请联系管理节点(K)重新签发"}
[2026-10-03 09:52:26] ⚠️ 连续失败超限 → 继续但标记告警
[2026-10-03 09:52:28] ✅ beat ok: node_id=FSTDD003 last_seen=1790992348.220329
[2026-10-03 09:53:09] ❌ beat fail (508/30): HTTP 403: {"error": "credential rejected", "reason": "credential_revoked", "fix": "检查 X-FSTDD-Token 是否为有效且未吊销的节点凭据；若遗失请联系管理节点(K)重新签发"}
[2026-10-03 09:53:09] ⚠️ 连续失败超限 → 继续但标记告警
[2026-10-03 09:53:17] ❌ beat fail (876/30): HTTP 403: {"error": "credential rejected", "reason": "credential_revoked", "fix": "检查 X-FSTDD-Token 是否为有效且未吊销的节点凭据；若遗失请联系管理节点(K)重新签发"}
[2026-10-03 09:53:17] ⚠️ 连续失败超限 → 继续但标记告警
[2026-10-03 09:53:27] ❌ beat fail (771/30): HTTP 403: {"error": "credential rejected", "reason": "credential_revoked", "fix": "检查 X-FSTDD-Token 是否为有效且未吊销的节点凭据；若遗失请联系管理节点(K)重新签发"}
[2026-10-03 09:53:27] ⚠️ 连续失败超限 → 继续但标记告警
[2026-10-03 09:53:29] ✅ beat ok: node_id=FSTDD003 last_seen=1790992409.2904067
[2026-10-03 09:54:10] ❌ beat fail (509/30): HTTP 403: {"error": "credential rejected", "reason": "credential_revoked", "fix": "检查 X-FSTDD-Token 是否为有效且未吊销的节点凭据；若遗失请联系管理节点(K)重新签发"}
[2026-10-03 09:54:10] ⚠️ 连续失败超限 → 继续但标记告警
[2026-10-03 09:54:18] ❌ beat fail (877/30): HTTP 403: {"error": "credential rejected", "reason": "credential_revoked", "fix": "检查 X-FSTDD-Token 是否为有效且未吊销的节点凭据；若遗失请联系管理节点(K)重新签发"}
[2026-10-03 09:54:18] ⚠️ 连续失败超限 → 继续但标记告警
[2026-10-03 09:54:29] ❌ beat fail (772/30): HTTP 403: {"error": "credential rejected", "reason": "credential_revoked", "fix": "检查 X-FSTDD-Token 是否为有效且未吊销的节点凭据；若遗失请联系管理节点(K)重新签发"}
[2026-10-03 09:54:29] ⚠️ 连续失败超限 → 继续但标记告警
[2026-10-03 09:54:30] ✅ beat ok: node_id=FSTDD003 last_seen=1790992470.4753716
[2026-10-03 09:55:11] ❌ beat fail (510/30): HTTP 403: {"error": "credential rejected", "reason": "credential_revoked", "fix": "检查 X-FSTDD-Token 是否为有效且未吊销的节点凭据；若遗失请联系管理节点(K)重新签发"}
[2026-10-03 09:55:11] ⚠️ 连续失败超限 → 继续但标记告警
[2026-10-03 09:55:19] ❌ beat fail (878/30): HTTP 403: {"error": "credential rejected", "reason": "credential_revoked", "fix": "检查 X-FSTDD-Token 是否为有效且未吊销的节点凭据；若遗失请联系管理节点(K)重新签发"}
[2026-10-03 09:55:19] ⚠️ 连续失败超限 → 继续但标记告警
[2026-10-03 09:55:29] ❌ beat fail (773/30): HTTP 403: {"error": "credential rejected", "reason": "credential_revoked", "fix": "检查 X-FSTDD-Token 是否为有效且未吊销的节点凭据；若遗失请联系管理节点(K)重新签发"}
[2026-10-03 09:55:29] ⚠️ 连续失败超限 → 继续但标记告警
[2026-10-03 09:55:31] ✅ beat ok: node_id=FSTDD003 last_seen=1790992531.3665473
[2026-10-03 09:56:12] ❌ beat fail (511/30): HTTP 403: {"error": "credential rejected", "reason": "credential_revoked", "fix": "检查 X-FSTDD-Token 是否为有效且未吊销的节点凭据；若遗失请联系管理节点(K)重新签发"}
[2026-10-03 09:56:12] ⚠️ 连续失败超限 → 继续但标记告警
[2026-10-03 09:56:20] ❌ beat fail (879/30): HTTP 403: {"error": "credential rejected", "reason": "credential_revoked", "fix": "检查 X-FSTDD-Token 是否为有效且未吊销的节点凭据；若遗失请联系管理节点(K)重新签发"}
[2026-10-03 09:56:20] ⚠️ 连续失败超限 → 继续但标记告警
[2026-10-03 09:56:30] ❌ beat fail (774/30): HTTP 403: {"error": "credential rejected", "reason": "credential_revoked", "fix": "检查 X-FSTDD-Token 是否为有效且未吊销的节点凭据；若遗失请联系管理节点(K)重新签发"}
[2026-10-03 09:56:30] ⚠️ 连续失败超限 → 继续但标记告警
[2026-10-03 09:56:32] ✅ beat ok: node_id=FSTDD003 last_seen=1790992592.4741538
[2026-10-03 09:57:13] ❌ beat fail (512/30): HTTP 403: {"error": "credential rejected", "reason": "credential_revoked", "fix": "检查 X-FSTDD-Token 是否为有效且未吊销的节点凭据；若遗失请联系管理节点(K)重新签发"}
[2026-10-03 09:57:13] ⚠️ 连续失败超限 → 继续但标记告警
[2026-10-03 09:57:21] ❌ beat fail (880/30): HTTP 403: {"error": "credential rejected", "reason": "credential_revoked", "fix": "检查 X-FSTDD-Token 是否为有效且未吊销的节点凭据；若遗失请联系管理节点(K)重新签发"}
[2026-10-03 09:57:21] ⚠️ 连续失败超限 → 继续但标记告警
[2026-10-03 09:57:31] ❌ beat fail (775/30): HTTP 403: {"error": "credential rejected", "reason": "credential_revoked", "fix": "检查 X-FSTDD-Token 是否为有效且未吊销的节点凭据；若遗失请联系管理节点(K)重新签发"}
[2026-10-03 09:57:31] ⚠️ 连续失败超限 → 继续但标记告警
[2026-10-03 09:57:33] ✅ beat ok: node_id=FSTDD003 last_seen=1790992653.1813877
[2026-10-03 09:58:14] ❌ beat fail (513/30): HTTP 403: {"error": "credential rejected", "reason": "credential_revoked", "fix": "检查 X-FSTDD-Token 是否为有效且未吊销的节点凭据；若遗失请联系管理节点(K)重新签发"}
[2026-10-03 09:58:14] ⚠️ 连续失败超限 → 继续但标记告警
[2026-10-03 09:58:22] ❌ beat fail (881/30): HTTP 403: {"error": "credential rejected", "reason": "credential_revoked", "fix": "检查 X-FSTDD-Token 是否为有效且未吊销的节点凭据；若遗失请联系管理节点(K)重新签发"}
[2026-10-03 09:58:22] ⚠️ 连续失败超限 → 继续但标记告警
[2026-10-03 09:58:32] ❌ beat fail (776/30): HTTP 403: {"error": "credential rejected", "reason": "credential_revoked", "fix": "检查 X-FSTDD-Token 是否为有效且未吊销的节点凭据；若遗失请联系管理节点(K)重新签发"}
[2026-10-03 09:58:32] ⚠️ 连续失败超限 → 继续但标记告警
[2026-10-03 09:58:34] ✅ beat ok: node_id=FSTDD003 last_seen=1790992714.276914
[2026-10-03 09:59:15] ❌ beat fail (514/30): HTTP 403: {"error": "credential rejected", "reason": "credential_revoked", "fix": "检查 X-FSTDD-Token 是否为有效且未吊销的节点凭据；若遗失请联系管理节点(K)重新签发"}
[2026-10-03 09:59:15] ⚠️ 连续失败超限 → 继续但标记告警
[2026-10-03 09:59:24] ❌ beat fail (882/30): HTTP 403: {"error": "credential rejected", "reason": "credential_revoked", "fix": "检查 X-FSTDD-Token 是否为有效且未吊销的节点凭据；若遗失请联系管理节点(K)重新签发"}
[2026-10-03 09:59:24] ⚠️ 连续失败超限 → 继续但标记告警
[2026-10-03 09:59:33] ❌ beat fail (777/30): HTTP 403: {"error": "credential rejected", "reason": "credential_revoked", "fix": "检查 X-FSTDD-Token 是否为有效且未吊销的节点凭据；若遗失请联系管理节点(K)重新签发"}
[2026-10-03 09:59:33] ⚠️ 连续失败超限 → 继续但标记告警
[2026-10-03 09:59:35] ✅ beat ok: node_id=FSTDD003 last_seen=1790992774.9950247
[2026-10-03 10:00:16] ❌ beat fail (515/30): HTTP 403: {"error": "credential rejected", "reason": "credential_revoked", "fix": "检查 X-FSTDD-Token 是否为有效且未吊销的节点凭据；若遗失请联系管理节点(K)重新签发"}
[2026-10-03 10:00:16] ⚠️ 连续失败超限 → 继续但标记告警
[2026-10-03 10:00:25] ❌ beat fail (883/30): HTTP 403: {"error": "credential rejected", "reason": "credential_revoked", "fix": "检查 X-FSTDD-Token 是否为有效且未吊销的节点凭据；若遗失请联系管理节点(K)重新签发"}
[2026-10-03 10:00:25] ⚠️ 连续失败超限 → 继续但标记告警
[2026-10-03 10:00:34] ❌ beat fail (778/30): HTTP 403: {"error": "credential rejected", "reason": "credential_revoked", "fix": "检查 X-FSTDD-Token 是否为有效且未吊销的节点凭据；若遗失请联系管理节点(K)重新签发"}
[2026-10-03 10:00:34] ⚠️ 连续失败超限 → 继续但标记告警
[2026-10-03 10:00:36] ✅ beat ok: node_id=FSTDD003 last_seen=1790992836.132623
[2026-10-03 10:01:17] ❌ beat fail (516/30): HTTP 403: {"error": "credential rejected", "reason": "credential_revoked", "fix": "检查 X-FSTDD-Token 是否为有效且未吊销的节点凭据；若遗失请联系管理节点(K)重新签发"}
[2026-10-03 10:01:17] ⚠️ 连续失败超限 → 继续但标记告警
[2026-10-03 10:01:26] ❌ beat fail (884/30): HTTP 403: {"error": "credential rejected", "reason": "credential_revoked", "fix": "检查 X-FSTDD-Token 是否为有效且未吊销的节点凭据；若遗失请联系管理节点(K)重新签发"}
[2026-10-03 10:01:26] ⚠️ 连续失败超限 → 继续但标记告警
[2026-10-03 10:01:35] ❌ beat fail (779/30): HTTP 403: {"error": "credential rejected", "reason": "credential_revoked", "fix": "检查 X-FSTDD-Token 是否为有效且未吊销的节点凭据；若遗失请联系管理节点(K)重新签发"}
[2026-10-03 10:01:35] ⚠️ 连续失败超限 → 继续但标记告警
[2026-10-03 10:01:37] ✅ beat ok: node_id=FSTDD003 last_seen=1790992897.2387698
[2026-10-03 10:02:18] ❌ beat fail (517/30): HTTP 403: {"error": "credential rejected", "reason": "credential_revoked", "fix": "检查 X-FSTDD-Token 是否为有效且未吊销的节点凭据；若遗失请联系管理节点(K)重新签发"}
[2026-10-03 10:02:18] ⚠️ 连续失败超限 → 继续但标记告警
[2026-10-03 10:02:27] ❌ beat fail (885/30): HTTP 403: {"error": "credential rejected", "reason": "credential_revoked", "fix": "检查 X-FSTDD-Token 是否为有效且未吊销的节点凭据；若遗失请联系管理节点(K)重新签发"}
[2026-10-03 10:02:27] ⚠️ 连续失败超限 → 继续但标记告警
[2026-10-03 10:02:36] ❌ beat fail (780/30): HTTP 403: {"error": "credential rejected", "reason": "credential_revoked", "fix": "检查 X-FSTDD-Token 是否为有效且未吊销的节点凭据；若遗失请联系管理节点(K)重新签发"}
[2026-10-03 10:02:36] ⚠️ 连续失败超限 → 继续但标记告警
[2026-10-03 10:02:37] ✅ beat ok: node_id=FSTDD003 last_seen=1790992957.9250953
[2026-10-03 10:03:19] ❌ beat fail (518/30): HTTP 403: {"error": "credential rejected", "reason": "credential_revoked", "fix": "检查 X-FSTDD-Token 是否为有效且未吊销的节点凭据；若遗失请联系管理节点(K)重新签发"}
[2026-10-03 10:03:19] ⚠️ 连续失败超限 → 继续但标记告警
[2026-10-03 10:03:28] ❌ beat fail (886/30): HTTP 403: {"error": "credential rejected", "reason": "credential_revoked", "fix": "检查 X-FSTDD-Token 是否为有效且未吊销的节点凭据；若遗失请联系管理节点(K)重新签发"}
[2026-10-03 10:03:28] ⚠️ 连续失败超限 → 继续但标记告警
[2026-10-03 10:03:37] ❌ beat fail (781/30): HTTP 403: {"error": "credential rejected", "reason": "credential_revoked", "fix": "检查 X-FSTDD-Token 是否为有效且未吊销的节点凭据；若遗失请联系管理节点(K)重新签发"}
[2026-10-03 10:03:37] ⚠️ 连续失败超限 → 继续但标记告警
[2026-10-03 10:03:38] ✅ beat ok: node_id=FSTDD003 last_seen=1790993018.9690473
[2026-10-03 10:04:20] ❌ beat fail (519/30): HTTP 403: {"error": "credential rejected", "reason": "credential_revoked", "fix": "检查 X-FSTDD-Token 是否为有效且未吊销的节点凭据；若遗失请联系管理节点(K)重新签发"}
[2026-10-03 10:04:20] ⚠️ 连续失败超限 → 继续但标记告警
[2026-10-03 10:04:29] ❌ beat fail (887/30): HTTP 403: {"error": "credential rejected", "reason": "credential_revoked", "fix": "检查 X-FSTDD-Token 是否为有效且未吊销的节点凭据；若遗失请联系管理节点(K)重新签发"}
[2026-10-03 10:04:29] ⚠️ 连续失败超限 → 继续但标记告警
[2026-10-03 10:04:38] ❌ beat fail (782/30): HTTP 403: {"error": "credential rejected", "reason": "credential_revoked", "fix": "检查 X-FSTDD-Token 是否为有效且未吊销的节点凭据；若遗失请联系管理节点(K)重新签发"}
[2026-10-03 10:04:38] ⚠️ 连续失败超限 → 继续但标记告警
[2026-10-03 10:04:40] ✅ beat ok: node_id=FSTDD003 last_seen=1790993080.0465581
[2026-10-03 10:05:21] ❌ beat fail (520/30): HTTP 403: {"error": "credential rejected", "reason": "credential_revoked", "fix": "检查 X-FSTDD-Token 是否为有效且未吊销的节点凭据；若遗失请联系管理节点(K)重新签发"}
[2026-10-03 10:05:21] ⚠️ 连续失败超限 → 继续但标记告警
[2026-10-03 10:05:30] ❌ beat fail (888/30): HTTP 403: {"error": "credential rejected", "reason": "credential_revoked", "fix": "检查 X-FSTDD-Token 是否为有效且未吊销的节点凭据；若遗失请联系管理节点(K)重新签发"}
[2026-10-03 10:05:30] ⚠️ 连续失败超限 → 继续但标记告警
[2026-10-03 10:05:39] ❌ beat fail (783/30): HTTP 403: {"error": "credential rejected", "reason": "credential_revoked", "fix": "检查 X-FSTDD-Token 是否为有效且未吊销的节点凭据；若遗失请联系管理节点(K)重新签发"}
[2026-10-03 10:05:39] ⚠️ 连续失败超限 → 继续但标记告警
[2026-10-03 10:05:40] ✅ beat ok: node_id=FSTDD003 last_seen=1790993141.1412835
[2026-10-03 10:06:22] ❌ beat fail (521/30): HTTP 403: {"error": "credential rejected", "reason": "credential_revoked", "fix": "检查 X-FSTDD-Token 是否为有效且未吊销的节点凭据；若遗失请联系管理节点(K)重新签发"}
[2026-10-03 10:06:22] ⚠️ 连续失败超限 → 继续但标记告警
[2026-10-03 10:06:31] ❌ beat fail (889/30): HTTP 403: {"error": "credential rejected", "reason": "credential_revoked", "fix": "检查 X-FSTDD-Token 是否为有效且未吊销的节点凭据；若遗失请联系管理节点(K)重新签发"}
[2026-10-03 10:06:31] ⚠️ 连续失败超限 → 继续但标记告警
[2026-10-03 10:06:40] ❌ beat fail (784/30): HTTP 403: {"error": "credential rejected", "reason": "credential_revoked", "fix": "检查 X-FSTDD-Token 是否为有效且未吊销的节点凭据；若遗失请联系管理节点(K)重新签发"}
[2026-10-03 10:06:40] ⚠️ 连续失败超限 → 继续但标记告警
[2026-10-03 10:06:41] ✅ beat ok: node_id=FSTDD003 last_seen=1790993201.8336456
[2026-10-03 10:07:24] ❌ beat fail (522/30): HTTP 403: {"error": "credential rejected", "reason": "credential_revoked", "fix": "检查 X-FSTDD-Token 是否为有效且未吊销的节点凭据；若遗失请联系管理节点(K)重新签发"}
[2026-10-03 10:07:24] ⚠️ 连续失败超限 → 继续但标记告警
[2026-10-03 10:07:33] ❌ beat fail (890/30): HTTP 403: {"error": "credential rejected", "reason": "credential_revoked", "fix": "检查 X-FSTDD-Token 是否为有效且未吊销的节点凭据；若遗失请联系管理节点(K)重新签发"}
[2026-10-03 10:07:33] ⚠️ 连续失败超限 → 继续但标记告警
[2026-10-03 10:07:41] ❌ beat fail (785/30): HTTP 403: {"error": "credential rejected", "reason": "credential_revoked", "fix": "检查 X-FSTDD-Token 是否为有效且未吊销的节点凭据；若遗失请联系管理节点(K)重新签发"}
[2026-10-03 10:07:41] ⚠️ 连续失败超限 → 继续但标记告警
[2026-10-03 10:07:42] ✅ beat ok: node_id=FSTDD003 last_seen=1790993262.9366188
[2026-10-03 10:08:25] ❌ beat fail (523/30): HTTP 403: {"error": "credential rejected", "reason": "credential_revoked", "fix": "检查 X-FSTDD-Token 是否为有效且未吊销的节点凭据；若遗失请联系管理节点(K)重新签发"}
[2026-10-03 10:08:25] ⚠️ 连续失败超限 → 继续但标记告警
[2026-10-03 10:08:33] ❌ beat fail (891/30): HTTP 403: {"error": "credential rejected", "reason": "credential_revoked", "fix": "检查 X-FSTDD-Token 是否为有效且未吊销的节点凭据；若遗失请联系管理节点(K)重新签发"}
[2026-10-03 10:08:33] ⚠️ 连续失败超限 → 继续但标记告警
[2026-10-03 10:08:42] ❌ beat fail (786/30): HTTP 403: {"error": "credential rejected", "reason": "credential_revoked", "fix": "检查 X-FSTDD-Token 是否为有效且未吊销的节点凭据；若遗失请联系管理节点(K)重新签发"}
[2026-10-03 10:08:42] ⚠️ 连续失败超限 → 继续但标记告警
[2026-10-03 10:08:43] ✅ beat ok: node_id=FSTDD003 last_seen=1790993323.945102
[2026-10-03 10:09:26] ❌ beat fail (524/30): HTTP 403: {"error": "credential rejected", "reason": "credential_revoked", "fix": "检查 X-FSTDD-Token 是否为有效且未吊销的节点凭据；若遗失请联系管理节点(K)重新签发"}
[2026-10-03 10:09:26] ⚠️ 连续失败超限 → 继续但标记告警
[2026-10-03 10:09:34] ❌ beat fail (892/30): HTTP 403: {"error": "credential rejected", "reason": "credential_revoked", "fix": "检查 X-FSTDD-Token 是否为有效且未吊销的节点凭据；若遗失请联系管理节点(K)重新签发"}
[2026-10-03 10:09:34] ⚠️ 连续失败超限 → 继续但标记告警
[2026-10-03 10:09:43] ❌ beat fail (787/30): HTTP 403: {"error": "credential rejected", "reason": "credential_revoked", "fix": "检查 X-FSTDD-Token 是否为有效且未吊销的节点凭据；若遗失请联系管理节点(K)重新签发"}
[2026-10-03 10:09:43] ⚠️ 连续失败超限 → 继续但标记告警
[2026-10-03 10:09:44] ✅ beat ok: node_id=FSTDD003 last_seen=1790993384.635573
[2026-10-03 10:10:27] ❌ beat fail (525/30): HTTP 403: {"error": "credential rejected", "reason": "credential_revoked", "fix": "检查 X-FSTDD-Token 是否为有效且未吊销的节点凭据；若遗失请联系管理节点(K)重新签发"}
[2026-10-03 10:10:27] ⚠️ 连续失败超限 → 继续但标记告警
[2026-10-03 10:10:35] ❌ beat fail (893/30): HTTP 403: {"error": "credential rejected", "reason": "credential_revoked", "fix": "检查 X-FSTDD-Token 是否为有效且未吊销的节点凭据；若遗失请联系管理节点(K)重新签发"}
[2026-10-03 10:10:35] ⚠️ 连续失败超限 → 继续但标记告警
[2026-10-03 10:10:44] ❌ beat fail (788/30): HTTP 403: {"error": "credential rejected", "reason": "credential_revoked", "fix": "检查 X-FSTDD-Token 是否为有效且未吊销的节点凭据；若遗失请联系管理节点(K)重新签发"}
[2026-10-03 10:10:44] ⚠️ 连续失败超限 → 继续但标记告警
[2026-10-03 10:10:46] ✅ beat ok: node_id=FSTDD003 last_seen=1790993445.8119256
[2026-10-03 10:11:27] ❌ beat fail (526/30): HTTP 403: {"error": "credential rejected", "reason": "credential_revoked", "fix": "检查 X-FSTDD-Token 是否为有效且未吊销的节点凭据；若遗失请联系管理节点(K)重新签发"}
[2026-10-03 10:11:27] ⚠️ 连续失败超限 → 继续但标记告警
[2026-10-03 10:11:36] ❌ beat fail (894/30): HTTP 403: {"error": "credential rejected", "reason": "credential_revoked", "fix": "检查 X-FSTDD-Token 是否为有效且未吊销的节点凭据；若遗失请联系管理节点(K)重新签发"}
[2026-10-03 10:11:36] ⚠️ 连续失败超限 → 继续但标记告警
[2026-10-03 10:11:45] ❌ beat fail (789/30): HTTP 403: {"error": "credential rejected", "reason": "credential_revoked", "fix": "检查 X-FSTDD-Token 是否为有效且未吊销的节点凭据；若遗失请联系管理节点(K)重新签发"}
[2026-10-03 10:11:45] ⚠️ 连续失败超限 → 继续但标记告警
[2026-10-03 10:11:47] ✅ beat ok: node_id=FSTDD003 last_seen=1790993507.3099267
[2026-10-03 10:12:28] ❌ beat fail (527/30): HTTP 403: {"error": "credential rejected", "reason": "credential_revoked", "fix": "检查 X-FSTDD-Token 是否为有效且未吊销的节点凭据；若遗失请联系管理节点(K)重新签发"}
[2026-10-03 10:12:28] ⚠️ 连续失败超限 → 继续但标记告警
[2026-10-03 10:12:37] ❌ beat fail (895/30): HTTP 403: {"error": "credential rejected", "reason": "credential_revoked", "fix": "检查 X-FSTDD-Token 是否为有效且未吊销的节点凭据；若遗失请联系管理节点(K)重新签发"}
[2026-10-03 10:12:37] ⚠️ 连续失败超限 → 继续但标记告警
[2026-10-03 10:12:46] ❌ beat fail (790/30): HTTP 403: {"error": "credential rejected", "reason": "credential_revoked", "fix": "检查 X-FSTDD-Token 是否为有效且未吊销的节点凭据；若遗失请联系管理节点(K)重新签发"}
[2026-10-03 10:12:46] ⚠️ 连续失败超限 → 继续但标记告警
[2026-10-03 10:12:47] ✅ beat ok: node_id=FSTDD003 last_seen=1790993568.078194
[2026-10-03 10:13:29] ❌ beat fail (528/30): HTTP 403: {"error": "credential rejected", "reason": "credential_revoked", "fix": "检查 X-FSTDD-Token 是否为有效且未吊销的节点凭据；若遗失请联系管理节点(K)重新签发"}
[2026-10-03 10:13:29] ⚠️ 连续失败超限 → 继续但标记告警
[2026-10-03 10:13:38] ❌ beat fail (896/30): HTTP 403: {"error": "credential rejected", "reason": "credential_revoked", "fix": "检查 X-FSTDD-Token 是否为有效且未吊销的节点凭据；若遗失请联系管理节点(K)重新签发"}
[2026-10-03 10:13:38] ⚠️ 连续失败超限 → 继续但标记告警
[2026-10-03 10:13:47] ❌ beat fail (791/30): HTTP 403: {"error": "credential rejected", "reason": "credential_revoked", "fix": "检查 X-FSTDD-Token 是否为有效且未吊销的节点凭据；若遗失请联系管理节点(K)重新签发"}
[2026-10-03 10:13:47] ⚠️ 连续失败超限 → 继续但标记告警
[2026-10-03 10:13:48] ✅ beat ok: node_id=FSTDD003 last_seen=1790993628.8415647
[2026-10-03 10:14:30] ❌ beat fail (529/30): HTTP 403: {"error": "credential rejected", "reason": "credential_revoked", "fix": "检查 X-FSTDD-Token 是否为有效且未吊销的节点凭据；若遗失请联系管理节点(K)重新签发"}
[2026-10-03 10:14:30] ⚠️ 连续失败超限 → 继续但标记告警
[2026-10-03 10:14:39] ❌ beat fail (897/30): HTTP 403: {"error": "credential rejected", "reason": "credential_revoked", "fix": "检查 X-FSTDD-Token 是否为有效且未吊销的节点凭据；若遗失请联系管理节点(K)重新签发"}
[2026-10-03 10:14:39] ⚠️ 连续失败超限 → 继续但标记告警
[2026-10-03 10:14:48] ❌ beat fail (792/30): HTTP 403: {"error": "credential rejected", "reason": "credential_revoked", "fix": "检查 X-FSTDD-Token 是否为有效且未吊销的节点凭据；若遗失请联系管理节点(K)重新签发"}
[2026-10-03 10:14:48] ⚠️ 连续失败超限 → 继续但标记告警
[2026-10-03 10:14:49] ✅ beat ok: node_id=FSTDD003 last_seen=1790993689.526858
[2026-10-03 10:15:31] ❌ beat fail (530/30): HTTP 403: {"error": "credential rejected", "reason": "credential_revoked", "fix": "检查 X-FSTDD-Token 是否为有效且未吊销的节点凭据；若遗失请联系管理节点(K)重新签发"}
[2026-10-03 10:15:31] ⚠️ 连续失败超限 → 继续但标记告警
[2026-10-03 10:15:40] ❌ beat fail (898/30): HTTP 403: {"error": "credential rejected", "reason": "credential_revoked", "fix": "检查 X-FSTDD-Token 是否为有效且未吊销的节点凭据；若遗失请联系管理节点(K)重新签发"}
[2026-10-03 10:15:40] ⚠️ 连续失败超限 → 继续但标记告警
[2026-10-03 10:15:48] ❌ beat fail (793/30): HTTP 403: {"error": "credential rejected", "reason": "credential_revoked", "fix": "检查 X-FSTDD-Token 是否为有效且未吊销的节点凭据；若遗失请联系管理节点(K)重新签发"}
[2026-10-03 10:15:48] ⚠️ 连续失败超限 → 继续但标记告警
[2026-10-03 10:15:50] ✅ beat ok: node_id=FSTDD003 last_seen=1790993750.5354543
[2026-10-03 10:16:32] ❌ beat fail (531/30): HTTP 403: {"error": "credential rejected", "reason": "credential_revoked", "fix": "检查 X-FSTDD-Token 是否为有效且未吊销的节点凭据；若遗失请联系管理节点(K)重新签发"}
[2026-10-03 10:16:32] ⚠️ 连续失败超限 → 继续但标记告警
[2026-10-03 10:16:41] ❌ beat fail (899/30): HTTP 403: {"error": "credential rejected", "reason": "credential_revoked", "fix": "检查 X-FSTDD-Token 是否为有效且未吊销的节点凭据；若遗失请联系管理节点(K)重新签发"}
[2026-10-03 10:16:41] ⚠️ 连续失败超限 → 继续但标记告警
[2026-10-03 10:16:49] ❌ beat fail (794/30): HTTP 403: {"error": "credential rejected", "reason": "credential_revoked", "fix": "检查 X-FSTDD-Token 是否为有效且未吊销的节点凭据；若遗失请联系管理节点(K)重新签发"}
[2026-10-03 10:16:49] ⚠️ 连续失败超限 → 继续但标记告警
[2026-10-03 10:16:51] ✅ beat ok: node_id=FSTDD003 last_seen=1790993811.2771661
[2026-10-03 10:17:32] ❌ beat fail (532/30): HTTP 403: {"error": "credential rejected", "reason": "credential_revoked", "fix": "检查 X-FSTDD-Token 是否为有效且未吊销的节点凭据；若遗失请联系管理节点(K)重新签发"}
[2026-10-03 10:17:32] ⚠️ 连续失败超限 → 继续但标记告警
[2026-10-03 10:17:42] ❌ beat fail (900/30): HTTP 403: {"error": "credential rejected", "reason": "credential_revoked", "fix": "检查 X-FSTDD-Token 是否为有效且未吊销的节点凭据；若遗失请联系管理节点(K)重新签发"}
[2026-10-03 10:17:42] ⚠️ 连续失败超限 → 继续但标记告警
[2026-10-03 10:17:50] ❌ beat fail (795/30): HTTP 403: {"error": "credential rejected", "reason": "credential_revoked", "fix": "检查 X-FSTDD-Token 是否为有效且未吊销的节点凭据；若遗失请联系管理节点(K)重新签发"}
[2026-10-03 10:17:50] ⚠️ 连续失败超限 → 继续但标记告警
[2026-10-03 10:17:52] ✅ beat ok: node_id=FSTDD003 last_seen=1790993872.634321
[2026-10-03 10:18:33] ❌ beat fail (533/30): HTTP 403: {"error": "credential rejected", "reason": "credential_revoked", "fix": "检查 X-FSTDD-Token 是否为有效且未吊销的节点凭据；若遗失请联系管理节点(K)重新签发"}
[2026-10-03 10:18:33] ⚠️ 连续失败超限 → 继续但标记告警
[2026-10-03 10:18:43] ❌ beat fail (901/30): HTTP 403: {"error": "credential rejected", "reason": "credential_revoked", "fix": "检查 X-FSTDD-Token 是否为有效且未吊销的节点凭据；若遗失请联系管理节点(K)重新签发"}
[2026-10-03 10:18:43] ⚠️ 连续失败超限 → 继续但标记告警
[2026-10-03 10:18:51] ❌ beat fail (796/30): HTTP 403: {"error": "credential rejected", "reason": "credential_revoked", "fix": "检查 X-FSTDD-Token 是否为有效且未吊销的节点凭据；若遗失请联系管理节点(K)重新签发"}
[2026-10-03 10:18:51] ⚠️ 连续失败超限 → 继续但标记告警
[2026-10-03 10:18:53] ✅ beat ok: node_id=FSTDD003 last_seen=1790993933.3299654
[2026-10-03 10:19:34] ❌ beat fail (534/30): HTTP 403: {"error": "credential rejected", "reason": "credential_revoked", "fix": "检查 X-FSTDD-Token 是否为有效且未吊销的节点凭据；若遗失请联系管理节点(K)重新签发"}
[2026-10-03 10:19:34] ⚠️ 连续失败超限 → 继续但标记告警
[2026-10-03 10:19:44] ❌ beat fail (902/30): HTTP 403: {"error": "credential rejected", "reason": "credential_revoked", "fix": "检查 X-FSTDD-Token 是否为有效且未吊销的节点凭据；若遗失请联系管理节点(K)重新签发"}
[2026-10-03 10:19:44] ⚠️ 连续失败超限 → 继续但标记告警
[2026-10-03 10:19:52] ❌ beat fail (797/30): HTTP 403: {"error": "credential rejected", "reason": "credential_revoked", "fix": "检查 X-FSTDD-Token 是否为有效且未吊销的节点凭据；若遗失请联系管理节点(K)重新签发"}
[2026-10-03 10:19:52] ⚠️ 连续失败超限 → 继续但标记告警
[2026-10-03 10:19:54] ✅ beat ok: node_id=FSTDD003 last_seen=1790993994.464153
[2026-10-03 10:20:35] ❌ beat fail (535/30): HTTP 403: {"error": "credential rejected", "reason": "credential_revoked", "fix": "检查 X-FSTDD-Token 是否为有效且未吊销的节点凭据；若遗失请联系管理节点(K)重新签发"}
[2026-10-03 10:20:35] ⚠️ 连续失败超限 → 继续但标记告警
[2026-10-03 10:20:46] ❌ beat fail (903/30): HTTP 403: {"error": "credential rejected", "reason": "credential_revoked", "fix": "检查 X-FSTDD-Token 是否为有效且未吊销的节点凭据；若遗失请联系管理节点(K)重新签发"}
[2026-10-03 10:20:46] ⚠️ 连续失败超限 → 继续但标记告警
[2026-10-03 10:20:53] ❌ beat fail (798/30): HTTP 403: {"error": "credential rejected", "reason": "credential_revoked", "fix": "检查 X-FSTDD-Token 是否为有效且未吊销的节点凭据；若遗失请联系管理节点(K)重新签发"}
[2026-10-03 10:20:53] ⚠️ 连续失败超限 → 继续但标记告警
[2026-10-03 10:20:55] ✅ beat ok: node_id=FSTDD003 last_seen=1790994055.4851274
[2026-10-03 10:21:36] ❌ beat fail (536/30): HTTP 403: {"error": "credential rejected", "reason": "credential_revoked", "fix": "检查 X-FSTDD-Token 是否为有效且未吊销的节点凭据；若遗失请联系管理节点(K)重新签发"}
[2026-10-03 10:21:36] ⚠️ 连续失败超限 → 继续但标记告警
[2026-10-03 10:21:47] ❌ beat fail (904/30): HTTP 403: {"error": "credential rejected", "reason": "credential_revoked", "fix": "检查 X-FSTDD-Token 是否为有效且未吊销的节点凭据；若遗失请联系管理节点(K)重新签发"}
[2026-10-03 10:21:47] ⚠️ 连续失败超限 → 继续但标记告警
[2026-10-03 10:21:54] ❌ beat fail (799/30): HTTP 403: {"error": "credential rejected", "reason": "credential_revoked", "fix": "检查 X-FSTDD-Token 是否为有效且未吊销的节点凭据；若遗失请联系管理节点(K)重新签发"}
[2026-10-03 10:21:54] ⚠️ 连续失败超限 → 继续但标记告警
[2026-10-03 10:21:56] ✅ beat ok: node_id=FSTDD003 last_seen=1790994116.6539974
[2026-10-03 10:22:37] ❌ beat fail (537/30): HTTP 403: {"error": "credential rejected", "reason": "credential_revoked", "fix": "检查 X-FSTDD-Token 是否为有效且未吊销的节点凭据；若遗失请联系管理节点(K)重新签发"}
[2026-10-03 10:22:37] ⚠️ 连续失败超限 → 继续但标记告警
[2026-10-03 10:22:48] ❌ beat fail (905/30): HTTP 403: {"error": "credential rejected", "reason": "credential_revoked", "fix": "检查 X-FSTDD-Token 是否为有效且未吊销的节点凭据；若遗失请联系管理节点(K)重新签发"}
[2026-10-03 10:22:48] ⚠️ 连续失败超限 → 继续但标记告警
[2026-10-03 10:22:55] ❌ beat fail (800/30): HTTP 403: {"error": "credential rejected", "reason": "credential_revoked", "fix": "检查 X-FSTDD-Token 是否为有效且未吊销的节点凭据；若遗失请联系管理节点(K)重新签发"}
[2026-10-03 10:22:55] ⚠️ 连续失败超限 → 继续但标记告警
[2026-10-03 10:22:57] ✅ beat ok: node_id=FSTDD003 last_seen=1790994177.845698
[2026-10-03 10:23:37] ❌ beat fail (538/30): HTTP 403: {"error": "credential rejected", "reason": "credential_revoked", "fix": "检查 X-FSTDD-Token 是否为有效且未吊销的节点凭据；若遗失请联系管理节点(K)重新签发"}
[2026-10-03 10:23:37] ⚠️ 连续失败超限 → 继续但标记告警
[2026-10-03 10:23:49] ❌ beat fail (906/30): HTTP 403: {"error": "credential rejected", "reason": "credential_revoked", "fix": "检查 X-FSTDD-Token 是否为有效且未吊销的节点凭据；若遗失请联系管理节点(K)重新签发"}
[2026-10-03 10:23:49] ⚠️ 连续失败超限 → 继续但标记告警
[2026-10-03 10:23:56] ❌ beat fail (801/30): HTTP 403: {"error": "credential rejected", "reason": "credential_revoked", "fix": "检查 X-FSTDD-Token 是否为有效且未吊销的节点凭据；若遗失请联系管理节点(K)重新签发"}
[2026-10-03 10:23:56] ⚠️ 连续失败超限 → 继续但标记告警
[2026-10-03 10:23:58] ✅ beat ok: node_id=FSTDD003 last_seen=1790994238.5330124
[2026-10-03 10:24:38] ❌ beat fail (539/30): HTTP 403: {"error": "credential rejected", "reason": "credential_revoked", "fix": "检查 X-FSTDD-Token 是否为有效且未吊销的节点凭据；若遗失请联系管理节点(K)重新签发"}
[2026-10-03 10:24:38] ⚠️ 连续失败超限 → 继续但标记告警
[2026-10-03 10:24:49] ❌ beat fail (907/30): HTTP 403: {"error": "credential rejected", "reason": "credential_revoked", "fix": "检查 X-FSTDD-Token 是否为有效且未吊销的节点凭据；若遗失请联系管理节点(K)重新签发"}
[2026-10-03 10:24:49] ⚠️ 连续失败超限 → 继续但标记告警
[2026-10-03 10:24:57] ❌ beat fail (802/30): HTTP 403: {"error": "credential rejected", "reason": "credential_revoked", "fix": "检查 X-FSTDD-Token 是否为有效且未吊销的节点凭据；若遗失请联系管理节点(K)重新签发"}
[2026-10-03 10:24:57] ⚠️ 连续失败超限 → 继续但标记告警
[2026-10-03 10:24:59] ✅ beat ok: node_id=FSTDD003 last_seen=1790994299.3813796
[2026-10-03 10:25:39] ❌ beat fail (540/30): HTTP 403: {"error": "credential rejected", "reason": "credential_revoked", "fix": "检查 X-FSTDD-Token 是否为有效且未吊销的节点凭据；若遗失请联系管理节点(K)重新签发"}
[2026-10-03 10:25:39] ⚠️ 连续失败超限 → 继续但标记告警
[2026-10-03 10:25:51] ❌ beat fail (908/30): HTTP 403: {"error": "credential rejected", "reason": "credential_revoked", "fix": "检查 X-FSTDD-Token 是否为有效且未吊销的节点凭据；若遗失请联系管理节点(K)重新签发"}
[2026-10-03 10:25:51] ⚠️ 连续失败超限 → 继续但标记告警
[2026-10-03 10:25:58] ❌ beat fail (803/30): HTTP 403: {"error": "credential rejected", "reason": "credential_revoked", "fix": "检查 X-FSTDD-Token 是否为有效且未吊销的节点凭据；若遗失请联系管理节点(K)重新签发"}
[2026-10-03 10:25:58] ⚠️ 连续失败超限 → 继续但标记告警
[2026-10-03 10:25:59] ✅ beat ok: node_id=FSTDD003 last_seen=1790994360.0706103
[2026-10-03 10:26:40] ❌ beat fail (541/30): HTTP 403: {"error": "credential rejected", "reason": "credential_revoked", "fix": "检查 X-FSTDD-Token 是否为有效且未吊销的节点凭据；若遗失请联系管理节点(K)重新签发"}
[2026-10-03 10:26:40] ⚠️ 连续失败超限 → 继续但标记告警
[2026-10-03 10:26:51] ❌ beat fail (909/30): HTTP 403: {"error": "credential rejected", "reason": "credential_revoked", "fix": "检查 X-FSTDD-Token 是否为有效且未吊销的节点凭据；若遗失请联系管理节点(K)重新签发"}
[2026-10-03 10:26:51] ⚠️ 连续失败超限 → 继续但标记告警
[2026-10-03 10:26:59] ❌ beat fail (804/30): HTTP 403: {"error": "credential rejected", "reason": "credential_revoked", "fix": "检查 X-FSTDD-Token 是否为有效且未吊销的节点凭据；若遗失请联系管理节点(K)重新签发"}
[2026-10-03 10:26:59] ⚠️ 连续失败超限 → 继续但标记告警
[2026-10-03 10:27:00] ✅ beat ok: node_id=FSTDD003 last_seen=1790994420.7620487
[2026-10-03 10:27:41] ❌ beat fail (542/30): HTTP 403: {"error": "credential rejected", "reason": "credential_revoked", "fix": "检查 X-FSTDD-Token 是否为有效且未吊销的节点凭据；若遗失请联系管理节点(K)重新签发"}
[2026-10-03 10:27:41] ⚠️ 连续失败超限 → 继续但标记告警
[2026-10-03 10:27:52] ❌ beat fail (910/30): HTTP 403: {"error": "credential rejected", "reason": "credential_revoked", "fix": "检查 X-FSTDD-Token 是否为有效且未吊销的节点凭据；若遗失请联系管理节点(K)重新签发"}
[2026-10-03 10:27:52] ⚠️ 连续失败超限 → 继续但标记告警
[2026-10-03 10:27:59] ❌ beat fail (805/30): HTTP 403: {"error": "credential rejected", "reason": "credential_revoked", "fix": "检查 X-FSTDD-Token 是否为有效且未吊销的节点凭据；若遗失请联系管理节点(K)重新签发"}
[2026-10-03 10:27:59] ⚠️ 连续失败超限 → 继续但标记告警
[2026-10-03 10:28:01] ✅ beat ok: node_id=FSTDD003 last_seen=1790994481.451316
[2026-10-03 10:28:42] ❌ beat fail (543/30): HTTP 403: {"error": "credential rejected", "reason": "credential_revoked", "fix": "检查 X-FSTDD-Token 是否为有效且未吊销的节点凭据；若遗失请联系管理节点(K)重新签发"}
[2026-10-03 10:28:42] ⚠️ 连续失败超限 → 继续但标记告警
[2026-10-03 10:28:53] ❌ beat fail (911/30): HTTP 403: {"error": "credential rejected", "reason": "credential_revoked", "fix": "检查 X-FSTDD-Token 是否为有效且未吊销的节点凭据；若遗失请联系管理节点(K)重新签发"}
[2026-10-03 10:28:53] ⚠️ 连续失败超限 → 继续但标记告警
[2026-10-03 10:29:00] ❌ beat fail (806/30): HTTP 403: {"error": "credential rejected", "reason": "credential_revoked", "fix": "检查 X-FSTDD-Token 是否为有效且未吊销的节点凭据；若遗失请联系管理节点(K)重新签发"}
[2026-10-03 10:29:00] ⚠️ 连续失败超限 → 继续但标记告警
[2026-10-03 10:29:02] ✅ beat ok: node_id=FSTDD003 last_seen=1790994542.4496005
[2026-10-03 10:29:42] ❌ beat fail (544/30): HTTP 403: {"error": "credential rejected", "reason": "credential_revoked", "fix": "检查 X-FSTDD-Token 是否为有效且未吊销的节点凭据；若遗失请联系管理节点(K)重新签发"}
[2026-10-03 10:29:42] ⚠️ 连续失败超限 → 继续但标记告警
[2026-10-03 10:29:54] ❌ beat fail (912/30): HTTP 403: {"error": "credential rejected", "reason": "credential_revoked", "fix": "检查 X-FSTDD-Token 是否为有效且未吊销的节点凭据；若遗失请联系管理节点(K)重新签发"}
[2026-10-03 10:29:54] ⚠️ 连续失败超限 → 继续但标记告警
[2026-10-03 10:30:01] ❌ beat fail (807/30): HTTP 403: {"error": "credential rejected", "reason": "credential_revoked", "fix": "检查 X-FSTDD-Token 是否为有效且未吊销的节点凭据；若遗失请联系管理节点(K)重新签发"}
[2026-10-03 10:30:01] ⚠️ 连续失败超限 → 继续但标记告警
[2026-10-03 10:30:02] ✅ beat ok: node_id=FSTDD003 last_seen=1790994603.1364677
[2026-10-03 10:30:43] ❌ beat fail (545/30): HTTP 403: {"error": "credential rejected", "reason": "credential_revoked", "fix": "检查 X-FSTDD-Token 是否为有效且未吊销的节点凭据；若遗失请联系管理节点(K)重新签发"}
[2026-10-03 10:30:43] ⚠️ 连续失败超限 → 继续但标记告警
[2026-10-03 10:30:55] ❌ beat fail (913/30): HTTP 403: {"error": "credential rejected", "reason": "credential_revoked", "fix": "检查 X-FSTDD-Token 是否为有效且未吊销的节点凭据；若遗失请联系管理节点(K)重新签发"}
[2026-10-03 10:30:55] ⚠️ 连续失败超限 → 继续但标记告警
[2026-10-03 10:31:02] ❌ beat fail (808/30): HTTP 403: {"error": "credential rejected", "reason": "credential_revoked", "fix": "检查 X-FSTDD-Token 是否为有效且未吊销的节点凭据；若遗失请联系管理节点(K)重新签发"}
[2026-10-03 10:31:02] ⚠️ 连续失败超限 → 继续但标记告警
[2026-10-03 10:31:03] ✅ beat ok: node_id=FSTDD003 last_seen=1790994663.9873493
[2026-10-03 10:31:44] ❌ beat fail (546/30): HTTP 403: {"error": "credential rejected", "reason": "credential_revoked", "fix": "检查 X-FSTDD-Token 是否为有效且未吊销的节点凭据；若遗失请联系管理节点(K)重新签发"}
[2026-10-03 10:31:44] ⚠️ 连续失败超限 → 继续但标记告警
[2026-10-03 10:31:56] ❌ beat fail (914/30): HTTP 403: {"error": "credential rejected", "reason": "credential_revoked", "fix": "检查 X-FSTDD-Token 是否为有效且未吊销的节点凭据；若遗失请联系管理节点(K)重新签发"}
[2026-10-03 10:31:56] ⚠️ 连续失败超限 → 继续但标记告警
[2026-10-03 10:32:03] ❌ beat fail (809/30): HTTP 403: {"error": "credential rejected", "reason": "credential_revoked", "fix": "检查 X-FSTDD-Token 是否为有效且未吊销的节点凭据；若遗失请联系管理节点(K)重新签发"}
[2026-10-03 10:32:03] ⚠️ 连续失败超限 → 继续但标记告警
[2026-10-03 10:32:05] ✅ beat ok: node_id=FSTDD003 last_seen=1790994725.0109603
[2026-10-03 10:32:44] ❌ beat fail (547/30): HTTP 403: {"error": "credential rejected", "reason": "credential_revoked", "fix": "检查 X-FSTDD-Token 是否为有效且未吊销的节点凭据；若遗失请联系管理节点(K)重新签发"}
[2026-10-03 10:32:44] ⚠️ 连续失败超限 → 继续但标记告警
[2026-10-03 10:32:57] ❌ beat fail (915/30): HTTP 403: {"error": "credential rejected", "reason": "credential_revoked", "fix": "检查 X-FSTDD-Token 是否为有效且未吊销的节点凭据；若遗失请联系管理节点(K)重新签发"}
[2026-10-03 10:32:57] ⚠️ 连续失败超限 → 继续但标记告警
[2026-10-03 10:33:04] ❌ beat fail (810/30): HTTP 403: {"error": "credential rejected", "reason": "credential_revoked", "fix": "检查 X-FSTDD-Token 是否为有效且未吊销的节点凭据；若遗失请联系管理节点(K)重新签发"}
[2026-10-03 10:33:04] ⚠️ 连续失败超限 → 继续但标记告警
[2026-10-03 10:33:05] ✅ beat ok: node_id=FSTDD003 last_seen=1790994786.0895183
[2026-10-03 10:33:45] ❌ beat fail (548/30): HTTP 403: {"error": "credential rejected", "reason": "credential_revoked", "fix": "检查 X-FSTDD-Token 是否为有效且未吊销的节点凭据；若遗失请联系管理节点(K)重新签发"}
[2026-10-03 10:33:45] ⚠️ 连续失败超限 → 继续但标记告警
[2026-10-03 10:33:58] ❌ beat fail (916/30): HTTP 403: {"error": "credential rejected", "reason": "credential_revoked", "fix": "检查 X-FSTDD-Token 是否为有效且未吊销的节点凭据；若遗失请联系管理节点(K)重新签发"}
[2026-10-03 10:33:58] ⚠️ 连续失败超限 → 继续但标记告警
[2026-10-03 10:34:05] ❌ beat fail (811/30): HTTP 403: {"error": "credential rejected", "reason": "credential_revoked", "fix": "检查 X-FSTDD-Token 是否为有效且未吊销的节点凭据；若遗失请联系管理节点(K)重新签发"}
[2026-10-03 10:34:05] ⚠️ 连续失败超限 → 继续但标记告警
[2026-10-03 10:34:06] ✅ beat ok: node_id=FSTDD003 last_seen=1790994846.7746022
[2026-10-03 10:34:46] ❌ beat fail (549/30): HTTP 403: {"error": "credential rejected", "reason": "credential_revoked", "fix": "检查 X-FSTDD-Token 是否为有效且未吊销的节点凭据；若遗失请联系管理节点(K)重新签发"}
[2026-10-03 10:34:46] ⚠️ 连续失败超限 → 继续但标记告警
[2026-10-03 10:34:59] ❌ beat fail (917/30): HTTP 403: {"error": "credential rejected", "reason": "credential_revoked", "fix": "检查 X-FSTDD-Token 是否为有效且未吊销的节点凭据；若遗失请联系管理节点(K)重新签发"}
[2026-10-03 10:34:59] ⚠️ 连续失败超限 → 继续但标记告警
[2026-10-03 10:35:06] ❌ beat fail (812/30): HTTP 403: {"error": "credential rejected", "reason": "credential_revoked", "fix": "检查 X-FSTDD-Token 是否为有效且未吊销的节点凭据；若遗失请联系管理节点(K)重新签发"}
[2026-10-03 10:35:06] ⚠️ 连续失败超限 → 继续但标记告警
[2026-10-03 10:35:07] ✅ beat ok: node_id=FSTDD003 last_seen=1790994907.8468552
[2026-10-03 10:35:47] ❌ beat fail (550/30): HTTP 403: {"error": "credential rejected", "reason": "credential_revoked", "fix": "检查 X-FSTDD-Token 是否为有效且未吊销的节点凭据；若遗失请联系管理节点(K)重新签发"}
[2026-10-03 10:35:47] ⚠️ 连续失败超限 → 继续但标记告警
[2026-10-03 10:36:00] ❌ beat fail (918/30): HTTP 403: {"error": "credential rejected", "reason": "credential_revoked", "fix": "检查 X-FSTDD-Token 是否为有效且未吊销的节点凭据；若遗失请联系管理节点(K)重新签发"}
[2026-10-03 10:36:00] ⚠️ 连续失败超限 → 继续但标记告警
[2026-10-03 10:36:06] ❌ beat fail (813/30): HTTP 403: {"error": "credential rejected", "reason": "credential_revoked", "fix": "检查 X-FSTDD-Token 是否为有效且未吊销的节点凭据；若遗失请联系管理节点(K)重新签发"}
[2026-10-03 10:36:06] ⚠️ 连续失败超限 → 继续但标记告警
[2026-10-03 10:36:08] ✅ beat ok: node_id=FSTDD003 last_seen=1790994968.5308013
[2026-10-03 10:36:48] ❌ beat fail (551/30): HTTP 403: {"error": "credential rejected", "reason": "credential_revoked", "fix": "检查 X-FSTDD-Token 是否为有效且未吊销的节点凭据；若遗失请联系管理节点(K)重新签发"}
[2026-10-03 10:36:48] ⚠️ 连续失败超限 → 继续但标记告警
[2026-10-03 10:37:01] ❌ beat fail (919/30): HTTP 403: {"error": "credential rejected", "reason": "credential_revoked", "fix": "检查 X-FSTDD-Token 是否为有效且未吊销的节点凭据；若遗失请联系管理节点(K)重新签发"}
[2026-10-03 10:37:01] ⚠️ 连续失败超限 → 继续但标记告警
[2026-10-03 10:37:07] ❌ beat fail (814/30): HTTP 403: {"error": "credential rejected", "reason": "credential_revoked", "fix": "检查 X-FSTDD-Token 是否为有效且未吊销的节点凭据；若遗失请联系管理节点(K)重新签发"}
[2026-10-03 10:37:07] ⚠️ 连续失败超限 → 继续但标记告警
[2026-10-03 10:37:09] ✅ beat ok: node_id=FSTDD003 last_seen=1790995029.601926
[2026-10-03 10:37:49] ❌ beat fail (552/30): HTTP 403: {"error": "credential rejected", "reason": "credential_revoked", "fix": "检查 X-FSTDD-Token 是否为有效且未吊销的节点凭据；若遗失请联系管理节点(K)重新签发"}
[2026-10-03 10:37:49] ⚠️ 连续失败超限 → 继续但标记告警
[2026-10-03 10:38:02] ❌ beat fail (920/30): HTTP 403: {"error": "credential rejected", "reason": "credential_revoked", "fix": "检查 X-FSTDD-Token 是否为有效且未吊销的节点凭据；若遗失请联系管理节点(K)重新签发"}
[2026-10-03 10:38:02] ⚠️ 连续失败超限 → 继续但标记告警
[2026-10-03 10:38:09] ❌ beat fail (815/30): HTTP 403: {"error": "credential rejected", "reason": "credential_revoked", "fix": "检查 X-FSTDD-Token 是否为有效且未吊销的节点凭据；若遗失请联系管理节点(K)重新签发"}
[2026-10-03 10:38:09] ⚠️ 连续失败超限 → 继续但标记告警
[2026-10-03 10:38:10] ✅ beat ok: node_id=FSTDD003 last_seen=1790995090.6896198
[2026-10-03 10:38:50] ❌ beat fail (553/30): HTTP 403: {"error": "credential rejected", "reason": "credential_revoked", "fix": "检查 X-FSTDD-Token 是否为有效且未吊销的节点凭据；若遗失请联系管理节点(K)重新签发"}
[2026-10-03 10:38:50] ⚠️ 连续失败超限 → 继续但标记告警
[2026-10-03 10:39:03] ❌ beat fail (921/30): HTTP 403: {"error": "credential rejected", "reason": "credential_revoked", "fix": "检查 X-FSTDD-Token 是否为有效且未吊销的节点凭据；若遗失请联系管理节点(K)重新签发"}
[2026-10-03 10:39:03] ⚠️ 连续失败超限 → 继续但标记告警
[2026-10-03 10:39:10] ❌ beat fail (816/30): HTTP 403: {"error": "credential rejected", "reason": "credential_revoked", "fix": "检查 X-FSTDD-Token 是否为有效且未吊销的节点凭据；若遗失请联系管理节点(K)重新签发"}
[2026-10-03 10:39:10] ⚠️ 连续失败超限 → 继续但标记告警
[2026-10-03 10:39:11] ✅ beat ok: node_id=FSTDD003 last_seen=1790995151.5901318
[2026-10-03 10:39:51] ❌ beat fail (554/30): HTTP 403: {"error": "credential rejected", "reason": "credential_revoked", "fix": "检查 X-FSTDD-Token 是否为有效且未吊销的节点凭据；若遗失请联系管理节点(K)重新签发"}
[2026-10-03 10:39:51] ⚠️ 连续失败超限 → 继续但标记告警
[2026-10-03 10:40:04] ❌ beat fail (922/30): HTTP 403: {"error": "credential rejected", "reason": "credential_revoked", "fix": "检查 X-FSTDD-Token 是否为有效且未吊销的节点凭据；若遗失请联系管理节点(K)重新签发"}
[2026-10-03 10:40:04] ⚠️ 连续失败超限 → 继续但标记告警
[2026-10-03 10:40:10] ❌ beat fail (817/30): HTTP 403: {"error": "credential rejected", "reason": "credential_revoked", "fix": "检查 X-FSTDD-Token 是否为有效且未吊销的节点凭据；若遗失请联系管理节点(K)重新签发"}
[2026-10-03 10:40:11] ⚠️ 连续失败超限 → 继续但标记告警
[2026-10-03 10:40:12] ✅ beat ok: node_id=FSTDD003 last_seen=1790995212.8152676
[2026-10-03 10:40:52] ❌ beat fail (555/30): HTTP 403: {"error": "credential rejected", "reason": "credential_revoked", "fix": "检查 X-FSTDD-Token 是否为有效且未吊销的节点凭据；若遗失请联系管理节点(K)重新签发"}
[2026-10-03 10:40:52] ⚠️ 连续失败超限 → 继续但标记告警
[2026-10-03 10:41:05] ❌ beat fail (923/30): HTTP 403: {"error": "credential rejected", "reason": "credential_revoked", "fix": "检查 X-FSTDD-Token 是否为有效且未吊销的节点凭据；若遗失请联系管理节点(K)重新签发"}
[2026-10-03 10:41:05] ⚠️ 连续失败超限 → 继续但标记告警
[2026-10-03 10:41:11] ❌ beat fail (818/30): HTTP 403: {"error": "credential rejected", "reason": "credential_revoked", "fix": "检查 X-FSTDD-Token 是否为有效且未吊销的节点凭据；若遗失请联系管理节点(K)重新签发"}
[2026-10-03 10:41:11] ⚠️ 连续失败超限 → 继续但标记告警
[2026-10-03 10:41:13] ✅ beat ok: node_id=FSTDD003 last_seen=1790995273.8855448
[2026-10-03 10:41:53] ❌ beat fail (556/30): HTTP 403: {"error": "credential rejected", "reason": "credential_revoked", "fix": "检查 X-FSTDD-Token 是否为有效且未吊销的节点凭据；若遗失请联系管理节点(K)重新签发"}
[2026-10-03 10:41:53] ⚠️ 连续失败超限 → 继续但标记告警
[2026-10-03 10:42:06] ❌ beat fail (924/30): HTTP 403: {"error": "credential rejected", "reason": "credential_revoked", "fix": "检查 X-FSTDD-Token 是否为有效且未吊销的节点凭据；若遗失请联系管理节点(K)重新签发"}
[2026-10-03 10:42:06] ⚠️ 连续失败超限 → 继续但标记告警
[2026-10-03 10:42:12] ❌ beat fail (819/30): HTTP 403: {"error": "credential rejected", "reason": "credential_revoked", "fix": "检查 X-FSTDD-Token 是否为有效且未吊销的节点凭据；若遗失请联系管理节点(K)重新签发"}
[2026-10-03 10:42:12] ⚠️ 连续失败超限 → 继续但标记告警
[2026-10-03 10:42:14] ✅ beat ok: node_id=FSTDD003 last_seen=1790995334.5731122
[2026-10-03 10:42:53] ❌ beat fail (557/30): HTTP 403: {"error": "credential rejected", "reason": "credential_revoked", "fix": "检查 X-FSTDD-Token 是否为有效且未吊销的节点凭据；若遗失请联系管理节点(K)重新签发"}
[2026-10-03 10:42:53] ⚠️ 连续失败超限 → 继续但标记告警
[2026-10-03 10:43:06] ❌ beat fail (925/30): HTTP 403: {"error": "credential rejected", "reason": "credential_revoked", "fix": "检查 X-FSTDD-Token 是否为有效且未吊销的节点凭据；若遗失请联系管理节点(K)重新签发"}
[2026-10-03 10:43:06] ⚠️ 连续失败超限 → 继续但标记告警
[2026-10-03 10:43:13] ❌ beat fail (820/30): HTTP 403: {"error": "credential rejected", "reason": "credential_revoked", "fix": "检查 X-FSTDD-Token 是否为有效且未吊销的节点凭据；若遗失请联系管理节点(K)重新签发"}
[2026-10-03 10:43:13] ⚠️ 连续失败超限 → 继续但标记告警
[2026-10-03 10:43:15] ✅ beat ok: node_id=FSTDD003 last_seen=1790995395.2574365
[2026-10-03 10:43:54] ❌ beat fail (558/30): HTTP 403: {"error": "credential rejected", "reason": "credential_revoked", "fix": "检查 X-FSTDD-Token 是否为有效且未吊销的节点凭据；若遗失请联系管理节点(K)重新签发"}
[2026-10-03 10:43:54] ⚠️ 连续失败超限 → 继续但标记告警
[2026-10-03 10:44:07] ❌ beat fail (926/30): HTTP 403: {"error": "credential rejected", "reason": "credential_revoked", "fix": "检查 X-FSTDD-Token 是否为有效且未吊销的节点凭据；若遗失请联系管理节点(K)重新签发"}
[2026-10-03 10:44:07] ⚠️ 连续失败超限 → 继续但标记告警
[2026-10-03 10:44:14] ❌ beat fail (821/30): HTTP 403: {"error": "credential rejected", "reason": "credential_revoked", "fix": "检查 X-FSTDD-Token 是否为有效且未吊销的节点凭据；若遗失请联系管理节点(K)重新签发"}
[2026-10-03 10:44:14] ⚠️ 连续失败超限 → 继续但标记告警
[2026-10-03 10:44:16] ✅ beat ok: node_id=FSTDD003 last_seen=1790995455.943821
[2026-10-03 10:44:55] ❌ beat fail (559/30): HTTP 403: {"error": "credential rejected", "reason": "credential_revoked", "fix": "检查 X-FSTDD-Token 是否为有效且未吊销的节点凭据；若遗失请联系管理节点(K)重新签发"}
[2026-10-03 10:44:55] ⚠️ 连续失败超限 → 继续但标记告警
[2026-10-03 10:45:08] ❌ beat fail (927/30): HTTP 403: {"error": "credential rejected", "reason": "credential_revoked", "fix": "检查 X-FSTDD-Token 是否为有效且未吊销的节点凭据；若遗失请联系管理节点(K)重新签发"}
[2026-10-03 10:45:08] ⚠️ 连续失败超限 → 继续但标记告警
[2026-10-03 10:45:14] ❌ beat fail (822/30): HTTP 403: {"error": "credential rejected", "reason": "credential_revoked", "fix": "检查 X-FSTDD-Token 是否为有效且未吊销的节点凭据；若遗失请联系管理节点(K)重新签发"}
[2026-10-03 10:45:14] ⚠️ 连续失败超限 → 继续但标记告警
[2026-10-03 10:45:17] ✅ beat ok: node_id=FSTDD003 last_seen=1790995517.0118384
[2026-10-03 10:45:56] ❌ beat fail (560/30): HTTP 403: {"error": "credential rejected", "reason": "credential_revoked", "fix": "检查 X-FSTDD-Token 是否为有效且未吊销的节点凭据；若遗失请联系管理节点(K)重新签发"}
[2026-10-03 10:45:56] ⚠️ 连续失败超限 → 继续但标记告警
[2026-10-03 10:46:09] ❌ beat fail (928/30): HTTP 403: {"error": "credential rejected", "reason": "credential_revoked", "fix": "检查 X-FSTDD-Token 是否为有效且未吊销的节点凭据；若遗失请联系管理节点(K)重新签发"}
[2026-10-03 10:46:09] ⚠️ 连续失败超限 → 继续但标记告警
[2026-10-03 10:46:15] ❌ beat fail (823/30): HTTP 403: {"error": "credential rejected", "reason": "credential_revoked", "fix": "检查 X-FSTDD-Token 是否为有效且未吊销的节点凭据；若遗失请联系管理节点(K)重新签发"}
[2026-10-03 10:46:15] ⚠️ 连续失败超限 → 继续但标记告警
[2026-10-03 10:46:17] ✅ beat ok: node_id=FSTDD003 last_seen=1790995578.0884495
[2026-10-03 10:46:57] ❌ beat fail (561/30): HTTP 403: {"error": "credential rejected", "reason": "credential_revoked", "fix": "检查 X-FSTDD-Token 是否为有效且未吊销的节点凭据；若遗失请联系管理节点(K)重新签发"}
[2026-10-03 10:46:57] ⚠️ 连续失败超限 → 继续但标记告警
[2026-10-03 10:47:10] ❌ beat fail (929/30): HTTP 403: {"error": "credential rejected", "reason": "credential_revoked", "fix": "检查 X-FSTDD-Token 是否为有效且未吊销的节点凭据；若遗失请联系管理节点(K)重新签发"}
[2026-10-03 10:47:10] ⚠️ 连续失败超限 → 继续但标记告警
[2026-10-03 10:47:16] ❌ beat fail (824/30): HTTP 403: {"error": "credential rejected", "reason": "credential_revoked", "fix": "检查 X-FSTDD-Token 是否为有效且未吊销的节点凭据；若遗失请联系管理节点(K)重新签发"}
[2026-10-03 10:47:16] ⚠️ 连续失败超限 → 继续但标记告警
[2026-10-03 10:47:18] ✅ beat ok: node_id=FSTDD003 last_seen=1790995638.8103936
[2026-10-03 10:47:57] ❌ beat fail (562/30): HTTP 403: {"error": "credential rejected", "reason": "credential_revoked", "fix": "检查 X-FSTDD-Token 是否为有效且未吊销的节点凭据；若遗失请联系管理节点(K)重新签发"}
[2026-10-03 10:47:57] ⚠️ 连续失败超限 → 继续但标记告警
[2026-10-03 10:48:11] ❌ beat fail (930/30): HTTP 403: {"error": "credential rejected", "reason": "credential_revoked", "fix": "检查 X-FSTDD-Token 是否为有效且未吊销的节点凭据；若遗失请联系管理节点(K)重新签发"}
[2026-10-03 10:48:11] ⚠️ 连续失败超限 → 继续但标记告警
[2026-10-03 10:48:17] ❌ beat fail (825/30): HTTP 403: {"error": "credential rejected", "reason": "credential_revoked", "fix": "检查 X-FSTDD-Token 是否为有效且未吊销的节点凭据；若遗失请联系管理节点(K)重新签发"}
[2026-10-03 10:48:17] ⚠️ 连续失败超限 → 继续但标记告警
[2026-10-03 10:48:19] ✅ beat ok: node_id=FSTDD003 last_seen=1790995699.9878402
[2026-10-03 10:48:59] ❌ beat fail (563/30): HTTP 403: {"error": "credential rejected", "reason": "credential_revoked", "fix": "检查 X-FSTDD-Token 是否为有效且未吊销的节点凭据；若遗失请联系管理节点(K)重新签发"}
[2026-10-03 10:48:59] ⚠️ 连续失败超限 → 继续但标记告警
[2026-10-03 10:49:11] ❌ beat fail (931/30): HTTP 403: {"error": "credential rejected", "reason": "credential_revoked", "fix": "检查 X-FSTDD-Token 是否为有效且未吊销的节点凭据；若遗失请联系管理节点(K)重新签发"}
[2026-10-03 10:49:11] ⚠️ 连续失败超限 → 继续但标记告警
[2026-10-03 10:49:18] ❌ beat fail (826/30): HTTP 403: {"error": "credential rejected", "reason": "credential_revoked", "fix": "检查 X-FSTDD-Token 是否为有效且未吊销的节点凭据；若遗失请联系管理节点(K)重新签发"}
[2026-10-03 10:49:18] ⚠️ 连续失败超限 → 继续但标记告警
[2026-10-03 10:49:20] ✅ beat ok: node_id=FSTDD003 last_seen=1790995760.672319
[2026-10-03 10:49:59] ❌ beat fail (564/30): HTTP 403: {"error": "credential rejected", "reason": "credential_revoked", "fix": "检查 X-FSTDD-Token 是否为有效且未吊销的节点凭据；若遗失请联系管理节点(K)重新签发"}
[2026-10-03 10:49:59] ⚠️ 连续失败超限 → 继续但标记告警
[2026-10-03 10:50:12] ❌ beat fail (932/30): HTTP 403: {"error": "credential rejected", "reason": "credential_revoked", "fix": "检查 X-FSTDD-Token 是否为有效且未吊销的节点凭据；若遗失请联系管理节点(K)重新签发"}
[2026-10-03 10:50:12] ⚠️ 连续失败超限 → 继续但标记告警
[2026-10-03 10:50:19] ❌ beat fail (827/30): HTTP 403: {"error": "credential rejected", "reason": "credential_revoked", "fix": "检查 X-FSTDD-Token 是否为有效且未吊销的节点凭据；若遗失请联系管理节点(K)重新签发"}
[2026-10-03 10:50:19] ⚠️ 连续失败超限 → 继续但标记告警
[2026-10-03 10:50:21] ✅ beat ok: node_id=FSTDD003 last_seen=1790995821.3600907
[2026-10-03 10:51:00] ❌ beat fail (565/30): HTTP 403: {"error": "credential rejected", "reason": "credential_revoked", "fix": "检查 X-FSTDD-Token 是否为有效且未吊销的节点凭据；若遗失请联系管理节点(K)重新签发"}
[2026-10-03 10:51:00] ⚠️ 连续失败超限 → 继续但标记告警
[2026-10-03 10:51:13] ❌ beat fail (933/30): HTTP 403: {"error": "credential rejected", "reason": "credential_revoked", "fix": "检查 X-FSTDD-Token 是否为有效且未吊销的节点凭据；若遗失请联系管理节点(K)重新签发"}
[2026-10-03 10:51:13] ⚠️ 连续失败超限 → 继续但标记告警
[2026-10-03 10:51:20] ❌ beat fail (828/30): HTTP 403: {"error": "credential rejected", "reason": "credential_revoked", "fix": "检查 X-FSTDD-Token 是否为有效且未吊销的节点凭据；若遗失请联系管理节点(K)重新签发"}
[2026-10-03 10:51:20] ⚠️ 连续失败超限 → 继续但标记告警
[2026-10-03 10:51:21] ✅ beat ok: node_id=FSTDD003 last_seen=1790995882.101147
[2026-10-03 10:52:01] ❌ beat fail (566/30): HTTP 403: {"error": "credential rejected", "reason": "credential_revoked", "fix": "检查 X-FSTDD-Token 是否为有效且未吊销的节点凭据；若遗失请联系管理节点(K)重新签发"}
[2026-10-03 10:52:01] ⚠️ 连续失败超限 → 继续但标记告警
[2026-10-03 10:52:14] ❌ beat fail (934/30): HTTP 403: {"error": "credential rejected", "reason": "credential_revoked", "fix": "检查 X-FSTDD-Token 是否为有效且未吊销的节点凭据；若遗失请联系管理节点(K)重新签发"}
[2026-10-03 10:52:14] ⚠️ 连续失败超限 → 继续但标记告警
[2026-10-03 10:52:21] ❌ beat fail (829/30): HTTP 403: {"error": "credential rejected", "reason": "credential_revoked", "fix": "检查 X-FSTDD-Token 是否为有效且未吊销的节点凭据；若遗失请联系管理节点(K)重新签发"}
[2026-10-03 10:52:21] ⚠️ 连续失败超限 → 继续但标记告警
[2026-10-03 10:52:22] ✅ beat ok: node_id=FSTDD003 last_seen=1790995942.7884355
[2026-10-03 10:53:02] ❌ beat fail (567/30): HTTP 403: {"error": "credential rejected", "reason": "credential_revoked", "fix": "检查 X-FSTDD-Token 是否为有效且未吊销的节点凭据；若遗失请联系管理节点(K)重新签发"}
[2026-10-03 10:53:02] ⚠️ 连续失败超限 → 继续但标记告警
[2026-10-03 10:53:14] ❌ beat fail (935/30): HTTP 403: {"error": "credential rejected", "reason": "credential_revoked", "fix": "检查 X-FSTDD-Token 是否为有效且未吊销的节点凭据；若遗失请联系管理节点(K)重新签发"}
[2026-10-03 10:53:14] ⚠️ 连续失败超限 → 继续但标记告警
[2026-10-03 10:53:22] ❌ beat fail (830/30): HTTP 403: {"error": "credential rejected", "reason": "credential_revoked", "fix": "检查 X-FSTDD-Token 是否为有效且未吊销的节点凭据；若遗失请联系管理节点(K)重新签发"}
[2026-10-03 10:53:22] ⚠️ 连续失败超限 → 继续但标记告警
[2026-10-03 10:53:23] ✅ beat ok: node_id=FSTDD003 last_seen=1790996003.6218805
[2026-10-03 10:54:03] ❌ beat fail (568/30): HTTP 403: {"error": "credential rejected", "reason": "credential_revoked", "fix": "检查 X-FSTDD-Token 是否为有效且未吊销的节点凭据；若遗失请联系管理节点(K)重新签发"}
[2026-10-03 10:54:03] ⚠️ 连续失败超限 → 继续但标记告警
[2026-10-03 10:54:15] ❌ beat fail (936/30): HTTP 403: {"error": "credential rejected", "reason": "credential_revoked", "fix": "检查 X-FSTDD-Token 是否为有效且未吊销的节点凭据；若遗失请联系管理节点(K)重新签发"}
[2026-10-03 10:54:15] ⚠️ 连续失败超限 → 继续但标记告警
[2026-10-03 10:54:22] ❌ beat fail (831/30): HTTP 403: {"error": "credential rejected", "reason": "credential_revoked", "fix": "检查 X-FSTDD-Token 是否为有效且未吊销的节点凭据；若遗失请联系管理节点(K)重新签发"}
[2026-10-03 10:54:22] ⚠️ 连续失败超限 → 继续但标记告警
[2026-10-03 10:54:24] ✅ beat ok: node_id=FSTDD003 last_seen=1790996064.6406586
[2026-10-03 10:55:04] ❌ beat fail (569/30): HTTP 403: {"error": "credential rejected", "reason": "credential_revoked", "fix": "检查 X-FSTDD-Token 是否为有效且未吊销的节点凭据；若遗失请联系管理节点(K)重新签发"}
[2026-10-03 10:55:04] ⚠️ 连续失败超限 → 继续但标记告警
[2026-10-03 10:55:16] ❌ beat fail (937/30): HTTP 403: {"error": "credential rejected", "reason": "credential_revoked", "fix": "检查 X-FSTDD-Token 是否为有效且未吊销的节点凭据；若遗失请联系管理节点(K)重新签发"}
[2026-10-03 10:55:16] ⚠️ 连续失败超限 → 继续但标记告警
[2026-10-03 10:55:23] ❌ beat fail (832/30): HTTP 403: {"error": "credential rejected", "reason": "credential_revoked", "fix": "检查 X-FSTDD-Token 是否为有效且未吊销的节点凭据；若遗失请联系管理节点(K)重新签发"}
[2026-10-03 10:55:23] ⚠️ 连续失败超限 → 继续但标记告警
[2026-10-03 10:55:25] ✅ beat ok: node_id=FSTDD003 last_seen=1790996125.324519
[2026-10-03 10:56:05] ❌ beat fail (570/30): HTTP 403: {"error": "credential rejected", "reason": "credential_revoked", "fix": "检查 X-FSTDD-Token 是否为有效且未吊销的节点凭据；若遗失请联系管理节点(K)重新签发"}
[2026-10-03 10:56:05] ⚠️ 连续失败超限 → 继续但标记告警
[2026-10-03 10:56:17] ❌ beat fail (938/30): HTTP 403: {"error": "credential rejected", "reason": "credential_revoked", "fix": "检查 X-FSTDD-Token 是否为有效且未吊销的节点凭据；若遗失请联系管理节点(K)重新签发"}
[2026-10-03 10:56:17] ⚠️ 连续失败超限 → 继续但标记告警
[2026-10-03 10:56:24] ❌ beat fail (833/30): HTTP 403: {"error": "credential rejected", "reason": "credential_revoked", "fix": "检查 X-FSTDD-Token 是否为有效且未吊销的节点凭据；若遗失请联系管理节点(K)重新签发"}
[2026-10-03 10:56:24] ⚠️ 连续失败超限 → 继续但标记告警
[2026-10-03 10:56:26] ✅ beat ok: node_id=FSTDD003 last_seen=1790996186.3891335
[2026-10-03 10:57:06] ❌ beat fail (571/30): HTTP 403: {"error": "credential rejected", "reason": "credential_revoked", "fix": "检查 X-FSTDD-Token 是否为有效且未吊销的节点凭据；若遗失请联系管理节点(K)重新签发"}
[2026-10-03 10:57:06] ⚠️ 连续失败超限 → 继续但标记告警
[2026-10-03 10:57:18] ❌ beat fail (939/30): HTTP 403: {"error": "credential rejected", "reason": "credential_revoked", "fix": "检查 X-FSTDD-Token 是否为有效且未吊销的节点凭据；若遗失请联系管理节点(K)重新签发"}
[2026-10-03 10:57:18] ⚠️ 连续失败超限 → 继续但标记告警
[2026-10-03 10:57:25] ❌ beat fail (834/30): HTTP 403: {"error": "credential rejected", "reason": "credential_revoked", "fix": "检查 X-FSTDD-Token 是否为有效且未吊销的节点凭据；若遗失请联系管理节点(K)重新签发"}
[2026-10-03 10:57:25] ⚠️ 连续失败超限 → 继续但标记告警
[2026-10-03 10:57:27] ✅ beat ok: node_id=FSTDD003 last_seen=1790996247.1338902
[2026-10-03 10:58:07] ❌ beat fail (572/30): HTTP 403: {"error": "credential rejected", "reason": "credential_revoked", "fix": "检查 X-FSTDD-Token 是否为有效且未吊销的节点凭据；若遗失请联系管理节点(K)重新签发"}
[2026-10-03 10:58:07] ⚠️ 连续失败超限 → 继续但标记告警
[2026-10-03 10:58:18] ❌ beat fail (940/30): HTTP 403: {"error": "credential rejected", "reason": "credential_revoked", "fix": "检查 X-FSTDD-Token 是否为有效且未吊销的节点凭据；若遗失请联系管理节点(K)重新签发"}
[2026-10-03 10:58:18] ⚠️ 连续失败超限 → 继续但标记告警
[2026-10-03 10:58:26] ❌ beat fail (835/30): HTTP 403: {"error": "credential rejected", "reason": "credential_revoked", "fix": "检查 X-FSTDD-Token 是否为有效且未吊销的节点凭据；若遗失请联系管理节点(K)重新签发"}
[2026-10-03 10:58:26] ⚠️ 连续失败超限 → 继续但标记告警
[2026-10-03 10:58:27] ✅ beat ok: node_id=FSTDD003 last_seen=1790996308.2189655
[2026-10-03 10:59:08] ❌ beat fail (573/30): HTTP 403: {"error": "credential rejected", "reason": "credential_revoked", "fix": "检查 X-FSTDD-Token 是否为有效且未吊销的节点凭据；若遗失请联系管理节点(K)重新签发"}
[2026-10-03 10:59:08] ⚠️ 连续失败超限 → 继续但标记告警
[2026-10-03 10:59:19] ❌ beat fail (941/30): HTTP 403: {"error": "credential rejected", "reason": "credential_revoked", "fix": "检查 X-FSTDD-Token 是否为有效且未吊销的节点凭据；若遗失请联系管理节点(K)重新签发"}
[2026-10-03 10:59:19] ⚠️ 连续失败超限 → 继续但标记告警
[2026-10-03 10:59:27] ❌ beat fail (836/30): HTTP 403: {"error": "credential rejected", "reason": "credential_revoked", "fix": "检查 X-FSTDD-Token 是否为有效且未吊销的节点凭据；若遗失请联系管理节点(K)重新签发"}
[2026-10-03 10:59:27] ⚠️ 连续失败超限 → 继续但标记告警
[2026-10-03 10:59:28] ✅ beat ok: node_id=FSTDD003 last_seen=1790996368.9740558
[2026-10-03 11:00:09] ❌ beat fail (574/30): HTTP 403: {"error": "credential rejected", "reason": "credential_revoked", "fix": "检查 X-FSTDD-Token 是否为有效且未吊销的节点凭据；若遗失请联系管理节点(K)重新签发"}
[2026-10-03 11:00:09] ⚠️ 连续失败超限 → 继续但标记告警
[2026-10-03 11:00:20] ❌ beat fail (942/30): HTTP 403: {"error": "credential rejected", "reason": "credential_revoked", "fix": "检查 X-FSTDD-Token 是否为有效且未吊销的节点凭据；若遗失请联系管理节点(K)重新签发"}
[2026-10-03 11:00:20] ⚠️ 连续失败超限 → 继续但标记告警
[2026-10-03 11:00:28] ❌ beat fail (837/30): HTTP 403: {"error": "credential rejected", "reason": "credential_revoked", "fix": "检查 X-FSTDD-Token 是否为有效且未吊销的节点凭据；若遗失请联系管理节点(K)重新签发"}
[2026-10-03 11:00:28] ⚠️ 连续失败超限 → 继续但标记告警
[2026-10-03 11:00:29] ✅ beat ok: node_id=FSTDD003 last_seen=1790996429.6693459
[2026-10-03 11:01:10] ❌ beat fail (575/30): HTTP 403: {"error": "credential rejected", "reason": "credential_revoked", "fix": "检查 X-FSTDD-Token 是否为有效且未吊销的节点凭据；若遗失请联系管理节点(K)重新签发"}
[2026-10-03 11:01:10] ⚠️ 连续失败超限 → 继续但标记告警
[2026-10-03 11:01:21] ❌ beat fail (943/30): HTTP 403: {"error": "credential rejected", "reason": "credential_revoked", "fix": "检查 X-FSTDD-Token 是否为有效且未吊销的节点凭据；若遗失请联系管理节点(K)重新签发"}
[2026-10-03 11:01:21] ⚠️ 连续失败超限 → 继续但标记告警
[2026-10-03 11:01:29] ❌ beat fail (838/30): HTTP 403: {"error": "credential rejected", "reason": "credential_revoked", "fix": "检查 X-FSTDD-Token 是否为有效且未吊销的节点凭据；若遗失请联系管理节点(K)重新签发"}
[2026-10-03 11:01:29] ⚠️ 连续失败超限 → 继续但标记告警
[2026-10-03 11:01:30] ✅ beat ok: node_id=FSTDD003 last_seen=1790996490.383599
[2026-10-03 11:02:11] ❌ beat fail (576/30): HTTP 403: {"error": "credential rejected", "reason": "credential_revoked", "fix": "检查 X-FSTDD-Token 是否为有效且未吊销的节点凭据；若遗失请联系管理节点(K)重新签发"}
[2026-10-03 11:02:11] ⚠️ 连续失败超限 → 继续但标记告警
[2026-10-03 11:02:22] ❌ beat fail (944/30): HTTP 403: {"error": "credential rejected", "reason": "credential_revoked", "fix": "检查 X-FSTDD-Token 是否为有效且未吊销的节点凭据；若遗失请联系管理节点(K)重新签发"}
[2026-10-03 11:02:22] ⚠️ 连续失败超限 → 继续但标记告警
[2026-10-03 11:02:30] ❌ beat fail (839/30): HTTP 403: {"error": "credential rejected", "reason": "credential_revoked", "fix": "检查 X-FSTDD-Token 是否为有效且未吊销的节点凭据；若遗失请联系管理节点(K)重新签发"}
[2026-10-03 11:02:30] ⚠️ 连续失败超限 → 继续但标记告警
[2026-10-03 11:02:31] ✅ beat ok: node_id=FSTDD003 last_seen=1790996551.4454188
[2026-10-03 11:03:12] ❌ beat fail (577/30): HTTP 403: {"error": "credential rejected", "reason": "credential_revoked", "fix": "检查 X-FSTDD-Token 是否为有效且未吊销的节点凭据；若遗失请联系管理节点(K)重新签发"}
[2026-10-03 11:03:12] ⚠️ 连续失败超限 → 继续但标记告警
[2026-10-03 11:03:23] ❌ beat fail (945/30): HTTP 403: {"error": "credential rejected", "reason": "credential_revoked", "fix": "检查 X-FSTDD-Token 是否为有效且未吊销的节点凭据；若遗失请联系管理节点(K)重新签发"}
[2026-10-03 11:03:23] ⚠️ 连续失败超限 → 继续但标记告警
[2026-10-03 11:03:31] ❌ beat fail (840/30): HTTP 403: {"error": "credential rejected", "reason": "credential_revoked", "fix": "检查 X-FSTDD-Token 是否为有效且未吊销的节点凭据；若遗失请联系管理节点(K)重新签发"}
[2026-10-03 11:03:31] ⚠️ 连续失败超限 → 继续但标记告警
[2026-10-03 11:03:32] ✅ beat ok: node_id=FSTDD003 last_seen=1790996612.8914316
[2026-10-03 11:04:13] ❌ beat fail (578/30): HTTP 403: {"error": "credential rejected", "reason": "credential_revoked", "fix": "检查 X-FSTDD-Token 是否为有效且未吊销的节点凭据；若遗失请联系管理节点(K)重新签发"}
[2026-10-03 11:04:13] ⚠️ 连续失败超限 → 继续但标记告警
[2026-10-03 11:04:24] ❌ beat fail (946/30): HTTP 403: {"error": "credential rejected", "reason": "credential_revoked", "fix": "检查 X-FSTDD-Token 是否为有效且未吊销的节点凭据；若遗失请联系管理节点(K)重新签发"}
[2026-10-03 11:04:24] ⚠️ 连续失败超限 → 继续但标记告警
[2026-10-03 11:04:32] ❌ beat fail (841/30): HTTP 403: {"error": "credential rejected", "reason": "credential_revoked", "fix": "检查 X-FSTDD-Token 是否为有效且未吊销的节点凭据；若遗失请联系管理节点(K)重新签发"}
[2026-10-03 11:04:32] ⚠️ 连续失败超限 → 继续但标记告警
[2026-10-03 11:04:34] ✅ beat ok: node_id=FSTDD003 last_seen=1790996673.9655583
[2026-10-03 11:05:14] ❌ beat fail (579/30): HTTP 403: {"error": "credential rejected", "reason": "credential_revoked", "fix": "检查 X-FSTDD-Token 是否为有效且未吊销的节点凭据；若遗失请联系管理节点(K)重新签发"}
[2026-10-03 11:05:14] ⚠️ 连续失败超限 → 继续但标记告警
[2026-10-03 11:05:25] ❌ beat fail (947/30): HTTP 403: {"error": "credential rejected", "reason": "credential_revoked", "fix": "检查 X-FSTDD-Token 是否为有效且未吊销的节点凭据；若遗失请联系管理节点(K)重新签发"}
[2026-10-03 11:05:25] ⚠️ 连续失败超限 → 继续但标记告警
[2026-10-03 11:05:33] ❌ beat fail (842/30): HTTP 403: {"error": "credential rejected", "reason": "credential_revoked", "fix": "检查 X-FSTDD-Token 是否为有效且未吊销的节点凭据；若遗失请联系管理节点(K)重新签发"}
[2026-10-03 11:05:33] ⚠️ 连续失败超限 → 继续但标记告警
[2026-10-03 11:05:34] ✅ beat ok: node_id=FSTDD003 last_seen=1790996735.0397677
[2026-10-03 11:06:14] ❌ beat fail (580/30): HTTP 403: {"error": "credential rejected", "reason": "credential_revoked", "fix": "检查 X-FSTDD-Token 是否为有效且未吊销的节点凭据；若遗失请联系管理节点(K)重新签发"}
[2026-10-03 11:06:14] ⚠️ 连续失败超限 → 继续但标记告警
[2026-10-03 11:06:26] ❌ beat fail (948/30): HTTP 403: {"error": "credential rejected", "reason": "credential_revoked", "fix": "检查 X-FSTDD-Token 是否为有效且未吊销的节点凭据；若遗失请联系管理节点(K)重新签发"}
[2026-10-03 11:06:26] ⚠️ 连续失败超限 → 继续但标记告警
[2026-10-03 11:06:34] ❌ beat fail (843/30): HTTP 403: {"error": "credential rejected", "reason": "credential_revoked", "fix": "检查 X-FSTDD-Token 是否为有效且未吊销的节点凭据；若遗失请联系管理节点(K)重新签发"}
[2026-10-03 11:06:34] ⚠️ 连续失败超限 → 继续但标记告警
[2026-10-03 11:06:35] ✅ beat ok: node_id=FSTDD003 last_seen=1790996795.7245142
[2026-10-03 11:07:15] ❌ beat fail (581/30): HTTP 403: {"error": "credential rejected", "reason": "credential_revoked", "fix": "检查 X-FSTDD-Token 是否为有效且未吊销的节点凭据；若遗失请联系管理节点(K)重新签发"}
[2026-10-03 11:07:15] ⚠️ 连续失败超限 → 继续但标记告警
[2026-10-03 11:07:27] ❌ beat fail (949/30): HTTP 403: {"error": "credential rejected", "reason": "credential_revoked", "fix": "检查 X-FSTDD-Token 是否为有效且未吊销的节点凭据；若遗失请联系管理节点(K)重新签发"}
[2026-10-03 11:07:27] ⚠️ 连续失败超限 → 继续但标记告警
[2026-10-03 11:07:35] ❌ beat fail (844/30): HTTP 403: {"error": "credential rejected", "reason": "credential_revoked", "fix": "检查 X-FSTDD-Token 是否为有效且未吊销的节点凭据；若遗失请联系管理节点(K)重新签发"}
[2026-10-03 11:07:35] ⚠️ 连续失败超限 → 继续但标记告警
[2026-10-03 11:07:36] ✅ beat ok: node_id=FSTDD003 last_seen=1790996856.4141607
[2026-10-03 11:08:16] ❌ beat fail (582/30): HTTP 403: {"error": "credential rejected", "reason": "credential_revoked", "fix": "检查 X-FSTDD-Token 是否为有效且未吊销的节点凭据；若遗失请联系管理节点(K)重新签发"}
[2026-10-03 11:08:16] ⚠️ 连续失败超限 → 继续但标记告警
[2026-10-03 11:08:28] ❌ beat fail (950/30): HTTP 403: {"error": "credential rejected", "reason": "credential_revoked", "fix": "检查 X-FSTDD-Token 是否为有效且未吊销的节点凭据；若遗失请联系管理节点(K)重新签发"}
[2026-10-03 11:08:28] ⚠️ 连续失败超限 → 继续但标记告警
[2026-10-03 11:08:36] ❌ beat fail (845/30): HTTP 403: {"error": "credential rejected", "reason": "credential_revoked", "fix": "检查 X-FSTDD-Token 是否为有效且未吊销的节点凭据；若遗失请联系管理节点(K)重新签发"}
[2026-10-03 11:08:36] ⚠️ 连续失败超限 → 继续但标记告警
[2026-10-03 11:08:37] ✅ beat ok: node_id=FSTDD003 last_seen=1790996917.1471741
[2026-10-03 11:09:17] ❌ beat fail (583/30): HTTP 403: {"error": "credential rejected", "reason": "credential_revoked", "fix": "检查 X-FSTDD-Token 是否为有效且未吊销的节点凭据；若遗失请联系管理节点(K)重新签发"}
[2026-10-03 11:09:17] ⚠️ 连续失败超限 → 继续但标记告警
[2026-10-03 11:09:29] ❌ beat fail (951/30): HTTP 403: {"error": "credential rejected", "reason": "credential_revoked", "fix": "检查 X-FSTDD-Token 是否为有效且未吊销的节点凭据；若遗失请联系管理节点(K)重新签发"}
[2026-10-03 11:09:29] ⚠️ 连续失败超限 → 继续但标记告警
[2026-10-03 11:09:36] ❌ beat fail (846/30): HTTP 403: {"error": "credential rejected", "reason": "credential_revoked", "fix": "检查 X-FSTDD-Token 是否为有效且未吊销的节点凭据；若遗失请联系管理节点(K)重新签发"}
[2026-10-03 11:09:36] ⚠️ 连续失败超限 → 继续但标记告警
[2026-10-03 11:09:38] ✅ beat ok: node_id=FSTDD003 last_seen=1790996978.5343375
[2026-10-03 11:10:18] ❌ beat fail (584/30): HTTP 403: {"error": "credential rejected", "reason": "credential_revoked", "fix": "检查 X-FSTDD-Token 是否为有效且未吊销的节点凭据；若遗失请联系管理节点(K)重新签发"}
[2026-10-03 11:10:18] ⚠️ 连续失败超限 → 继续但标记告警
[2026-10-03 11:10:30] ❌ beat fail (952/30): HTTP 403: {"error": "credential rejected", "reason": "credential_revoked", "fix": "检查 X-FSTDD-Token 是否为有效且未吊销的节点凭据；若遗失请联系管理节点(K)重新签发"}
[2026-10-03 11:10:30] ⚠️ 连续失败超限 → 继续但标记告警
[2026-10-03 11:10:37] ❌ beat fail (847/30): HTTP 403: {"error": "credential rejected", "reason": "credential_revoked", "fix": "检查 X-FSTDD-Token 是否为有效且未吊销的节点凭据；若遗失请联系管理节点(K)重新签发"}
[2026-10-03 11:10:37] ⚠️ 连续失败超限 → 继续但标记告警
[2026-10-03 11:10:38] ✅ beat ok: node_id=FSTDD003 last_seen=1790997039.2241664
[2026-10-03 11:11:19] ❌ beat fail (585/30): HTTP 403: {"error": "credential rejected", "reason": "credential_revoked", "fix": "检查 X-FSTDD-Token 是否为有效且未吊销的节点凭据；若遗失请联系管理节点(K)重新签发"}
[2026-10-03 11:11:19] ⚠️ 连续失败超限 → 继续但标记告警
[2026-10-03 11:11:31] ❌ beat fail (953/30): HTTP 403: {"error": "credential rejected", "reason": "credential_revoked", "fix": "检查 X-FSTDD-Token 是否为有效且未吊销的节点凭据；若遗失请联系管理节点(K)重新签发"}
[2026-10-03 11:11:31] ⚠️ 连续失败超限 → 继续但标记告警
[2026-10-03 11:11:38] ❌ beat fail (848/30): HTTP 403: {"error": "credential rejected", "reason": "credential_revoked", "fix": "检查 X-FSTDD-Token 是否为有效且未吊销的节点凭据；若遗失请联系管理节点(K)重新签发"}
[2026-10-03 11:11:38] ⚠️ 连续失败超限 → 继续但标记告警
[2026-10-03 11:11:39] ✅ beat ok: node_id=FSTDD003 last_seen=1790997099.9403336
[2026-10-03 11:12:20] ❌ beat fail (586/30): HTTP 403: {"error": "credential rejected", "reason": "credential_revoked", "fix": "检查 X-FSTDD-Token 是否为有效且未吊销的节点凭据；若遗失请联系管理节点(K)重新签发"}
[2026-10-03 11:12:20] ⚠️ 连续失败超限 → 继续但标记告警
[2026-10-03 11:12:32] ❌ beat fail (954/30): HTTP 403: {"error": "credential rejected", "reason": "credential_revoked", "fix": "检查 X-FSTDD-Token 是否为有效且未吊销的节点凭据；若遗失请联系管理节点(K)重新签发"}
[2026-10-03 11:12:32] ⚠️ 连续失败超限 → 继续但标记告警
[2026-10-03 11:12:39] ❌ beat fail (849/30): HTTP 403: {"error": "credential rejected", "reason": "credential_revoked", "fix": "检查 X-FSTDD-Token 是否为有效且未吊销的节点凭据；若遗失请联系管理节点(K)重新签发"}
[2026-10-03 11:12:39] ⚠️ 连续失败超限 → 继续但标记告警
[2026-10-03 11:12:40] ✅ beat ok: node_id=FSTDD003 last_seen=1790997160.6306322
[2026-10-03 11:13:21] ❌ beat fail (587/30): HTTP 403: {"error": "credential rejected", "reason": "credential_revoked", "fix": "检查 X-FSTDD-Token 是否为有效且未吊销的节点凭据；若遗失请联系管理节点(K)重新签发"}
[2026-10-03 11:13:21] ⚠️ 连续失败超限 → 继续但标记告警
[2026-10-03 11:13:33] ❌ beat fail (955/30): HTTP 403: {"error": "credential rejected", "reason": "credential_revoked", "fix": "检查 X-FSTDD-Token 是否为有效且未吊销的节点凭据；若遗失请联系管理节点(K)重新签发"}
[2026-10-03 11:13:33] ⚠️ 连续失败超限 → 继续但标记告警
[2026-10-03 11:13:39] ❌ beat fail (850/30): HTTP 403: {"error": "credential rejected", "reason": "credential_revoked", "fix": "检查 X-FSTDD-Token 是否为有效且未吊销的节点凭据；若遗失请联系管理节点(K)重新签发"}
[2026-10-03 11:13:39] ⚠️ 连续失败超限 → 继续但标记告警
[2026-10-03 11:13:41] ✅ beat ok: node_id=FSTDD003 last_seen=1790997221.631125
[2026-10-03 11:14:22] ❌ beat fail (588/30): HTTP 403: {"error": "credential rejected", "reason": "credential_revoked", "fix": "检查 X-FSTDD-Token 是否为有效且未吊销的节点凭据；若遗失请联系管理节点(K)重新签发"}
[2026-10-03 11:14:22] ⚠️ 连续失败超限 → 继续但标记告警
[2026-10-03 11:14:34] ❌ beat fail (956/30): HTTP 403: {"error": "credential rejected", "reason": "credential_revoked", "fix": "检查 X-FSTDD-Token 是否为有效且未吊销的节点凭据；若遗失请联系管理节点(K)重新签发"}
[2026-10-03 11:14:34] ⚠️ 连续失败超限 → 继续但标记告警
[2026-10-03 11:14:41] ❌ beat fail (851/30): HTTP 403: {"error": "credential rejected", "reason": "credential_revoked", "fix": "检查 X-FSTDD-Token 是否为有效且未吊销的节点凭据；若遗失请联系管理节点(K)重新签发"}
[2026-10-03 11:14:41] ⚠️ 连续失败超限 → 继续但标记告警
[2026-10-03 11:14:42] ✅ beat ok: node_id=FSTDD003 last_seen=1790997282.315893
[2026-10-03 11:15:23] ❌ beat fail (589/30): HTTP 403: {"error": "credential rejected", "reason": "credential_revoked", "fix": "检查 X-FSTDD-Token 是否为有效且未吊销的节点凭据；若遗失请联系管理节点(K)重新签发"}
[2026-10-03 11:15:23] ⚠️ 连续失败超限 → 继续但标记告警
[2026-10-03 11:15:35] ❌ beat fail (957/30): HTTP 403: {"error": "credential rejected", "reason": "credential_revoked", "fix": "检查 X-FSTDD-Token 是否为有效且未吊销的节点凭据；若遗失请联系管理节点(K)重新签发"}
[2026-10-03 11:15:35] ⚠️ 连续失败超限 → 继续但标记告警
[2026-10-03 11:15:42] ❌ beat fail (852/30): HTTP 403: {"error": "credential rejected", "reason": "credential_revoked", "fix": "检查 X-FSTDD-Token 是否为有效且未吊销的节点凭据；若遗失请联系管理节点(K)重新签发"}
[2026-10-03 11:15:42] ⚠️ 连续失败超限 → 继续但标记告警
[2026-10-03 11:15:43] ✅ beat ok: node_id=FSTDD003 last_seen=1790997343.4041562
[2026-10-03 11:16:24] ❌ beat fail (590/30): HTTP 403: {"error": "credential rejected", "reason": "credential_revoked", "fix": "检查 X-FSTDD-Token 是否为有效且未吊销的节点凭据；若遗失请联系管理节点(K)重新签发"}
[2026-10-03 11:16:24] ⚠️ 连续失败超限 → 继续但标记告警
[2026-10-03 11:16:36] ❌ beat fail (958/30): HTTP 403: {"error": "credential rejected", "reason": "credential_revoked", "fix": "检查 X-FSTDD-Token 是否为有效且未吊销的节点凭据；若遗失请联系管理节点(K)重新签发"}
[2026-10-03 11:16:36] ⚠️ 连续失败超限 → 继续但标记告警
[2026-10-03 11:16:43] ❌ beat fail (853/30): HTTP 403: {"error": "credential rejected", "reason": "credential_revoked", "fix": "检查 X-FSTDD-Token 是否为有效且未吊销的节点凭据；若遗失请联系管理节点(K)重新签发"}
[2026-10-03 11:16:43] ⚠️ 连续失败超限 → 继续但标记告警
[2026-10-03 11:16:44] ✅ beat ok: node_id=FSTDD003 last_seen=1790997404.1436555
[2026-10-03 11:17:25] ❌ beat fail (591/30): HTTP 403: {"error": "credential rejected", "reason": "credential_revoked", "fix": "检查 X-FSTDD-Token 是否为有效且未吊销的节点凭据；若遗失请联系管理节点(K)重新签发"}
[2026-10-03 11:17:25] ⚠️ 连续失败超限 → 继续但标记告警
[2026-10-03 11:17:37] ❌ beat fail (959/30): HTTP 403: {"error": "credential rejected", "reason": "credential_revoked", "fix": "检查 X-FSTDD-Token 是否为有效且未吊销的节点凭据；若遗失请联系管理节点(K)重新签发"}
[2026-10-03 11:17:37] ⚠️ 连续失败超限 → 继续但标记告警
[2026-10-03 11:17:44] ❌ beat fail (854/30): HTTP 403: {"error": "credential rejected", "reason": "credential_revoked", "fix": "检查 X-FSTDD-Token 是否为有效且未吊销的节点凭据；若遗失请联系管理节点(K)重新签发"}
[2026-10-03 11:17:44] ⚠️ 连续失败超限 → 继续但标记告警
[2026-10-03 11:17:45] ✅ beat ok: node_id=FSTDD003 last_seen=1790997465.6204457
[2026-10-03 11:18:26] ❌ beat fail (592/30): HTTP 403: {"error": "credential rejected", "reason": "credential_revoked", "fix": "检查 X-FSTDD-Token 是否为有效且未吊销的节点凭据；若遗失请联系管理节点(K)重新签发"}
[2026-10-03 11:18:26] ⚠️ 连续失败超限 → 继续但标记告警
[2026-10-03 11:18:38] ❌ beat fail (960/30): HTTP 403: {"error": "credential rejected", "reason": "credential_revoked", "fix": "检查 X-FSTDD-Token 是否为有效且未吊销的节点凭据；若遗失请联系管理节点(K)重新签发"}
[2026-10-03 11:18:38] ⚠️ 连续失败超限 → 继续但标记告警
[2026-10-03 11:18:45] ❌ beat fail (855/30): HTTP 403: {"error": "credential rejected", "reason": "credential_revoked", "fix": "检查 X-FSTDD-Token 是否为有效且未吊销的节点凭据；若遗失请联系管理节点(K)重新签发"}
[2026-10-03 11:18:45] ⚠️ 连续失败超限 → 继续但标记告警
[2026-10-03 11:18:46] ✅ beat ok: node_id=FSTDD003 last_seen=1790997526.672064
[2026-10-03 11:19:27] ❌ beat fail (593/30): HTTP 403: {"error": "credential rejected", "reason": "credential_revoked", "fix": "检查 X-FSTDD-Token 是否为有效且未吊销的节点凭据；若遗失请联系管理节点(K)重新签发"}
[2026-10-03 11:19:27] ⚠️ 连续失败超限 → 继续但标记告警
[2026-10-03 11:19:39] ❌ beat fail (961/30): HTTP 403: {"error": "credential rejected", "reason": "credential_revoked", "fix": "检查 X-FSTDD-Token 是否为有效且未吊销的节点凭据；若遗失请联系管理节点(K)重新签发"}
[2026-10-03 11:19:39] ⚠️ 连续失败超限 → 继续但标记告警
[2026-10-03 11:19:46] ❌ beat fail (856/30): HTTP 403: {"error": "credential rejected", "reason": "credential_revoked", "fix": "检查 X-FSTDD-Token 是否为有效且未吊销的节点凭据；若遗失请联系管理节点(K)重新签发"}
[2026-10-03 11:19:46] ⚠️ 连续失败超限 → 继续但标记告警
[2026-10-03 11:19:47] ✅ beat ok: node_id=FSTDD003 last_seen=1790997587.6875687
[2026-10-03 11:20:28] ❌ beat fail (594/30): HTTP 403: {"error": "credential rejected", "reason": "credential_revoked", "fix": "检查 X-FSTDD-Token 是否为有效且未吊销的节点凭据；若遗失请联系管理节点(K)重新签发"}
[2026-10-03 11:20:28] ⚠️ 连续失败超限 → 继续但标记告警
[2026-10-03 11:20:40] ❌ beat fail (962/30): HTTP 403: {"error": "credential rejected", "reason": "credential_revoked", "fix": "检查 X-FSTDD-Token 是否为有效且未吊销的节点凭据；若遗失请联系管理节点(K)重新签发"}
[2026-10-03 11:20:40] ⚠️ 连续失败超限 → 继续但标记告警
[2026-10-03 11:20:47] ❌ beat fail (857/30): HTTP 403: {"error": "credential rejected", "reason": "credential_revoked", "fix": "检查 X-FSTDD-Token 是否为有效且未吊销的节点凭据；若遗失请联系管理节点(K)重新签发"}
[2026-10-03 11:20:47] ⚠️ 连续失败超限 → 继续但标记告警
[2026-10-03 11:20:48] ✅ beat ok: node_id=FSTDD003 last_seen=1790997648.5358133
[2026-10-03 11:21:29] ❌ beat fail (595/30): HTTP 403: {"error": "credential rejected", "reason": "credential_revoked", "fix": "检查 X-FSTDD-Token 是否为有效且未吊销的节点凭据；若遗失请联系管理节点(K)重新签发"}
[2026-10-03 11:21:29] ⚠️ 连续失败超限 → 继续但标记告警
[2026-10-03 11:21:40] ❌ beat fail (963/30): HTTP 403: {"error": "credential rejected", "reason": "credential_revoked", "fix": "检查 X-FSTDD-Token 是否为有效且未吊销的节点凭据；若遗失请联系管理节点(K)重新签发"}
[2026-10-03 11:21:40] ⚠️ 连续失败超限 → 继续但标记告警
[2026-10-03 11:21:47] ❌ beat fail (858/30): HTTP 403: {"error": "credential rejected", "reason": "credential_revoked", "fix": "检查 X-FSTDD-Token 是否为有效且未吊销的节点凭据；若遗失请联系管理节点(K)重新签发"}
[2026-10-03 11:21:47] ⚠️ 连续失败超限 → 继续但标记告警
[2026-10-03 11:21:49] ✅ beat ok: node_id=FSTDD003 last_seen=1790997709.7195206
[2026-10-03 11:22:30] ❌ beat fail (596/30): HTTP 403: {"error": "credential rejected", "reason": "credential_revoked", "fix": "检查 X-FSTDD-Token 是否为有效且未吊销的节点凭据；若遗失请联系管理节点(K)重新签发"}
[2026-10-03 11:22:30] ⚠️ 连续失败超限 → 继续但标记告警
[2026-10-03 11:22:41] ❌ beat fail (964/30): HTTP 403: {"error": "credential rejected", "reason": "credential_revoked", "fix": "检查 X-FSTDD-Token 是否为有效且未吊销的节点凭据；若遗失请联系管理节点(K)重新签发"}
[2026-10-03 11:22:41] ⚠️ 连续失败超限 → 继续但标记告警
[2026-10-03 11:22:49] ❌ beat fail (859/30): HTTP 403: {"error": "credential rejected", "reason": "credential_revoked", "fix": "检查 X-FSTDD-Token 是否为有效且未吊销的节点凭据；若遗失请联系管理节点(K)重新签发"}
[2026-10-03 11:22:49] ⚠️ 连续失败超限 → 继续但标记告警
[2026-10-03 11:22:50] ✅ beat ok: node_id=FSTDD003 last_seen=1790997770.7842557
[2026-10-03 11:23:31] ❌ beat fail (597/30): HTTP 403: {"error": "credential rejected", "reason": "credential_revoked", "fix": "检查 X-FSTDD-Token 是否为有效且未吊销的节点凭据；若遗失请联系管理节点(K)重新签发"}
[2026-10-03 11:23:31] ⚠️ 连续失败超限 → 继续但标记告警
[2026-10-03 11:23:43] ❌ beat fail (965/30): HTTP 403: {"error": "credential rejected", "reason": "credential_revoked", "fix": "检查 X-FSTDD-Token 是否为有效且未吊销的节点凭据；若遗失请联系管理节点(K)重新签发"}
[2026-10-03 11:23:43] ⚠️ 连续失败超限 → 继续但标记告警
[2026-10-03 11:23:50] ❌ beat fail (860/30): HTTP 403: {"error": "credential rejected", "reason": "credential_revoked", "fix": "检查 X-FSTDD-Token 是否为有效且未吊销的节点凭据；若遗失请联系管理节点(K)重新签发"}
[2026-10-03 11:23:50] ⚠️ 连续失败超限 → 继续但标记告警
[2026-10-03 11:23:51] ✅ beat ok: node_id=FSTDD003 last_seen=1790997831.725291
[2026-10-03 11:24:33] ❌ beat fail (598/30): HTTP 403: {"error": "credential rejected", "reason": "credential_revoked", "fix": "检查 X-FSTDD-Token 是否为有效且未吊销的节点凭据；若遗失请联系管理节点(K)重新签发"}
[2026-10-03 11:24:33] ⚠️ 连续失败超限 → 继续但标记告警
[2026-10-03 11:24:44] ❌ beat fail (966/30): HTTP 403: {"error": "credential rejected", "reason": "credential_revoked", "fix": "检查 X-FSTDD-Token 是否为有效且未吊销的节点凭据；若遗失请联系管理节点(K)重新签发"}
[2026-10-03 11:24:44] ⚠️ 连续失败超限 → 继续但标记告警
[2026-10-03 11:24:51] ❌ beat fail (861/30): HTTP 403: {"error": "credential rejected", "reason": "credential_revoked", "fix": "检查 X-FSTDD-Token 是否为有效且未吊销的节点凭据；若遗失请联系管理节点(K)重新签发"}
[2026-10-03 11:24:51] ⚠️ 连续失败超限 → 继续但标记告警
[2026-10-03 11:24:52] ✅ beat ok: node_id=FSTDD003 last_seen=1790997893.1030679
[2026-10-03 11:25:33] ❌ beat fail (599/30): HTTP 403: {"error": "credential rejected", "reason": "credential_revoked", "fix": "检查 X-FSTDD-Token 是否为有效且未吊销的节点凭据；若遗失请联系管理节点(K)重新签发"}
[2026-10-03 11:25:33] ⚠️ 连续失败超限 → 继续但标记告警
[2026-10-03 11:25:45] ❌ beat fail (967/30): HTTP 403: {"error": "credential rejected", "reason": "credential_revoked", "fix": "检查 X-FSTDD-Token 是否为有效且未吊销的节点凭据；若遗失请联系管理节点(K)重新签发"}
[2026-10-03 11:25:45] ⚠️ 连续失败超限 → 继续但标记告警
[2026-10-03 11:25:52] ❌ beat fail (862/30): HTTP 403: {"error": "credential rejected", "reason": "credential_revoked", "fix": "检查 X-FSTDD-Token 是否为有效且未吊销的节点凭据；若遗失请联系管理节点(K)重新签发"}
[2026-10-03 11:25:52] ⚠️ 连续失败超限 → 继续但标记告警
[2026-10-03 11:25:54] ✅ beat ok: node_id=FSTDD003 last_seen=1790997954.0472162
[2026-10-03 11:26:34] ❌ beat fail (600/30): HTTP 403: {"error": "credential rejected", "reason": "credential_revoked", "fix": "检查 X-FSTDD-Token 是否为有效且未吊销的节点凭据；若遗失请联系管理节点(K)重新签发"}
[2026-10-03 11:26:34] ⚠️ 连续失败超限 → 继续但标记告警
[2026-10-03 11:26:46] ❌ beat fail (968/30): HTTP 403: {"error": "credential rejected", "reason": "credential_revoked", "fix": "检查 X-FSTDD-Token 是否为有效且未吊销的节点凭据；若遗失请联系管理节点(K)重新签发"}
[2026-10-03 11:26:46] ⚠️ 连续失败超限 → 继续但标记告警
[2026-10-03 11:26:53] ❌ beat fail (863/30): HTTP 403: {"error": "credential rejected", "reason": "credential_revoked", "fix": "检查 X-FSTDD-Token 是否为有效且未吊销的节点凭据；若遗失请联系管理节点(K)重新签发"}
[2026-10-03 11:26:53] ⚠️ 连续失败超限 → 继续但标记告警
[2026-10-03 11:26:55] ✅ beat ok: node_id=FSTDD003 last_seen=1790998015.6611238
[2026-10-03 11:27:35] ❌ beat fail (601/30): HTTP 403: {"error": "credential rejected", "reason": "credential_revoked", "fix": "检查 X-FSTDD-Token 是否为有效且未吊销的节点凭据；若遗失请联系管理节点(K)重新签发"}
[2026-10-03 11:27:35] ⚠️ 连续失败超限 → 继续但标记告警
[2026-10-03 11:27:47] ❌ beat fail (969/30): HTTP 403: {"error": "credential rejected", "reason": "credential_revoked", "fix": "检查 X-FSTDD-Token 是否为有效且未吊销的节点凭据；若遗失请联系管理节点(K)重新签发"}
[2026-10-03 11:27:47] ⚠️ 连续失败超限 → 继续但标记告警
[2026-10-03 11:27:54] ❌ beat fail (864/30): HTTP 403: {"error": "credential rejected", "reason": "credential_revoked", "fix": "检查 X-FSTDD-Token 是否为有效且未吊销的节点凭据；若遗失请联系管理节点(K)重新签发"}
[2026-10-03 11:27:54] ⚠️ 连续失败超限 → 继续但标记告警
[2026-10-03 11:27:56] ✅ beat ok: node_id=FSTDD003 last_seen=1790998076.4616406
[2026-10-03 11:28:37] ❌ beat fail (602/30): HTTP 403: {"error": "credential rejected", "reason": "credential_revoked", "fix": "检查 X-FSTDD-Token 是否为有效且未吊销的节点凭据；若遗失请联系管理节点(K)重新签发"}
[2026-10-03 11:28:37] ⚠️ 连续失败超限 → 继续但标记告警
[2026-10-03 11:28:48] ❌ beat fail (970/30): HTTP 403: {"error": "credential rejected", "reason": "credential_revoked", "fix": "检查 X-FSTDD-Token 是否为有效且未吊销的节点凭据；若遗失请联系管理节点(K)重新签发"}
[2026-10-03 11:28:48] ⚠️ 连续失败超限 → 继续但标记告警
[2026-10-03 11:28:56] ❌ beat fail (865/30): HTTP 403: {"error": "credential rejected", "reason": "credential_revoked", "fix": "检查 X-FSTDD-Token 是否为有效且未吊销的节点凭据；若遗失请联系管理节点(K)重新签发"}
[2026-10-03 11:28:56] ⚠️ 连续失败超限 → 继续但标记告警
[2026-10-03 11:28:57] ✅ beat ok: node_id=FSTDD003 last_seen=1790998137.3358896
[2026-10-03 11:29:38] ❌ beat fail (603/30): HTTP 403: {"error": "credential rejected", "reason": "credential_revoked", "fix": "检查 X-FSTDD-Token 是否为有效且未吊销的节点凭据；若遗失请联系管理节点(K)重新签发"}
[2026-10-03 11:29:38] ⚠️ 连续失败超限 → 继续但标记告警
[2026-10-03 11:29:49] ❌ beat fail (971/30): HTTP 403: {"error": "credential rejected", "reason": "credential_revoked", "fix": "检查 X-FSTDD-Token 是否为有效且未吊销的节点凭据；若遗失请联系管理节点(K)重新签发"}
[2026-10-03 11:29:49] ⚠️ 连续失败超限 → 继续但标记告警
[2026-10-03 11:29:57] ❌ beat fail (866/30): HTTP 403: {"error": "credential rejected", "reason": "credential_revoked", "fix": "检查 X-FSTDD-Token 是否为有效且未吊销的节点凭据；若遗失请联系管理节点(K)重新签发"}
[2026-10-03 11:29:57] ⚠️ 连续失败超限 → 继续但标记告警
[2026-10-03 11:29:58] ✅ beat ok: node_id=FSTDD003 last_seen=1790998198.660458
[2026-10-03 11:30:39] ❌ beat fail (604/30): HTTP 403: {"error": "credential rejected", "reason": "credential_revoked", "fix": "检查 X-FSTDD-Token 是否为有效且未吊销的节点凭据；若遗失请联系管理节点(K)重新签发"}
[2026-10-03 11:30:39] ⚠️ 连续失败超限 → 继续但标记告警
[2026-10-03 11:30:50] ❌ beat fail (972/30): HTTP 403: {"error": "credential rejected", "reason": "credential_revoked", "fix": "检查 X-FSTDD-Token 是否为有效且未吊销的节点凭据；若遗失请联系管理节点(K)重新签发"}
[2026-10-03 11:30:50] ⚠️ 连续失败超限 → 继续但标记告警
[2026-10-03 11:30:58] ❌ beat fail (867/30): HTTP 403: {"error": "credential rejected", "reason": "credential_revoked", "fix": "检查 X-FSTDD-Token 是否为有效且未吊销的节点凭据；若遗失请联系管理节点(K)重新签发"}
[2026-10-03 11:30:58] ⚠️ 连续失败超限 → 继续但标记告警
[2026-10-03 11:30:59] ✅ beat ok: node_id=FSTDD003 last_seen=1790998259.59124
[2026-10-03 11:31:40] ❌ beat fail (605/30): HTTP 403: {"error": "credential rejected", "reason": "credential_revoked", "fix": "检查 X-FSTDD-Token 是否为有效且未吊销的节点凭据；若遗失请联系管理节点(K)重新签发"}
[2026-10-03 11:31:40] ⚠️ 连续失败超限 → 继续但标记告警
[2026-10-03 11:31:51] ❌ beat fail (973/30): HTTP 403: {"error": "credential rejected", "reason": "credential_revoked", "fix": "检查 X-FSTDD-Token 是否为有效且未吊销的节点凭据；若遗失请联系管理节点(K)重新签发"}
[2026-10-03 11:31:51] ⚠️ 连续失败超限 → 继续但标记告警
[2026-10-03 11:31:58] ❌ beat fail (868/30): HTTP 403: {"error": "credential rejected", "reason": "credential_revoked", "fix": "检查 X-FSTDD-Token 是否为有效且未吊销的节点凭据；若遗失请联系管理节点(K)重新签发"}
[2026-10-03 11:31:58] ⚠️ 连续失败超限 → 继续但标记告警
[2026-10-03 11:32:00] ✅ beat ok: node_id=FSTDD003 last_seen=1790998320.586323
[2026-10-03 11:32:41] ❌ beat fail (606/30): HTTP 403: {"error": "credential rejected", "reason": "credential_revoked", "fix": "检查 X-FSTDD-Token 是否为有效且未吊销的节点凭据；若遗失请联系管理节点(K)重新签发"}
[2026-10-03 11:32:41] ⚠️ 连续失败超限 → 继续但标记告警
[2026-10-03 11:32:52] ❌ beat fail (974/30): HTTP 403: {"error": "credential rejected", "reason": "credential_revoked", "fix": "检查 X-FSTDD-Token 是否为有效且未吊销的节点凭据；若遗失请联系管理节点(K)重新签发"}
[2026-10-03 11:32:52] ⚠️ 连续失败超限 → 继续但标记告警
[2026-10-03 11:32:59] ❌ beat fail (869/30): HTTP 403: {"error": "credential rejected", "reason": "credential_revoked", "fix": "检查 X-FSTDD-Token 是否为有效且未吊销的节点凭据；若遗失请联系管理节点(K)重新签发"}
[2026-10-03 11:32:59] ⚠️ 连续失败超限 → 继续但标记告警
[2026-10-03 11:33:01] ✅ beat ok: node_id=FSTDD003 last_seen=1790998381.3295236
[2026-10-03 11:33:42] ❌ beat fail (607/30): HTTP 403: {"error": "credential rejected", "reason": "credential_revoked", "fix": "检查 X-FSTDD-Token 是否为有效且未吊销的节点凭据；若遗失请联系管理节点(K)重新签发"}
[2026-10-03 11:33:42] ⚠️ 连续失败超限 → 继续但标记告警
[2026-10-03 11:33:53] ❌ beat fail (975/30): HTTP 403: {"error": "credential rejected", "reason": "credential_revoked", "fix": "检查 X-FSTDD-Token 是否为有效且未吊销的节点凭据；若遗失请联系管理节点(K)重新签发"}
[2026-10-03 11:33:53] ⚠️ 连续失败超限 → 继续但标记告警
[2026-10-03 11:34:00] ❌ beat fail (870/30): HTTP 403: {"error": "credential rejected", "reason": "credential_revoked", "fix": "检查 X-FSTDD-Token 是否为有效且未吊销的节点凭据；若遗失请联系管理节点(K)重新签发"}
[2026-10-03 11:34:00] ⚠️ 连续失败超限 → 继续但标记告警
[2026-10-03 11:34:02] ✅ beat ok: node_id=FSTDD003 last_seen=1790998442.4924152
[2026-10-03 11:34:43] ❌ beat fail (608/30): HTTP 403: {"error": "credential rejected", "reason": "credential_revoked", "fix": "检查 X-FSTDD-Token 是否为有效且未吊销的节点凭据；若遗失请联系管理节点(K)重新签发"}
[2026-10-03 11:34:43] ⚠️ 连续失败超限 → 继续但标记告警
[2026-10-03 11:34:54] ❌ beat fail (976/30): HTTP 403: {"error": "credential rejected", "reason": "credential_revoked", "fix": "检查 X-FSTDD-Token 是否为有效且未吊销的节点凭据；若遗失请联系管理节点(K)重新签发"}
[2026-10-03 11:34:54] ⚠️ 连续失败超限 → 继续但标记告警
[2026-10-03 11:35:02] ❌ beat fail (871/30): HTTP 403: {"error": "credential rejected", "reason": "credential_revoked", "fix": "检查 X-FSTDD-Token 是否为有效且未吊销的节点凭据；若遗失请联系管理节点(K)重新签发"}
[2026-10-03 11:35:02] ⚠️ 连续失败超限 → 继续但标记告警
[2026-10-03 11:35:03] ✅ beat ok: node_id=FSTDD003 last_seen=1790998503.469137
[2026-10-03 11:35:44] ❌ beat fail (609/30): HTTP 403: {"error": "credential rejected", "reason": "credential_revoked", "fix": "检查 X-FSTDD-Token 是否为有效且未吊销的节点凭据；若遗失请联系管理节点(K)重新签发"}
[2026-10-03 11:35:44] ⚠️ 连续失败超限 → 继续但标记告警
[2026-10-03 11:35:55] ❌ beat fail (977/30): HTTP 403: {"error": "credential rejected", "reason": "credential_revoked", "fix": "检查 X-FSTDD-Token 是否为有效且未吊销的节点凭据；若遗失请联系管理节点(K)重新签发"}
[2026-10-03 11:35:55] ⚠️ 连续失败超限 → 继续但标记告警
[2026-10-03 11:36:03] ❌ beat fail (872/30): HTTP 403: {"error": "credential rejected", "reason": "credential_revoked", "fix": "检查 X-FSTDD-Token 是否为有效且未吊销的节点凭据；若遗失请联系管理节点(K)重新签发"}
[2026-10-03 11:36:03] ⚠️ 连续失败超限 → 继续但标记告警
[2026-10-03 11:36:04] ✅ beat ok: node_id=FSTDD003 last_seen=1790998564.5662277
[2026-10-03 11:36:45] ❌ beat fail (610/30): HTTP 403: {"error": "credential rejected", "reason": "credential_revoked", "fix": "检查 X-FSTDD-Token 是否为有效且未吊销的节点凭据；若遗失请联系管理节点(K)重新签发"}
[2026-10-03 11:36:45] ⚠️ 连续失败超限 → 继续但标记告警
[2026-10-03 11:36:56] ❌ beat fail (978/30): HTTP 403: {"error": "credential rejected", "reason": "credential_revoked", "fix": "检查 X-FSTDD-Token 是否为有效且未吊销的节点凭据；若遗失请联系管理节点(K)重新签发"}
[2026-10-03 11:36:56] ⚠️ 连续失败超限 → 继续但标记告警
[2026-10-03 11:37:03] ❌ beat fail (873/30): HTTP 403: {"error": "credential rejected", "reason": "credential_revoked", "fix": "检查 X-FSTDD-Token 是否为有效且未吊销的节点凭据；若遗失请联系管理节点(K)重新签发"}
[2026-10-03 11:37:03] ⚠️ 连续失败超限 → 继续但标记告警
[2026-10-03 11:37:05] ✅ beat ok: node_id=FSTDD003 last_seen=1790998625.3900168
[2026-10-03 11:37:46] ❌ beat fail (611/30): HTTP 403: {"error": "credential rejected", "reason": "credential_revoked", "fix": "检查 X-FSTDD-Token 是否为有效且未吊销的节点凭据；若遗失请联系管理节点(K)重新签发"}
[2026-10-03 11:37:46] ⚠️ 连续失败超限 → 继续但标记告警
[2026-10-03 11:37:58] ❌ beat fail (979/30): HTTP 403: {"error": "credential rejected", "reason": "credential_revoked", "fix": "检查 X-FSTDD-Token 是否为有效且未吊销的节点凭据；若遗失请联系管理节点(K)重新签发"}
[2026-10-03 11:37:58] ⚠️ 连续失败超限 → 继续但标记告警
[2026-10-03 11:38:04] ❌ beat fail (874/30): HTTP 403: {"error": "credential rejected", "reason": "credential_revoked", "fix": "检查 X-FSTDD-Token 是否为有效且未吊销的节点凭据；若遗失请联系管理节点(K)重新签发"}
[2026-10-03 11:38:04] ⚠️ 连续失败超限 → 继续但标记告警
[2026-10-03 11:38:06] ✅ beat ok: node_id=FSTDD003 last_seen=1790998686.5052278
[2026-10-03 11:38:47] ❌ beat fail (612/30): HTTP 403: {"error": "credential rejected", "reason": "credential_revoked", "fix": "检查 X-FSTDD-Token 是否为有效且未吊销的节点凭据；若遗失请联系管理节点(K)重新签发"}
[2026-10-03 11:38:47] ⚠️ 连续失败超限 → 继续但标记告警
[2026-10-03 11:38:59] ❌ beat fail (980/30): HTTP 403: {"error": "credential rejected", "reason": "credential_revoked", "fix": "检查 X-FSTDD-Token 是否为有效且未吊销的节点凭据；若遗失请联系管理节点(K)重新签发"}
[2026-10-03 11:38:59] ⚠️ 连续失败超限 → 继续但标记告警
[2026-10-03 11:39:05] ❌ beat fail (875/30): HTTP 403: {"error": "credential rejected", "reason": "credential_revoked", "fix": "检查 X-FSTDD-Token 是否为有效且未吊销的节点凭据；若遗失请联系管理节点(K)重新签发"}
[2026-10-03 11:39:05] ⚠️ 连续失败超限 → 继续但标记告警
[2026-10-03 11:39:07] ✅ beat ok: node_id=FSTDD003 last_seen=1790998747.2655222
[2026-10-03 11:39:48] ❌ beat fail (613/30): HTTP 403: {"error": "credential rejected", "reason": "credential_revoked", "fix": "检查 X-FSTDD-Token 是否为有效且未吊销的节点凭据；若遗失请联系管理节点(K)重新签发"}
[2026-10-03 11:39:48] ⚠️ 连续失败超限 → 继续但标记告警
[2026-10-03 11:39:59] ❌ beat fail (981/30): HTTP 403: {"error": "credential rejected", "reason": "credential_revoked", "fix": "检查 X-FSTDD-Token 是否为有效且未吊销的节点凭据；若遗失请联系管理节点(K)重新签发"}
[2026-10-03 11:39:59] ⚠️ 连续失败超限 → 继续但标记告警
[2026-10-03 11:40:06] ❌ beat fail (876/30): HTTP 403: {"error": "credential rejected", "reason": "credential_revoked", "fix": "检查 X-FSTDD-Token 是否为有效且未吊销的节点凭据；若遗失请联系管理节点(K)重新签发"}
[2026-10-03 11:40:06] ⚠️ 连续失败超限 → 继续但标记告警
[2026-10-03 11:40:07] ✅ beat ok: node_id=FSTDD003 last_seen=1790998807.9510875
[2026-10-03 11:40:50] ❌ beat fail (614/30): HTTP 403: {"error": "credential rejected", "reason": "credential_revoked", "fix": "检查 X-FSTDD-Token 是否为有效且未吊销的节点凭据；若遗失请联系管理节点(K)重新签发"}
[2026-10-03 11:40:50] ⚠️ 连续失败超限 → 继续但标记告警
[2026-10-03 11:41:00] ❌ beat fail (982/30): HTTP 403: {"error": "credential rejected", "reason": "credential_revoked", "fix": "检查 X-FSTDD-Token 是否为有效且未吊销的节点凭据；若遗失请联系管理节点(K)重新签发"}
[2026-10-03 11:41:00] ⚠️ 连续失败超限 → 继续但标记告警
[2026-10-03 11:41:07] ❌ beat fail (877/30): HTTP 403: {"error": "credential rejected", "reason": "credential_revoked", "fix": "检查 X-FSTDD-Token 是否为有效且未吊销的节点凭据；若遗失请联系管理节点(K)重新签发"}
[2026-10-03 11:41:07] ⚠️ 连续失败超限 → 继续但标记告警
[2026-10-03 11:41:08] ✅ beat ok: node_id=FSTDD003 last_seen=1790998868.9009824
[2026-10-03 11:41:51] ❌ beat fail (615/30): HTTP 403: {"error": "credential rejected", "reason": "credential_revoked", "fix": "检查 X-FSTDD-Token 是否为有效且未吊销的节点凭据；若遗失请联系管理节点(K)重新签发"}
[2026-10-03 11:41:51] ⚠️ 连续失败超限 → 继续但标记告警
[2026-10-03 11:42:01] ❌ beat fail (983/30): HTTP 403: {"error": "credential rejected", "reason": "credential_revoked", "fix": "检查 X-FSTDD-Token 是否为有效且未吊销的节点凭据；若遗失请联系管理节点(K)重新签发"}
[2026-10-03 11:42:01] ⚠️ 连续失败超限 → 继续但标记告警
[2026-10-03 11:42:08] ❌ beat fail (878/30): HTTP 403: {"error": "credential rejected", "reason": "credential_revoked", "fix": "检查 X-FSTDD-Token 是否为有效且未吊销的节点凭据；若遗失请联系管理节点(K)重新签发"}
[2026-10-03 11:42:08] ⚠️ 连续失败超限 → 继续但标记告警
[2026-10-03 11:42:09] ✅ beat ok: node_id=FSTDD003 last_seen=1790998929.768194
[2026-10-03 11:42:52] ❌ beat fail (616/30): HTTP 403: {"error": "credential rejected", "reason": "credential_revoked", "fix": "检查 X-FSTDD-Token 是否为有效且未吊销的节点凭据；若遗失请联系管理节点(K)重新签发"}
[2026-10-03 11:42:52] ⚠️ 连续失败超限 → 继续但标记告警
[2026-10-03 11:43:03] ❌ beat fail (984/30): HTTP 403: {"error": "credential rejected", "reason": "credential_revoked", "fix": "检查 X-FSTDD-Token 是否为有效且未吊销的节点凭据；若遗失请联系管理节点(K)重新签发"}
[2026-10-03 11:43:03] ⚠️ 连续失败超限 → 继续但标记告警
[2026-10-03 11:43:09] ❌ beat fail (879/30): HTTP 403: {"error": "credential rejected", "reason": "credential_revoked", "fix": "检查 X-FSTDD-Token 是否为有效且未吊销的节点凭据；若遗失请联系管理节点(K)重新签发"}
[2026-10-03 11:43:09] ⚠️ 连续失败超限 → 继续但标记告警
[2026-10-03 11:43:10] ✅ beat ok: node_id=FSTDD003 last_seen=1790998990.8170626
[2026-10-03 11:43:53] ❌ beat fail (617/30): HTTP 403: {"error": "credential rejected", "reason": "credential_revoked", "fix": "检查 X-FSTDD-Token 是否为有效且未吊销的节点凭据；若遗失请联系管理节点(K)重新签发"}
[2026-10-03 11:43:53] ⚠️ 连续失败超限 → 继续但标记告警
[2026-10-03 11:44:03] ❌ beat fail (985/30): HTTP 403: {"error": "credential rejected", "reason": "credential_revoked", "fix": "检查 X-FSTDD-Token 是否为有效且未吊销的节点凭据；若遗失请联系管理节点(K)重新签发"}
[2026-10-03 11:44:03] ⚠️ 连续失败超限 → 继续但标记告警
[2026-10-03 11:44:10] ❌ beat fail (880/30): HTTP 403: {"error": "credential rejected", "reason": "credential_revoked", "fix": "检查 X-FSTDD-Token 是否为有效且未吊销的节点凭据；若遗失请联系管理节点(K)重新签发"}
[2026-10-03 11:44:10] ⚠️ 连续失败超限 → 继续但标记告警
[2026-10-03 11:44:11] ✅ beat ok: node_id=FSTDD003 last_seen=1790999052.1048095
[2026-10-03 11:44:54] ❌ beat fail (618/30): HTTP 403: {"error": "credential rejected", "reason": "credential_revoked", "fix": "检查 X-FSTDD-Token 是否为有效且未吊销的节点凭据；若遗失请联系管理节点(K)重新签发"}
[2026-10-03 11:44:54] ⚠️ 连续失败超限 → 继续但标记告警
[2026-10-03 11:45:05] ❌ beat fail (986/30): HTTP 403: {"error": "credential rejected", "reason": "credential_revoked", "fix": "检查 X-FSTDD-Token 是否为有效且未吊销的节点凭据；若遗失请联系管理节点(K)重新签发"}
[2026-10-03 11:45:05] ⚠️ 连续失败超限 → 继续但标记告警
[2026-10-03 11:45:11] ❌ beat fail (881/30): HTTP 403: {"error": "credential rejected", "reason": "credential_revoked", "fix": "检查 X-FSTDD-Token 是否为有效且未吊销的节点凭据；若遗失请联系管理节点(K)重新签发"}
[2026-10-03 11:45:11] ⚠️ 连续失败超限 → 继续但标记告警
[2026-10-03 11:45:13] ✅ beat ok: node_id=FSTDD003 last_seen=1790999113.1665633
[2026-10-03 11:45:55] ❌ beat fail (619/30): HTTP 403: {"error": "credential rejected", "reason": "credential_revoked", "fix": "检查 X-FSTDD-Token 是否为有效且未吊销的节点凭据；若遗失请联系管理节点(K)重新签发"}
[2026-10-03 11:45:55] ⚠️ 连续失败超限 → 继续但标记告警
[2026-10-03 11:46:06] ❌ beat fail (987/30): HTTP 403: {"error": "credential rejected", "reason": "credential_revoked", "fix": "检查 X-FSTDD-Token 是否为有效且未吊销的节点凭据；若遗失请联系管理节点(K)重新签发"}
[2026-10-03 11:46:06] ⚠️ 连续失败超限 → 继续但标记告警
[2026-10-03 11:46:12] ❌ beat fail (882/30): HTTP 403: {"error": "credential rejected", "reason": "credential_revoked", "fix": "检查 X-FSTDD-Token 是否为有效且未吊销的节点凭据；若遗失请联系管理节点(K)重新签发"}
[2026-10-03 11:46:12] ⚠️ 连续失败超限 → 继续但标记告警
[2026-10-03 11:46:13] ✅ beat ok: node_id=FSTDD003 last_seen=1790999174.2563834
[2026-10-03 11:46:56] ❌ beat fail (620/30): HTTP 403: {"error": "credential rejected", "reason": "credential_revoked", "fix": "检查 X-FSTDD-Token 是否为有效且未吊销的节点凭据；若遗失请联系管理节点(K)重新签发"}
[2026-10-03 11:46:56] ⚠️ 连续失败超限 → 继续但标记告警
[2026-10-03 11:47:07] ❌ beat fail (988/30): HTTP 403: {"error": "credential rejected", "reason": "credential_revoked", "fix": "检查 X-FSTDD-Token 是否为有效且未吊销的节点凭据；若遗失请联系管理节点(K)重新签发"}
[2026-10-03 11:47:07] ⚠️ 连续失败超限 → 继续但标记告警
[2026-10-03 11:47:12] ❌ beat fail (883/30): HTTP 403: {"error": "credential rejected", "reason": "credential_revoked", "fix": "检查 X-FSTDD-Token 是否为有效且未吊销的节点凭据；若遗失请联系管理节点(K)重新签发"}
[2026-10-03 11:47:12] ⚠️ 连续失败超限 → 继续但标记告警
[2026-10-03 11:47:15] ✅ beat ok: node_id=FSTDD003 last_seen=1790999235.0048213
[2026-10-03 11:47:57] ❌ beat fail (621/30): HTTP 403: {"error": "credential rejected", "reason": "credential_revoked", "fix": "检查 X-FSTDD-Token 是否为有效且未吊销的节点凭据；若遗失请联系管理节点(K)重新签发"}
[2026-10-03 11:47:57] ⚠️ 连续失败超限 → 继续但标记告警
[2026-10-03 11:48:08] ❌ beat fail (989/30): HTTP 403: {"error": "credential rejected", "reason": "credential_revoked", "fix": "检查 X-FSTDD-Token 是否为有效且未吊销的节点凭据；若遗失请联系管理节点(K)重新签发"}
[2026-10-03 11:48:08] ⚠️ 连续失败超限 → 继续但标记告警
[2026-10-03 11:48:13] ❌ beat fail (884/30): HTTP 403: {"error": "credential rejected", "reason": "credential_revoked", "fix": "检查 X-FSTDD-Token 是否为有效且未吊销的节点凭据；若遗失请联系管理节点(K)重新签发"}
[2026-10-03 11:48:13] ⚠️ 连续失败超限 → 继续但标记告警
[2026-10-03 11:48:15] ✅ beat ok: node_id=FSTDD003 last_seen=1790999296.1162708
[2026-10-03 11:48:58] ❌ beat fail (622/30): HTTP 403: {"error": "credential rejected", "reason": "credential_revoked", "fix": "检查 X-FSTDD-Token 是否为有效且未吊销的节点凭据；若遗失请联系管理节点(K)重新签发"}
[2026-10-03 11:48:58] ⚠️ 连续失败超限 → 继续但标记告警
[2026-10-03 11:49:08] ❌ beat fail (990/30): HTTP 403: {"error": "credential rejected", "reason": "credential_revoked", "fix": "检查 X-FSTDD-Token 是否为有效且未吊销的节点凭据；若遗失请联系管理节点(K)重新签发"}
[2026-10-03 11:49:08] ⚠️ 连续失败超限 → 继续但标记告警
[2026-10-03 11:49:14] ❌ beat fail (885/30): HTTP 403: {"error": "credential rejected", "reason": "credential_revoked", "fix": "检查 X-FSTDD-Token 是否为有效且未吊销的节点凭据；若遗失请联系管理节点(K)重新签发"}
[2026-10-03 11:49:14] ⚠️ 连续失败超限 → 继续但标记告警
[2026-10-03 11:49:16] ✅ beat ok: node_id=FSTDD003 last_seen=1790999356.8028123
[2026-10-03 11:49:59] ❌ beat fail (623/30): HTTP 403: {"error": "credential rejected", "reason": "credential_revoked", "fix": "检查 X-FSTDD-Token 是否为有效且未吊销的节点凭据；若遗失请联系管理节点(K)重新签发"}
[2026-10-03 11:49:59] ⚠️ 连续失败超限 → 继续但标记告警
[2026-10-03 11:50:09] ❌ beat fail (991/30): HTTP 403: {"error": "credential rejected", "reason": "credential_revoked", "fix": "检查 X-FSTDD-Token 是否为有效且未吊销的节点凭据；若遗失请联系管理节点(K)重新签发"}
[2026-10-03 11:50:09] ⚠️ 连续失败超限 → 继续但标记告警
[2026-10-03 11:50:15] ❌ beat fail (886/30): HTTP 403: {"error": "credential rejected", "reason": "credential_revoked", "fix": "检查 X-FSTDD-Token 是否为有效且未吊销的节点凭据；若遗失请联系管理节点(K)重新签发"}
[2026-10-03 11:50:15] ⚠️ 连续失败超限 → 继续但标记告警
[2026-10-03 11:50:17] ✅ beat ok: node_id=FSTDD003 last_seen=1790999417.5910347
[2026-10-03 11:51:00] ❌ beat fail (624/30): HTTP 403: {"error": "credential rejected", "reason": "credential_revoked", "fix": "检查 X-FSTDD-Token 是否为有效且未吊销的节点凭据；若遗失请联系管理节点(K)重新签发"}
[2026-10-03 11:51:00] ⚠️ 连续失败超限 → 继续但标记告警
[2026-10-03 11:51:10] ❌ beat fail (992/30): HTTP 403: {"error": "credential rejected", "reason": "credential_revoked", "fix": "检查 X-FSTDD-Token 是否为有效且未吊销的节点凭据；若遗失请联系管理节点(K)重新签发"}
[2026-10-03 11:51:10] ⚠️ 连续失败超限 → 继续但标记告警
[2026-10-03 11:51:16] ❌ beat fail (887/30): HTTP 403: {"error": "credential rejected", "reason": "credential_revoked", "fix": "检查 X-FSTDD-Token 是否为有效且未吊销的节点凭据；若遗失请联系管理节点(K)重新签发"}
[2026-10-03 11:51:16] ⚠️ 连续失败超限 → 继续但标记告警
[2026-10-03 11:51:19] ✅ beat ok: node_id=FSTDD003 last_seen=1790999479.0994833
[2026-10-03 11:52:01] ❌ beat fail (625/30): HTTP 403: {"error": "credential rejected", "reason": "credential_revoked", "fix": "检查 X-FSTDD-Token 是否为有效且未吊销的节点凭据；若遗失请联系管理节点(K)重新签发"}
[2026-10-03 11:52:01] ⚠️ 连续失败超限 → 继续但标记告警
[2026-10-03 11:52:11] ❌ beat fail (993/30): HTTP 403: {"error": "credential rejected", "reason": "credential_revoked", "fix": "检查 X-FSTDD-Token 是否为有效且未吊销的节点凭据；若遗失请联系管理节点(K)重新签发"}
[2026-10-03 11:52:11] ⚠️ 连续失败超限 → 继续但标记告警
[2026-10-03 11:52:17] ❌ beat fail (888/30): HTTP 403: {"error": "credential rejected", "reason": "credential_revoked", "fix": "检查 X-FSTDD-Token 是否为有效且未吊销的节点凭据；若遗失请联系管理节点(K)重新签发"}
[2026-10-03 11:52:17] ⚠️ 连续失败超限 → 继续但标记告警
[2026-10-03 11:52:20] ✅ beat ok: node_id=FSTDD003 last_seen=1790999540.309082
[2026-10-03 11:53:02] ❌ beat fail (626/30): HTTP 403: {"error": "credential rejected", "reason": "credential_revoked", "fix": "检查 X-FSTDD-Token 是否为有效且未吊销的节点凭据；若遗失请联系管理节点(K)重新签发"}
[2026-10-03 11:53:02] ⚠️ 连续失败超限 → 继续但标记告警
[2026-10-03 11:53:12] ❌ beat fail (994/30): HTTP 403: {"error": "credential rejected", "reason": "credential_revoked", "fix": "检查 X-FSTDD-Token 是否为有效且未吊销的节点凭据；若遗失请联系管理节点(K)重新签发"}
[2026-10-03 11:53:12] ⚠️ 连续失败超限 → 继续但标记告警
[2026-10-03 11:53:18] ❌ beat fail (889/30): HTTP 403: {"error": "credential rejected", "reason": "credential_revoked", "fix": "检查 X-FSTDD-Token 是否为有效且未吊销的节点凭据；若遗失请联系管理节点(K)重新签发"}
[2026-10-03 11:53:18] ⚠️ 连续失败超限 → 继续但标记告警
[2026-10-03 11:53:21] ✅ beat ok: node_id=FSTDD003 last_seen=1790999601.0462003
[2026-10-03 11:54:03] ❌ beat fail (627/30): HTTP 403: {"error": "credential rejected", "reason": "credential_revoked", "fix": "检查 X-FSTDD-Token 是否为有效且未吊销的节点凭据；若遗失请联系管理节点(K)重新签发"}
[2026-10-03 11:54:03] ⚠️ 连续失败超限 → 继续但标记告警
[2026-10-03 11:54:13] ❌ beat fail (995/30): HTTP 403: {"error": "credential rejected", "reason": "credential_revoked", "fix": "检查 X-FSTDD-Token 是否为有效且未吊销的节点凭据；若遗失请联系管理节点(K)重新签发"}
[2026-10-03 11:54:13] ⚠️ 连续失败超限 → 继续但标记告警
[2026-10-03 11:54:19] ❌ beat fail (890/30): HTTP 403: {"error": "credential rejected", "reason": "credential_revoked", "fix": "检查 X-FSTDD-Token 是否为有效且未吊销的节点凭据；若遗失请联系管理节点(K)重新签发"}
[2026-10-03 11:54:19] ⚠️ 连续失败超限 → 继续但标记告警
[2026-10-03 11:54:22] ✅ beat ok: node_id=FSTDD003 last_seen=1790999662.2460585
[2026-10-03 11:55:04] ❌ beat fail (628/30): HTTP 403: {"error": "credential rejected", "reason": "credential_revoked", "fix": "检查 X-FSTDD-Token 是否为有效且未吊销的节点凭据；若遗失请联系管理节点(K)重新签发"}
[2026-10-03 11:55:04] ⚠️ 连续失败超限 → 继续但标记告警
[2026-10-03 11:55:14] ❌ beat fail (996/30): HTTP 403: {"error": "credential rejected", "reason": "credential_revoked", "fix": "检查 X-FSTDD-Token 是否为有效且未吊销的节点凭据；若遗失请联系管理节点(K)重新签发"}
[2026-10-03 11:55:14] ⚠️ 连续失败超限 → 继续但标记告警
[2026-10-03 11:55:19] ❌ beat fail (891/30): HTTP 403: {"error": "credential rejected", "reason": "credential_revoked", "fix": "检查 X-FSTDD-Token 是否为有效且未吊销的节点凭据；若遗失请联系管理节点(K)重新签发"}
[2026-10-03 11:55:19] ⚠️ 连续失败超限 → 继续但标记告警
[2026-10-03 11:55:23] ✅ beat ok: node_id=FSTDD003 last_seen=1790999723.376976
[2026-10-03 11:56:05] ❌ beat fail (629/30): HTTP 403: {"error": "credential rejected", "reason": "credential_revoked", "fix": "检查 X-FSTDD-Token 是否为有效且未吊销的节点凭据；若遗失请联系管理节点(K)重新签发"}
[2026-10-03 11:56:05] ⚠️ 连续失败超限 → 继续但标记告警
[2026-10-03 11:56:15] ❌ beat fail (997/30): HTTP 403: {"error": "credential rejected", "reason": "credential_revoked", "fix": "检查 X-FSTDD-Token 是否为有效且未吊销的节点凭据；若遗失请联系管理节点(K)重新签发"}
[2026-10-03 11:56:15] ⚠️ 连续失败超限 → 继续但标记告警
[2026-10-03 11:56:20] ❌ beat fail (892/30): HTTP 403: {"error": "credential rejected", "reason": "credential_revoked", "fix": "检查 X-FSTDD-Token 是否为有效且未吊销的节点凭据；若遗失请联系管理节点(K)重新签发"}
[2026-10-03 11:56:20] ⚠️ 连续失败超限 → 继续但标记告警
[2026-10-03 11:56:23] ✅ beat ok: node_id=FSTDD003 last_seen=1790999784.2441378
[2026-10-03 11:57:06] ❌ beat fail (630/30): HTTP 403: {"error": "credential rejected", "reason": "credential_revoked", "fix": "检查 X-FSTDD-Token 是否为有效且未吊销的节点凭据；若遗失请联系管理节点(K)重新签发"}
[2026-10-03 11:57:06] ⚠️ 连续失败超限 → 继续但标记告警
[2026-10-03 11:57:16] ❌ beat fail (998/30): HTTP 403: {"error": "credential rejected", "reason": "credential_revoked", "fix": "检查 X-FSTDD-Token 是否为有效且未吊销的节点凭据；若遗失请联系管理节点(K)重新签发"}
[2026-10-03 11:57:16] ⚠️ 连续失败超限 → 继续但标记告警
[2026-10-03 11:57:21] ❌ beat fail (893/30): HTTP 403: {"error": "credential rejected", "reason": "credential_revoked", "fix": "检查 X-FSTDD-Token 是否为有效且未吊销的节点凭据；若遗失请联系管理节点(K)重新签发"}
[2026-10-03 11:57:21] ⚠️ 连续失败超限 → 继续但标记告警
[2026-10-03 11:57:25] ✅ beat ok: node_id=FSTDD003 last_seen=1790999844.9414487
[2026-10-03 11:58:07] ❌ beat fail (631/30): HTTP 403: {"error": "credential rejected", "reason": "credential_revoked", "fix": "检查 X-FSTDD-Token 是否为有效且未吊销的节点凭据；若遗失请联系管理节点(K)重新签发"}
[2026-10-03 11:58:07] ⚠️ 连续失败超限 → 继续但标记告警
[2026-10-03 11:58:17] ❌ beat fail (999/30): HTTP 403: {"error": "credential rejected", "reason": "credential_revoked", "fix": "检查 X-FSTDD-Token 是否为有效且未吊销的节点凭据；若遗失请联系管理节点(K)重新签发"}
[2026-10-03 11:58:17] ⚠️ 连续失败超限 → 继续但标记告警
[2026-10-03 11:58:22] ❌ beat fail (894/30): HTTP 403: {"error": "credential rejected", "reason": "credential_revoked", "fix": "检查 X-FSTDD-Token 是否为有效且未吊销的节点凭据；若遗失请联系管理节点(K)重新签发"}
[2026-10-03 11:58:22] ⚠️ 连续失败超限 → 继续但标记告警
[2026-10-03 11:58:26] ✅ beat ok: node_id=FSTDD003 last_seen=1790999906.1070676
[2026-10-03 11:59:08] ❌ beat fail (632/30): HTTP 403: {"error": "credential rejected", "reason": "credential_revoked", "fix": "检查 X-FSTDD-Token 是否为有效且未吊销的节点凭据；若遗失请联系管理节点(K)重新签发"}
[2026-10-03 11:59:08] ⚠️ 连续失败超限 → 继续但标记告警
[2026-10-03 11:59:18] ❌ beat fail (1000/30): HTTP 403: {"error": "credential rejected", "reason": "credential_revoked", "fix": "检查 X-FSTDD-Token 是否为有效且未吊销的节点凭据；若遗失请联系管理节点(K)重新签发"}
[2026-10-03 11:59:18] ⚠️ 连续失败超限 → 继续但标记告警
[2026-10-03 11:59:23] ❌ beat fail (895/30): HTTP 403: {"error": "credential rejected", "reason": "credential_revoked", "fix": "检查 X-FSTDD-Token 是否为有效且未吊销的节点凭据；若遗失请联系管理节点(K)重新签发"}
[2026-10-03 11:59:23] ⚠️ 连续失败超限 → 继续但标记告警
[2026-10-03 11:59:27] ✅ beat ok: node_id=FSTDD003 last_seen=1790999967.3132443
[2026-10-03 12:00:09] ❌ beat fail (633/30): HTTP 403: {"error": "credential rejected", "reason": "credential_revoked", "fix": "检查 X-FSTDD-Token 是否为有效且未吊销的节点凭据；若遗失请联系管理节点(K)重新签发"}
[2026-10-03 12:00:09] ⚠️ 连续失败超限 → 继续但标记告警
[2026-10-03 12:00:19] ❌ beat fail (1001/30): HTTP 403: {"error": "credential rejected", "reason": "credential_revoked", "fix": "检查 X-FSTDD-Token 是否为有效且未吊销的节点凭据；若遗失请联系管理节点(K)重新签发"}
[2026-10-03 12:00:19] ⚠️ 连续失败超限 → 继续但标记告警
[2026-10-03 12:00:24] ❌ beat fail (896/30): HTTP 403: {"error": "credential rejected", "reason": "credential_revoked", "fix": "检查 X-FSTDD-Token 是否为有效且未吊销的节点凭据；若遗失请联系管理节点(K)重新签发"}
[2026-10-03 12:00:24] ⚠️ 连续失败超限 → 继续但标记告警
[2026-10-03 12:00:27] ✅ beat ok: node_id=FSTDD003 last_seen=1791000028.143299
[2026-10-03 12:01:10] ❌ beat fail (634/30): HTTP 403: {"error": "credential rejected", "reason": "credential_revoked", "fix": "检查 X-FSTDD-Token 是否为有效且未吊销的节点凭据；若遗失请联系管理节点(K)重新签发"}
[2026-10-03 12:01:10] ⚠️ 连续失败超限 → 继续但标记告警
[2026-10-03 12:01:20] ❌ beat fail (1002/30): HTTP 403: {"error": "credential rejected", "reason": "credential_revoked", "fix": "检查 X-FSTDD-Token 是否为有效且未吊销的节点凭据；若遗失请联系管理节点(K)重新签发"}
[2026-10-03 12:01:20] ⚠️ 连续失败超限 → 继续但标记告警
[2026-10-03 12:01:25] ❌ beat fail (897/30): HTTP 403: {"error": "credential rejected", "reason": "credential_revoked", "fix": "检查 X-FSTDD-Token 是否为有效且未吊销的节点凭据；若遗失请联系管理节点(K)重新签发"}
[2026-10-03 12:01:25] ⚠️ 连续失败超限 → 继续但标记告警
[2026-10-03 12:01:28] ✅ beat ok: node_id=FSTDD003 last_seen=1791000088.9787767
[2026-10-03 12:02:11] ❌ beat fail (635/30): HTTP 403: {"error": "credential rejected", "reason": "credential_revoked", "fix": "检查 X-FSTDD-Token 是否为有效且未吊销的节点凭据；若遗失请联系管理节点(K)重新签发"}
[2026-10-03 12:02:11] ⚠️ 连续失败超限 → 继续但标记告警
[2026-10-03 12:02:21] ❌ beat fail (1003/30): HTTP 403: {"error": "credential rejected", "reason": "credential_revoked", "fix": "检查 X-FSTDD-Token 是否为有效且未吊销的节点凭据；若遗失请联系管理节点(K)重新签发"}
[2026-10-03 12:02:21] ⚠️ 连续失败超限 → 继续但标记告警
[2026-10-03 12:02:26] ❌ beat fail (898/30): HTTP 403: {"error": "credential rejected", "reason": "credential_revoked", "fix": "检查 X-FSTDD-Token 是否为有效且未吊销的节点凭据；若遗失请联系管理节点(K)重新签发"}
[2026-10-03 12:02:26] ⚠️ 连续失败超限 → 继续但标记告警
[2026-10-03 12:02:29] ✅ beat ok: node_id=FSTDD003 last_seen=1791000149.8494947
[2026-10-03 12:03:13] ❌ beat fail (636/30): HTTP 403: {"error": "credential rejected", "reason": "credential_revoked", "fix": "检查 X-FSTDD-Token 是否为有效且未吊销的节点凭据；若遗失请联系管理节点(K)重新签发"}
[2026-10-03 12:03:13] ⚠️ 连续失败超限 → 继续但标记告警
[2026-10-03 12:03:22] ❌ beat fail (1004/30): HTTP 403: {"error": "credential rejected", "reason": "credential_revoked", "fix": "检查 X-FSTDD-Token 是否为有效且未吊销的节点凭据；若遗失请联系管理节点(K)重新签发"}
[2026-10-03 12:03:22] ⚠️ 连续失败超限 → 继续但标记告警
[2026-10-03 12:03:28] ❌ beat fail (899/30): HTTP 403: {"error": "credential rejected", "reason": "credential_revoked", "fix": "检查 X-FSTDD-Token 是否为有效且未吊销的节点凭据；若遗失请联系管理节点(K)重新签发"}
[2026-10-03 12:03:28] ⚠️ 连续失败超限 → 继续但标记告警
[2026-10-03 12:03:30] ✅ beat ok: node_id=FSTDD003 last_seen=1791000210.6166975
[2026-10-03 12:04:13] ❌ beat fail (637/30): HTTP 403: {"error": "credential rejected", "reason": "credential_revoked", "fix": "检查 X-FSTDD-Token 是否为有效且未吊销的节点凭据；若遗失请联系管理节点(K)重新签发"}
[2026-10-03 12:04:13] ⚠️ 连续失败超限 → 继续但标记告警
[2026-10-03 12:04:23] ❌ beat fail (1005/30): HTTP 403: {"error": "credential rejected", "reason": "credential_revoked", "fix": "检查 X-FSTDD-Token 是否为有效且未吊销的节点凭据；若遗失请联系管理节点(K)重新签发"}
[2026-10-03 12:04:23] ⚠️ 连续失败超限 → 继续但标记告警
[2026-10-03 12:04:29] ❌ beat fail (900/30): HTTP 403: {"error": "credential rejected", "reason": "credential_revoked", "fix": "检查 X-FSTDD-Token 是否为有效且未吊销的节点凭据；若遗失请联系管理节点(K)重新签发"}
[2026-10-03 12:04:29] ⚠️ 连续失败超限 → 继续但标记告警
[2026-10-03 12:04:31] ✅ beat ok: node_id=FSTDD003 last_seen=1791000271.473543
[2026-10-03 12:05:15] ❌ beat fail (638/30): HTTP 403: {"error": "credential rejected", "reason": "credential_revoked", "fix": "检查 X-FSTDD-Token 是否为有效且未吊销的节点凭据；若遗失请联系管理节点(K)重新签发"}
[2026-10-03 12:05:15] ⚠️ 连续失败超限 → 继续但标记告警
[2026-10-03 12:05:24] ❌ beat fail (1006/30): HTTP 403: {"error": "credential rejected", "reason": "credential_revoked", "fix": "检查 X-FSTDD-Token 是否为有效且未吊销的节点凭据；若遗失请联系管理节点(K)重新签发"}
[2026-10-03 12:05:24] ⚠️ 连续失败超限 → 继续但标记告警
[2026-10-03 12:05:30] ❌ beat fail (901/30): HTTP 403: {"error": "credential rejected", "reason": "credential_revoked", "fix": "检查 X-FSTDD-Token 是否为有效且未吊销的节点凭据；若遗失请联系管理节点(K)重新签发"}
[2026-10-03 12:05:30] ⚠️ 连续失败超限 → 继续但标记告警
[2026-10-03 12:05:31] ✅ beat ok: node_id=FSTDD003 last_seen=1791000332.2706034
[2026-10-03 12:06:15] ❌ beat fail (639/30): HTTP 403: {"error": "credential rejected", "reason": "credential_revoked", "fix": "检查 X-FSTDD-Token 是否为有效且未吊销的节点凭据；若遗失请联系管理节点(K)重新签发"}
[2026-10-03 12:06:15] ⚠️ 连续失败超限 → 继续但标记告警
[2026-10-03 12:06:25] ❌ beat fail (1007/30): HTTP 403: {"error": "credential rejected", "reason": "credential_revoked", "fix": "检查 X-FSTDD-Token 是否为有效且未吊销的节点凭据；若遗失请联系管理节点(K)重新签发"}
[2026-10-03 12:06:25] ⚠️ 连续失败超限 → 继续但标记告警
[2026-10-03 12:06:31] ❌ beat fail (902/30): HTTP 403: {"error": "credential rejected", "reason": "credential_revoked", "fix": "检查 X-FSTDD-Token 是否为有效且未吊销的节点凭据；若遗失请联系管理节点(K)重新签发"}
[2026-10-03 12:06:31] ⚠️ 连续失败超限 → 继续但标记告警
[2026-10-03 12:06:33] ✅ beat ok: node_id=FSTDD003 last_seen=1791000393.5494792
[2026-10-03 12:07:17] ❌ beat fail (640/30): HTTP 403: {"error": "credential rejected", "reason": "credential_revoked", "fix": "检查 X-FSTDD-Token 是否为有效且未吊销的节点凭据；若遗失请联系管理节点(K)重新签发"}
[2026-10-03 12:07:17] ⚠️ 连续失败超限 → 继续但标记告警
[2026-10-03 12:07:26] ❌ beat fail (1008/30): HTTP 403: {"error": "credential rejected", "reason": "credential_revoked", "fix": "检查 X-FSTDD-Token 是否为有效且未吊销的节点凭据；若遗失请联系管理节点(K)重新签发"}
[2026-10-03 12:07:26] ⚠️ 连续失败超限 → 继续但标记告警
[2026-10-03 12:07:33] ❌ beat fail (903/30): HTTP 403: {"error": "credential rejected", "reason": "credential_revoked", "fix": "检查 X-FSTDD-Token 是否为有效且未吊销的节点凭据；若遗失请联系管理节点(K)重新签发"}
[2026-10-03 12:07:33] ⚠️ 连续失败超限 → 继续但标记告警
[2026-10-03 12:07:34] ✅ beat ok: node_id=FSTDD003 last_seen=1791000454.5883157
[2026-10-03 12:08:17] ❌ beat fail (641/30): HTTP 403: {"error": "credential rejected", "reason": "credential_revoked", "fix": "检查 X-FSTDD-Token 是否为有效且未吊销的节点凭据；若遗失请联系管理节点(K)重新签发"}
[2026-10-03 12:08:17] ⚠️ 连续失败超限 → 继续但标记告警
[2026-10-03 12:08:28] ❌ beat fail (1009/30): HTTP 403: {"error": "credential rejected", "reason": "credential_revoked", "fix": "检查 X-FSTDD-Token 是否为有效且未吊销的节点凭据；若遗失请联系管理节点(K)重新签发"}
[2026-10-03 12:08:28] ⚠️ 连续失败超限 → 继续但标记告警
[2026-10-03 12:08:33] ❌ beat fail (904/30): HTTP 403: {"error": "credential rejected", "reason": "credential_revoked", "fix": "检查 X-FSTDD-Token 是否为有效且未吊销的节点凭据；若遗失请联系管理节点(K)重新签发"}
[2026-10-03 12:08:33] ⚠️ 连续失败超限 → 继续但标记告警
[2026-10-03 12:08:35] ✅ beat ok: node_id=FSTDD003 last_seen=1791000515.5355144
[2026-10-03 12:09:18] ❌ beat fail (642/30): HTTP 403: {"error": "credential rejected", "reason": "credential_revoked", "fix": "检查 X-FSTDD-Token 是否为有效且未吊销的节点凭据；若遗失请联系管理节点(K)重新签发"}
[2026-10-03 12:09:18] ⚠️ 连续失败超限 → 继续但标记告警
[2026-10-03 12:09:29] ❌ beat fail (1010/30): HTTP 403: {"error": "credential rejected", "reason": "credential_revoked", "fix": "检查 X-FSTDD-Token 是否为有效且未吊销的节点凭据；若遗失请联系管理节点(K)重新签发"}
[2026-10-03 12:09:29] ⚠️ 连续失败超限 → 继续但标记告警
[2026-10-03 12:09:35] ❌ beat fail (905/30): HTTP 403: {"error": "credential rejected", "reason": "credential_revoked", "fix": "检查 X-FSTDD-Token 是否为有效且未吊销的节点凭据；若遗失请联系管理节点(K)重新签发"}
[2026-10-03 12:09:35] ⚠️ 连续失败超限 → 继续但标记告警
[2026-10-03 12:09:36] ✅ beat ok: node_id=FSTDD003 last_seen=1791000576.7655103
[2026-10-03 12:10:19] ❌ beat fail (643/30): HTTP 403: {"error": "credential rejected", "reason": "credential_revoked", "fix": "检查 X-FSTDD-Token 是否为有效且未吊销的节点凭据；若遗失请联系管理节点(K)重新签发"}
[2026-10-03 12:10:19] ⚠️ 连续失败超限 → 继续但标记告警
[2026-10-03 12:10:30] ❌ beat fail (1011/30): HTTP 403: {"error": "credential rejected", "reason": "credential_revoked", "fix": "检查 X-FSTDD-Token 是否为有效且未吊销的节点凭据；若遗失请联系管理节点(K)重新签发"}
[2026-10-03 12:10:30] ⚠️ 连续失败超限 → 继续但标记告警
[2026-10-03 12:10:36] ❌ beat fail (906/30): HTTP 403: {"error": "credential rejected", "reason": "credential_revoked", "fix": "检查 X-FSTDD-Token 是否为有效且未吊销的节点凭据；若遗失请联系管理节点(K)重新签发"}
[2026-10-03 12:10:36] ⚠️ 连续失败超限 → 继续但标记告警
[2026-10-03 12:10:37] ✅ beat ok: node_id=FSTDD003 last_seen=1791000638.0834286
[2026-10-03 12:11:20] ❌ beat fail (644/30): HTTP 403: {"error": "credential rejected", "reason": "credential_revoked", "fix": "检查 X-FSTDD-Token 是否为有效且未吊销的节点凭据；若遗失请联系管理节点(K)重新签发"}
[2026-10-03 12:11:20] ⚠️ 连续失败超限 → 继续但标记告警
[2026-10-03 12:11:31] ❌ beat fail (1012/30): HTTP 403: {"error": "credential rejected", "reason": "credential_revoked", "fix": "检查 X-FSTDD-Token 是否为有效且未吊销的节点凭据；若遗失请联系管理节点(K)重新签发"}
[2026-10-03 12:11:31] ⚠️ 连续失败超限 → 继续但标记告警
[2026-10-03 12:11:37] ❌ beat fail (907/30): HTTP 403: {"error": "credential rejected", "reason": "credential_revoked", "fix": "检查 X-FSTDD-Token 是否为有效且未吊销的节点凭据；若遗失请联系管理节点(K)重新签发"}
[2026-10-03 12:11:37] ⚠️ 连续失败超限 → 继续但标记告警
[2026-10-03 12:11:38] ✅ beat ok: node_id=FSTDD003 last_seen=1791000698.920885
[2026-10-03 12:12:22] ❌ beat fail (645/30): HTTP 403: {"error": "credential rejected", "reason": "credential_revoked", "fix": "检查 X-FSTDD-Token 是否为有效且未吊销的节点凭据；若遗失请联系管理节点(K)重新签发"}
[2026-10-03 12:12:22] ⚠️ 连续失败超限 → 继续但标记告警
[2026-10-03 12:12:32] ❌ beat fail (1013/30): HTTP 403: {"error": "credential rejected", "reason": "credential_revoked", "fix": "检查 X-FSTDD-Token 是否为有效且未吊销的节点凭据；若遗失请联系管理节点(K)重新签发"}
[2026-10-03 12:12:32] ⚠️ 连续失败超限 → 继续但标记告警
[2026-10-03 12:12:38] ❌ beat fail (908/30): HTTP 403: {"error": "credential rejected", "reason": "credential_revoked", "fix": "检查 X-FSTDD-Token 是否为有效且未吊销的节点凭据；若遗失请联系管理节点(K)重新签发"}
[2026-10-03 12:12:38] ⚠️ 连续失败超限 → 继续但标记告警
[2026-10-03 12:12:39] ✅ beat ok: node_id=FSTDD003 last_seen=1791000760.156606
[2026-10-03 12:13:23] ❌ beat fail (646/30): HTTP 403: {"error": "credential rejected", "reason": "credential_revoked", "fix": "检查 X-FSTDD-Token 是否为有效且未吊销的节点凭据；若遗失请联系管理节点(K)重新签发"}
[2026-10-03 12:13:23] ⚠️ 连续失败超限 → 继续但标记告警
[2026-10-03 12:13:34] ❌ beat fail (1014/30): HTTP 403: {"error": "credential rejected", "reason": "credential_revoked", "fix": "检查 X-FSTDD-Token 是否为有效且未吊销的节点凭据；若遗失请联系管理节点(K)重新签发"}
[2026-10-03 12:13:34] ⚠️ 连续失败超限 → 继续但标记告警
[2026-10-03 12:13:39] ❌ beat fail (909/30): HTTP 403: {"error": "credential rejected", "reason": "credential_revoked", "fix": "检查 X-FSTDD-Token 是否为有效且未吊销的节点凭据；若遗失请联系管理节点(K)重新签发"}
[2026-10-03 12:13:39] ⚠️ 连续失败超限 → 继续但标记告警
[2026-10-03 12:13:41] ✅ beat ok: node_id=FSTDD003 last_seen=1791000821.338461
[2026-10-03 12:14:24] ❌ beat fail (647/30): HTTP 403: {"error": "credential rejected", "reason": "credential_revoked", "fix": "检查 X-FSTDD-Token 是否为有效且未吊销的节点凭据；若遗失请联系管理节点(K)重新签发"}
[2026-10-03 12:14:24] ⚠️ 连续失败超限 → 继续但标记告警
[2026-10-03 12:14:34] ❌ beat fail (1015/30): HTTP 403: {"error": "credential rejected", "reason": "credential_revoked", "fix": "检查 X-FSTDD-Token 是否为有效且未吊销的节点凭据；若遗失请联系管理节点(K)重新签发"}
[2026-10-03 12:14:34] ⚠️ 连续失败超限 → 继续但标记告警
[2026-10-03 12:14:40] ❌ beat fail (910/30): HTTP 403: {"error": "credential rejected", "reason": "credential_revoked", "fix": "检查 X-FSTDD-Token 是否为有效且未吊销的节点凭据；若遗失请联系管理节点(K)重新签发"}
[2026-10-03 12:14:40] ⚠️ 连续失败超限 → 继续但标记告警
[2026-10-03 12:14:42] ✅ beat ok: node_id=FSTDD003 last_seen=1791000882.3220751
[2026-10-03 12:15:24] ❌ beat fail (648/30): HTTP 403: {"error": "credential rejected", "reason": "credential_revoked", "fix": "检查 X-FSTDD-Token 是否为有效且未吊销的节点凭据；若遗失请联系管理节点(K)重新签发"}
[2026-10-03 12:15:24] ⚠️ 连续失败超限 → 继续但标记告警
[2026-10-03 12:15:36] ❌ beat fail (1016/30): HTTP 403: {"error": "credential rejected", "reason": "credential_revoked", "fix": "检查 X-FSTDD-Token 是否为有效且未吊销的节点凭据；若遗失请联系管理节点(K)重新签发"}
[2026-10-03 12:15:36] ⚠️ 连续失败超限 → 继续但标记告警
[2026-10-03 12:15:41] ❌ beat fail (911/30): HTTP 403: {"error": "credential rejected", "reason": "credential_revoked", "fix": "检查 X-FSTDD-Token 是否为有效且未吊销的节点凭据；若遗失请联系管理节点(K)重新签发"}
[2026-10-03 12:15:41] ⚠️ 连续失败超限 → 继续但标记告警
[2026-10-03 12:15:43] ✅ beat ok: node_id=FSTDD003 last_seen=1791000943.5285118
[2026-10-03 12:16:25] ❌ beat fail (649/30): HTTP 403: {"error": "credential rejected", "reason": "credential_revoked", "fix": "检查 X-FSTDD-Token 是否为有效且未吊销的节点凭据；若遗失请联系管理节点(K)重新签发"}
[2026-10-03 12:16:25] ⚠️ 连续失败超限 → 继续但标记告警
[2026-10-03 12:16:37] ❌ beat fail (1017/30): HTTP 403: {"error": "credential rejected", "reason": "credential_revoked", "fix": "检查 X-FSTDD-Token 是否为有效且未吊销的节点凭据；若遗失请联系管理节点(K)重新签发"}
[2026-10-03 12:16:37] ⚠️ 连续失败超限 → 继续但标记告警
[2026-10-03 12:16:42] ❌ beat fail (912/30): HTTP 403: {"error": "credential rejected", "reason": "credential_revoked", "fix": "检查 X-FSTDD-Token 是否为有效且未吊销的节点凭据；若遗失请联系管理节点(K)重新签发"}
[2026-10-03 12:16:42] ⚠️ 连续失败超限 → 继续但标记告警
[2026-10-03 12:16:44] ✅ beat ok: node_id=FSTDD003 last_seen=1791001004.3606837
[2026-10-03 12:17:27] ❌ beat fail (650/30): HTTP 403: {"error": "credential rejected", "reason": "credential_revoked", "fix": "检查 X-FSTDD-Token 是否为有效且未吊销的节点凭据；若遗失请联系管理节点(K)重新签发"}
[2026-10-03 12:17:27] ⚠️ 连续失败超限 → 继续但标记告警
[2026-10-03 12:17:38] ❌ beat fail (1018/30): HTTP 403: {"error": "credential rejected", "reason": "credential_revoked", "fix": "检查 X-FSTDD-Token 是否为有效且未吊销的节点凭据；若遗失请联系管理节点(K)重新签发"}
[2026-10-03 12:17:38] ⚠️ 连续失败超限 → 继续但标记告警
[2026-10-03 12:17:43] ❌ beat fail (913/30): HTTP 403: {"error": "credential rejected", "reason": "credential_revoked", "fix": "检查 X-FSTDD-Token 是否为有效且未吊销的节点凭据；若遗失请联系管理节点(K)重新签发"}
[2026-10-03 12:17:43] ⚠️ 连续失败超限 → 继续但标记告警
[2026-10-03 12:17:45] ✅ beat ok: node_id=FSTDD003 last_seen=1791001065.3676765
[2026-10-03 12:18:28] ❌ beat fail (651/30): HTTP 403: {"error": "credential rejected", "reason": "credential_revoked", "fix": "检查 X-FSTDD-Token 是否为有效且未吊销的节点凭据；若遗失请联系管理节点(K)重新签发"}
[2026-10-03 12:18:28] ⚠️ 连续失败超限 → 继续但标记告警
[2026-10-03 12:18:39] ❌ beat fail (1019/30): HTTP 403: {"error": "credential rejected", "reason": "credential_revoked", "fix": "检查 X-FSTDD-Token 是否为有效且未吊销的节点凭据；若遗失请联系管理节点(K)重新签发"}
[2026-10-03 12:18:39] ⚠️ 连续失败超限 → 继续但标记告警
[2026-10-03 12:18:44] ❌ beat fail (914/30): HTTP 403: {"error": "credential rejected", "reason": "credential_revoked", "fix": "检查 X-FSTDD-Token 是否为有效且未吊销的节点凭据；若遗失请联系管理节点(K)重新签发"}
[2026-10-03 12:18:44] ⚠️ 连续失败超限 → 继续但标记告警
[2026-10-03 12:18:45] ✅ beat ok: node_id=FSTDD003 last_seen=1791001126.2780116
[2026-10-03 12:19:29] ❌ beat fail (652/30): HTTP 403: {"error": "credential rejected", "reason": "credential_revoked", "fix": "检查 X-FSTDD-Token 是否为有效且未吊销的节点凭据；若遗失请联系管理节点(K)重新签发"}
[2026-10-03 12:19:29] ⚠️ 连续失败超限 → 继续但标记告警
[2026-10-03 12:19:40] ❌ beat fail (1020/30): HTTP 403: {"error": "credential rejected", "reason": "credential_revoked", "fix": "检查 X-FSTDD-Token 是否为有效且未吊销的节点凭据；若遗失请联系管理节点(K)重新签发"}
[2026-10-03 12:19:40] ⚠️ 连续失败超限 → 继续但标记告警
[2026-10-03 12:19:46] ❌ beat fail (915/30): HTTP 403: {"error": "credential rejected", "reason": "credential_revoked", "fix": "检查 X-FSTDD-Token 是否为有效且未吊销的节点凭据；若遗失请联系管理节点(K)重新签发"}
[2026-10-03 12:19:46] ⚠️ 连续失败超限 → 继续但标记告警
[2026-10-03 12:19:47] ✅ beat ok: node_id=FSTDD003 last_seen=1791001187.242897
[2026-10-03 12:20:30] ❌ beat fail (653/30): HTTP 403: {"error": "credential rejected", "reason": "credential_revoked", "fix": "检查 X-FSTDD-Token 是否为有效且未吊销的节点凭据；若遗失请联系管理节点(K)重新签发"}
[2026-10-03 12:20:30] ⚠️ 连续失败超限 → 继续但标记告警
[2026-10-03 12:20:41] ❌ beat fail (1021/30): HTTP 403: {"error": "credential rejected", "reason": "credential_revoked", "fix": "检查 X-FSTDD-Token 是否为有效且未吊销的节点凭据；若遗失请联系管理节点(K)重新签发"}
[2026-10-03 12:20:41] ⚠️ 连续失败超限 → 继续但标记告警
[2026-10-03 12:20:47] ❌ beat fail (916/30): HTTP 403: {"error": "credential rejected", "reason": "credential_revoked", "fix": "检查 X-FSTDD-Token 是否为有效且未吊销的节点凭据；若遗失请联系管理节点(K)重新签发"}
[2026-10-03 12:20:47] ⚠️ 连续失败超限 → 继续但标记告警
[2026-10-03 12:20:48] ✅ beat ok: node_id=FSTDD003 last_seen=1791001248.607453
[2026-10-03 12:21:31] ❌ beat fail (654/30): HTTP 403: {"error": "credential rejected", "reason": "credential_revoked", "fix": "检查 X-FSTDD-Token 是否为有效且未吊销的节点凭据；若遗失请联系管理节点(K)重新签发"}
[2026-10-03 12:21:31] ⚠️ 连续失败超限 → 继续但标记告警
[2026-10-03 12:21:42] ❌ beat fail (1022/30): HTTP 403: {"error": "credential rejected", "reason": "credential_revoked", "fix": "检查 X-FSTDD-Token 是否为有效且未吊销的节点凭据；若遗失请联系管理节点(K)重新签发"}
[2026-10-03 12:21:42] ⚠️ 连续失败超限 → 继续但标记告警
[2026-10-03 12:21:48] ❌ beat fail (917/30): HTTP 403: {"error": "credential rejected", "reason": "credential_revoked", "fix": "检查 X-FSTDD-Token 是否为有效且未吊销的节点凭据；若遗失请联系管理节点(K)重新签发"}
[2026-10-03 12:21:48] ⚠️ 连续失败超限 → 继续但标记告警
[2026-10-03 12:21:50] ✅ beat ok: node_id=FSTDD003 last_seen=1791001310.325374
[2026-10-03 12:22:32] ❌ beat fail (655/30): HTTP 403: {"error": "credential rejected", "reason": "credential_revoked", "fix": "检查 X-FSTDD-Token 是否为有效且未吊销的节点凭据；若遗失请联系管理节点(K)重新签发"}
[2026-10-03 12:22:32] ⚠️ 连续失败超限 → 继续但标记告警
[2026-10-03 12:22:43] ❌ beat fail (1023/30): HTTP 403: {"error": "credential rejected", "reason": "credential_revoked", "fix": "检查 X-FSTDD-Token 是否为有效且未吊销的节点凭据；若遗失请联系管理节点(K)重新签发"}
[2026-10-03 12:22:43] ⚠️ 连续失败超限 → 继续但标记告警
[2026-10-03 12:22:50] ❌ beat fail (918/30): HTTP 403: {"error": "credential rejected", "reason": "credential_revoked", "fix": "检查 X-FSTDD-Token 是否为有效且未吊销的节点凭据；若遗失请联系管理节点(K)重新签发"}
[2026-10-03 12:22:50] ⚠️ 连续失败超限 → 继续但标记告警
[2026-10-03 12:22:51] ✅ beat ok: node_id=FSTDD003 last_seen=1791001371.5807538
[2026-10-03 12:23:33] ❌ beat fail (656/30): HTTP 403: {"error": "credential rejected", "reason": "credential_revoked", "fix": "检查 X-FSTDD-Token 是否为有效且未吊销的节点凭据；若遗失请联系管理节点(K)重新签发"}
[2026-10-03 12:23:33] ⚠️ 连续失败超限 → 继续但标记告警
[2026-10-03 12:23:44] ❌ beat fail (1024/30): HTTP 403: {"error": "credential rejected", "reason": "credential_revoked", "fix": "检查 X-FSTDD-Token 是否为有效且未吊销的节点凭据；若遗失请联系管理节点(K)重新签发"}
[2026-10-03 12:23:44] ⚠️ 连续失败超限 → 继续但标记告警
[2026-10-03 12:23:51] ❌ beat fail (919/30): HTTP 403: {"error": "credential rejected", "reason": "credential_revoked", "fix": "检查 X-FSTDD-Token 是否为有效且未吊销的节点凭据；若遗失请联系管理节点(K)重新签发"}
[2026-10-03 12:23:51] ⚠️ 连续失败超限 → 继续但标记告警
[2026-10-03 12:23:53] ✅ beat ok: node_id=FSTDD003 last_seen=1791001432.8527741
[2026-10-03 12:24:34] ❌ beat fail (657/30): HTTP 403: {"error": "credential rejected", "reason": "credential_revoked", "fix": "检查 X-FSTDD-Token 是否为有效且未吊销的节点凭据；若遗失请联系管理节点(K)重新签发"}
[2026-10-03 12:24:34] ⚠️ 连续失败超限 → 继续但标记告警
[2026-10-03 12:24:45] ❌ beat fail (1025/30): HTTP 403: {"error": "credential rejected", "reason": "credential_revoked", "fix": "检查 X-FSTDD-Token 是否为有效且未吊销的节点凭据；若遗失请联系管理节点(K)重新签发"}
[2026-10-03 12:24:45] ⚠️ 连续失败超限 → 继续但标记告警
[2026-10-03 12:24:52] ❌ beat fail (920/30): HTTP 403: {"error": "credential rejected", "reason": "credential_revoked", "fix": "检查 X-FSTDD-Token 是否为有效且未吊销的节点凭据；若遗失请联系管理节点(K)重新签发"}
[2026-10-03 12:24:52] ⚠️ 连续失败超限 → 继续但标记告警
[2026-10-03 12:24:54] ✅ beat ok: node_id=FSTDD003 last_seen=1791001494.1302404
[2026-10-03 12:25:35] ❌ beat fail (658/30): HTTP 403: {"error": "credential rejected", "reason": "credential_revoked", "fix": "检查 X-FSTDD-Token 是否为有效且未吊销的节点凭据；若遗失请联系管理节点(K)重新签发"}
[2026-10-03 12:25:35] ⚠️ 连续失败超限 → 继续但标记告警
[2026-10-03 12:25:46] ❌ beat fail (1026/30): HTTP 403: {"error": "credential rejected", "reason": "credential_revoked", "fix": "检查 X-FSTDD-Token 是否为有效且未吊销的节点凭据；若遗失请联系管理节点(K)重新签发"}
[2026-10-03 12:25:46] ⚠️ 连续失败超限 → 继续但标记告警
[2026-10-03 12:25:53] ❌ beat fail (921/30): HTTP 403: {"error": "credential rejected", "reason": "credential_revoked", "fix": "检查 X-FSTDD-Token 是否为有效且未吊销的节点凭据；若遗失请联系管理节点(K)重新签发"}
[2026-10-03 12:25:53] ⚠️ 连续失败超限 → 继续但标记告警
[2026-10-03 12:25:55] ✅ beat ok: node_id=FSTDD003 last_seen=1791001555.380011
[2026-10-03 12:26:36] ❌ beat fail (659/30): HTTP 403: {"error": "credential rejected", "reason": "credential_revoked", "fix": "检查 X-FSTDD-Token 是否为有效且未吊销的节点凭据；若遗失请联系管理节点(K)重新签发"}
[2026-10-03 12:26:36] ⚠️ 连续失败超限 → 继续但标记告警
[2026-10-03 12:26:48] ❌ beat fail (1027/30): HTTP 403: {"error": "credential rejected", "reason": "credential_revoked", "fix": "检查 X-FSTDD-Token 是否为有效且未吊销的节点凭据；若遗失请联系管理节点(K)重新签发"}
[2026-10-03 12:26:48] ⚠️ 连续失败超限 → 继续但标记告警
[2026-10-03 12:26:54] ❌ beat fail (922/30): HTTP 403: {"error": "credential rejected", "reason": "credential_revoked", "fix": "检查 X-FSTDD-Token 是否为有效且未吊销的节点凭据；若遗失请联系管理节点(K)重新签发"}
[2026-10-03 12:26:54] ⚠️ 连续失败超限 → 继续但标记告警
[2026-10-03 12:26:57] ✅ beat ok: node_id=FSTDD003 last_seen=1791001616.8029191
[2026-10-03 12:27:37] ❌ beat fail (660/30): HTTP 403: {"error": "credential rejected", "reason": "credential_revoked", "fix": "检查 X-FSTDD-Token 是否为有效且未吊销的节点凭据；若遗失请联系管理节点(K)重新签发"}
[2026-10-03 12:27:37] ⚠️ 连续失败超限 → 继续但标记告警
[2026-10-03 12:27:49] ❌ beat fail (1028/30): HTTP 403: {"error": "credential rejected", "reason": "credential_revoked", "fix": "检查 X-FSTDD-Token 是否为有效且未吊销的节点凭据；若遗失请联系管理节点(K)重新签发"}
[2026-10-03 12:27:49] ⚠️ 连续失败超限 → 继续但标记告警
[2026-10-03 12:27:55] ❌ beat fail (923/30): HTTP 403: {"error": "credential rejected", "reason": "credential_revoked", "fix": "检查 X-FSTDD-Token 是否为有效且未吊销的节点凭据；若遗失请联系管理节点(K)重新签发"}
[2026-10-03 12:27:55] ⚠️ 连续失败超限 → 继续但标记告警
[2026-10-03 12:27:58] ✅ beat ok: node_id=FSTDD003 last_seen=1791001678.1675777
[2026-10-03 12:28:38] ❌ beat fail (661/30): HTTP 403: {"error": "credential rejected", "reason": "credential_revoked", "fix": "检查 X-FSTDD-Token 是否为有效且未吊销的节点凭据；若遗失请联系管理节点(K)重新签发"}
[2026-10-03 12:28:38] ⚠️ 连续失败超限 → 继续但标记告警
[2026-10-03 12:28:50] ❌ beat fail (1029/30): HTTP 403: {"error": "credential rejected", "reason": "credential_revoked", "fix": "检查 X-FSTDD-Token 是否为有效且未吊销的节点凭据；若遗失请联系管理节点(K)重新签发"}
[2026-10-03 12:28:50] ⚠️ 连续失败超限 → 继续但标记告警
[2026-10-03 12:28:56] ❌ beat fail (924/30): HTTP 403: {"error": "credential rejected", "reason": "credential_revoked", "fix": "检查 X-FSTDD-Token 是否为有效且未吊销的节点凭据；若遗失请联系管理节点(K)重新签发"}
[2026-10-03 12:28:56] ⚠️ 连续失败超限 → 继续但标记告警
[2026-10-03 12:28:59] ✅ beat ok: node_id=FSTDD003 last_seen=1791001739.411496
[2026-10-03 12:29:39] ❌ beat fail (662/30): HTTP 403: {"error": "credential rejected", "reason": "credential_revoked", "fix": "检查 X-FSTDD-Token 是否为有效且未吊销的节点凭据；若遗失请联系管理节点(K)重新签发"}
[2026-10-03 12:29:39] ⚠️ 连续失败超限 → 继续但标记告警
[2026-10-03 12:29:51] ❌ beat fail (1030/30): HTTP 403: {"error": "credential rejected", "reason": "credential_revoked", "fix": "检查 X-FSTDD-Token 是否为有效且未吊销的节点凭据；若遗失请联系管理节点(K)重新签发"}
[2026-10-03 12:29:51] ⚠️ 连续失败超限 → 继续但标记告警
[2026-10-03 12:29:57] ❌ beat fail (925/30): HTTP 403: {"error": "credential rejected", "reason": "credential_revoked", "fix": "检查 X-FSTDD-Token 是否为有效且未吊销的节点凭据；若遗失请联系管理节点(K)重新签发"}
[2026-10-03 12:29:57] ⚠️ 连续失败超限 → 继续但标记告警
[2026-10-03 12:29:59] ✅ beat ok: node_id=FSTDD003 last_seen=1791001800.2526746
[2026-10-03 12:30:40] ❌ beat fail (663/30): HTTP 403: {"error": "credential rejected", "reason": "credential_revoked", "fix": "检查 X-FSTDD-Token 是否为有效且未吊销的节点凭据；若遗失请联系管理节点(K)重新签发"}
[2026-10-03 12:30:40] ⚠️ 连续失败超限 → 继续但标记告警
[2026-10-03 12:30:53] ❌ beat fail (1031/30): HTTP 403: {"error": "credential rejected", "reason": "credential_revoked", "fix": "检查 X-FSTDD-Token 是否为有效且未吊销的节点凭据；若遗失请联系管理节点(K)重新签发"}
[2026-10-03 12:30:53] ⚠️ 连续失败超限 → 继续但标记告警
[2026-10-03 12:30:58] ❌ beat fail (926/30): HTTP 403: {"error": "credential rejected", "reason": "credential_revoked", "fix": "检查 X-FSTDD-Token 是否为有效且未吊销的节点凭据；若遗失请联系管理节点(K)重新签发"}
[2026-10-03 12:30:58] ⚠️ 连续失败超限 → 继续但标记告警
[2026-10-03 12:31:00] ✅ beat ok: node_id=FSTDD003 last_seen=1791001861.0103302
[2026-10-03 12:31:41] ❌ beat fail (664/30): HTTP 403: {"error": "credential rejected", "reason": "credential_revoked", "fix": "检查 X-FSTDD-Token 是否为有效且未吊销的节点凭据；若遗失请联系管理节点(K)重新签发"}
[2026-10-03 12:31:41] ⚠️ 连续失败超限 → 继续但标记告警
[2026-10-03 12:31:54] ❌ beat fail (1032/30): HTTP 403: {"error": "credential rejected", "reason": "credential_revoked", "fix": "检查 X-FSTDD-Token 是否为有效且未吊销的节点凭据；若遗失请联系管理节点(K)重新签发"}
[2026-10-03 12:31:54] ⚠️ 连续失败超限 → 继续但标记告警
[2026-10-03 12:31:59] ❌ beat fail (927/30): HTTP 403: {"error": "credential rejected", "reason": "credential_revoked", "fix": "检查 X-FSTDD-Token 是否为有效且未吊销的节点凭据；若遗失请联系管理节点(K)重新签发"}
[2026-10-03 12:31:59] ⚠️ 连续失败超限 → 继续但标记告警
[2026-10-03 12:32:02] ✅ beat ok: node_id=FSTDD003 last_seen=1791001921.8702521
[2026-10-03 12:32:42] ❌ beat fail (665/30): HTTP 403: {"error": "credential rejected", "reason": "credential_revoked", "fix": "检查 X-FSTDD-Token 是否为有效且未吊销的节点凭据；若遗失请联系管理节点(K)重新签发"}
[2026-10-03 12:32:42] ⚠️ 连续失败超限 → 继续但标记告警
[2026-10-03 12:32:55] ❌ beat fail (1033/30): HTTP 403: {"error": "credential rejected", "reason": "credential_revoked", "fix": "检查 X-FSTDD-Token 是否为有效且未吊销的节点凭据；若遗失请联系管理节点(K)重新签发"}
[2026-10-03 12:32:55] ⚠️ 连续失败超限 → 继续但标记告警
[2026-10-03 12:33:00] ❌ beat fail (928/30): HTTP 403: {"error": "credential rejected", "reason": "credential_revoked", "fix": "检查 X-FSTDD-Token 是否为有效且未吊销的节点凭据；若遗失请联系管理节点(K)重新签发"}
[2026-10-03 12:33:00] ⚠️ 连续失败超限 → 继续但标记告警
[2026-10-03 12:33:03] ✅ beat ok: node_id=FSTDD003 last_seen=1791001983.1445992
[2026-10-03 12:33:44] ❌ beat fail (666/30): HTTP 403: {"error": "credential rejected", "reason": "credential_revoked", "fix": "检查 X-FSTDD-Token 是否为有效且未吊销的节点凭据；若遗失请联系管理节点(K)重新签发"}
[2026-10-03 12:33:44] ⚠️ 连续失败超限 → 继续但标记告警
[2026-10-03 12:33:56] ❌ beat fail (1034/30): HTTP 403: {"error": "credential rejected", "reason": "credential_revoked", "fix": "检查 X-FSTDD-Token 是否为有效且未吊销的节点凭据；若遗失请联系管理节点(K)重新签发"}
[2026-10-03 12:33:56] ⚠️ 连续失败超限 → 继续但标记告警
[2026-10-03 12:34:01] ❌ beat fail (929/30): HTTP 403: {"error": "credential rejected", "reason": "credential_revoked", "fix": "检查 X-FSTDD-Token 是否为有效且未吊销的节点凭据；若遗失请联系管理节点(K)重新签发"}
[2026-10-03 12:34:01] ⚠️ 连续失败超限 → 继续但标记告警
[2026-10-03 12:34:04] ✅ beat ok: node_id=FSTDD003 last_seen=1791002044.513917
[2026-10-03 12:34:45] ❌ beat fail (667/30): HTTP 403: {"error": "credential rejected", "reason": "credential_revoked", "fix": "检查 X-FSTDD-Token 是否为有效且未吊销的节点凭据；若遗失请联系管理节点(K)重新签发"}
[2026-10-03 12:34:45] ⚠️ 连续失败超限 → 继续但标记告警
[2026-10-03 12:34:57] ❌ beat fail (1035/30): HTTP 403: {"error": "credential rejected", "reason": "credential_revoked", "fix": "检查 X-FSTDD-Token 是否为有效且未吊销的节点凭据；若遗失请联系管理节点(K)重新签发"}
[2026-10-03 12:34:57] ⚠️ 连续失败超限 → 继续但标记告警
[2026-10-03 12:35:02] ❌ beat fail (930/30): HTTP 403: {"error": "credential rejected", "reason": "credential_revoked", "fix": "检查 X-FSTDD-Token 是否为有效且未吊销的节点凭据；若遗失请联系管理节点(K)重新签发"}
[2026-10-03 12:35:02] ⚠️ 连续失败超限 → 继续但标记告警
[2026-10-03 12:35:06] ✅ beat ok: node_id=FSTDD003 last_seen=1791002105.8148518
[2026-10-03 12:35:46] ❌ beat fail (668/30): HTTP 403: {"error": "credential rejected", "reason": "credential_revoked", "fix": "检查 X-FSTDD-Token 是否为有效且未吊销的节点凭据；若遗失请联系管理节点(K)重新签发"}
[2026-10-03 12:35:46] ⚠️ 连续失败超限 → 继续但标记告警
[2026-10-03 12:35:59] ❌ beat fail (1036/30): HTTP 403: {"error": "credential rejected", "reason": "credential_revoked", "fix": "检查 X-FSTDD-Token 是否为有效且未吊销的节点凭据；若遗失请联系管理节点(K)重新签发"}
[2026-10-03 12:35:59] ⚠️ 连续失败超限 → 继续但标记告警
[2026-10-03 12:36:03] ❌ beat fail (931/30): HTTP 403: {"error": "credential rejected", "reason": "credential_revoked", "fix": "检查 X-FSTDD-Token 是否为有效且未吊销的节点凭据；若遗失请联系管理节点(K)重新签发"}
[2026-10-03 12:36:03] ⚠️ 连续失败超限 → 继续但标记告警
[2026-10-03 12:36:07] ✅ beat ok: node_id=FSTDD003 last_seen=1791002167.127998
[2026-10-03 12:36:47] ❌ beat fail (669/30): HTTP 403: {"error": "credential rejected", "reason": "credential_revoked", "fix": "检查 X-FSTDD-Token 是否为有效且未吊销的节点凭据；若遗失请联系管理节点(K)重新签发"}
[2026-10-03 12:36:47] ⚠️ 连续失败超限 → 继续但标记告警
[2026-10-03 12:37:00] ❌ beat fail (1037/30): HTTP 403: {"error": "credential rejected", "reason": "credential_revoked", "fix": "检查 X-FSTDD-Token 是否为有效且未吊销的节点凭据；若遗失请联系管理节点(K)重新签发"}
[2026-10-03 12:37:00] ⚠️ 连续失败超限 → 继续但标记告警
[2026-10-03 12:37:04] ❌ beat fail (932/30): HTTP 403: {"error": "credential rejected", "reason": "credential_revoked", "fix": "检查 X-FSTDD-Token 是否为有效且未吊销的节点凭据；若遗失请联系管理节点(K)重新签发"}
[2026-10-03 12:37:04] ⚠️ 连续失败超限 → 继续但标记告警
[2026-10-03 12:37:08] ✅ beat ok: node_id=FSTDD003 last_seen=1791002228.39652
[2026-10-03 12:37:48] ❌ beat fail (670/30): HTTP 403: {"error": "credential rejected", "reason": "credential_revoked", "fix": "检查 X-FSTDD-Token 是否为有效且未吊销的节点凭据；若遗失请联系管理节点(K)重新签发"}
[2026-10-03 12:37:48] ⚠️ 连续失败超限 → 继续但标记告警
[2026-10-03 12:38:01] ❌ beat fail (1038/30): HTTP 403: {"error": "credential rejected", "reason": "credential_revoked", "fix": "检查 X-FSTDD-Token 是否为有效且未吊销的节点凭据；若遗失请联系管理节点(K)重新签发"}
[2026-10-03 12:38:01] ⚠️ 连续失败超限 → 继续但标记告警
[2026-10-03 12:38:05] ❌ beat fail (933/30): HTTP 403: {"error": "credential rejected", "reason": "credential_revoked", "fix": "检查 X-FSTDD-Token 是否为有效且未吊销的节点凭据；若遗失请联系管理节点(K)重新签发"}
[2026-10-03 12:38:05] ⚠️ 连续失败超限 → 继续但标记告警
[2026-10-03 12:38:08] ✅ beat ok: node_id=FSTDD003 last_seen=1791002289.1496956
[2026-10-03 12:38:49] ❌ beat fail (671/30): HTTP 403: {"error": "credential rejected", "reason": "credential_revoked", "fix": "检查 X-FSTDD-Token 是否为有效且未吊销的节点凭据；若遗失请联系管理节点(K)重新签发"}
[2026-10-03 12:38:49] ⚠️ 连续失败超限 → 继续但标记告警
[2026-10-03 12:39:02] ❌ beat fail (1039/30): HTTP 403: {"error": "credential rejected", "reason": "credential_revoked", "fix": "检查 X-FSTDD-Token 是否为有效且未吊销的节点凭据；若遗失请联系管理节点(K)重新签发"}
[2026-10-03 12:39:02] ⚠️ 连续失败超限 → 继续但标记告警
[2026-10-03 12:39:07] ❌ beat fail (934/30): HTTP 403: {"error": "credential rejected", "reason": "credential_revoked", "fix": "检查 X-FSTDD-Token 是否为有效且未吊销的节点凭据；若遗失请联系管理节点(K)重新签发"}
[2026-10-03 12:39:07] ⚠️ 连续失败超限 → 继续但标记告警
[2026-10-03 12:39:09] ✅ beat ok: node_id=FSTDD003 last_seen=1791002349.9331448
[2026-10-03 12:39:50] ❌ beat fail (672/30): HTTP 403: {"error": "credential rejected", "reason": "credential_revoked", "fix": "检查 X-FSTDD-Token 是否为有效且未吊销的节点凭据；若遗失请联系管理节点(K)重新签发"}
[2026-10-03 12:39:50] ⚠️ 连续失败超限 → 继续但标记告警
[2026-10-03 12:40:03] ❌ beat fail (1040/30): HTTP 403: {"error": "credential rejected", "reason": "credential_revoked", "fix": "检查 X-FSTDD-Token 是否为有效且未吊销的节点凭据；若遗失请联系管理节点(K)重新签发"}
[2026-10-03 12:40:03] ⚠️ 连续失败超限 → 继续但标记告警
[2026-10-03 12:40:07] ❌ beat fail (935/30): HTTP 403: {"error": "credential rejected", "reason": "credential_revoked", "fix": "检查 X-FSTDD-Token 是否为有效且未吊销的节点凭据；若遗失请联系管理节点(K)重新签发"}
[2026-10-03 12:40:07] ⚠️ 连续失败超限 → 继续但标记告警
[2026-10-03 12:40:10] ✅ beat ok: node_id=FSTDD003 last_seen=1791002410.7020185
